WARNING: A terminally deprecated method in sun.misc.Unsafe has been called
WARNING: sun.misc.Unsafe::staticFieldBase has been called by com.google.inject.internal.aop.HiddenClassDefiner (file:/home/muszkin/.m2/wrapper/dists/apache-maven-3.9.11/a2d47e15/lib/guice-5.1.0-classes.jar)
WARNING: Please consider reporting this to the maintainers of class com.google.inject.internal.aop.HiddenClassDefiner
WARNING: sun.misc.Unsafe::staticFieldBase will be removed in a future release
02:38:59.667 [main] INFO click.kivvi.infrastructure.scheduling.HeartbeatJob -- Scheduler heartbeat tick.
02:38:59.679 [main] INFO click.kivvi.infrastructure.tracking.EventDedupCleanupJob -- Event dedup cleanup removed 3 expired row(s).
02:38:59.844 [main] INFO com.tngtech.archunit.core.PluginLoader -- Detected Java version 25.0.4.1
02:39:01.644 [main] INFO org.springframework.test.context.support.AnnotationConfigContextLoaderUtils -- Could not detect default configuration classes for test class [click.kivvi.web.SettingsControllerTest]: SettingsControllerTest does not declare any static, non-private, non-final, nested classes annotated with @Configuration.
02:39:01.775 [main] INFO org.springframework.boot.test.context.SpringBootTestContextBootstrapper -- Found @SpringBootConfiguration click.kivvi.KivviApplication for test class click.kivvi.web.SettingsControllerTest
02:39:01.776 [main] INFO org.springframework.test.context.support.AnnotationConfigContextLoaderUtils -- Could not detect default configuration classes for test class [click.kivvi.web.SettingsControllerTest]: SettingsControllerTest does not declare any static, non-private, non-final, nested classes annotated with @Configuration.
02:39:01.785 [main] INFO org.springframework.boot.test.context.SpringBootTestContextBootstrapper -- Found @SpringBootConfiguration click.kivvi.KivviApplication for test class click.kivvi.web.SettingsControllerTest

  .   ____          _            __ _ _
 /\\ / ___'_ __ _ _(_)_ __  __ _ \ \ \ \
( ( )\___ | '_ | '_| | '_ \/ _` | \ \ \ \
 \\/  ___)| |_)| | | | | || (_| |  ) ) ) )
  '  |____| .__|_| |_|_| |_\__, | / / / /
 =========|_|==============|___/=/_/_/_/

 :: Spring Boot ::                (v4.1.1)

2026-09-09T02:39:02.118Z  INFO 2684641 --- [kivvi-click] [           main] click.kivvi.web.SettingsControllerTest   : Starting SettingsControllerTest using Java 25.0.4.1 with PID 2684641 (started by muszkin in /home/muszkin/work/kivvi-click-wt/w3-settings-r3/backend)
2026-09-09T02:39:02.119Z  INFO 2684641 --- [kivvi-click] [           main] click.kivvi.web.SettingsControllerTest   : No active profile set, falling back to 1 default profile: "default"
2026-09-09T02:39:02.569Z  INFO 2684641 --- [kivvi-click] [           main] o.s.b.w.a.WelcomePageHandlerMapping      : Adding welcome page: class path resource [static/index.html]
2026-09-09T02:39:02.761Z  INFO 2684641 --- [kivvi-click] [           main] o.s.b.t.m.w.SpringBootMockServletContext : Initializing Spring TestDispatcherServlet ''
2026-09-09T02:39:02.762Z  INFO 2684641 --- [kivvi-click] [           main] o.s.t.web.servlet.TestDispatcherServlet  : Initializing Servlet ''
2026-09-09T02:39:02.764Z  INFO 2684641 --- [kivvi-click] [           main] o.s.t.web.servlet.TestDispatcherServlet  : Completed initialization in 2 ms
2026-09-09T02:39:02.787Z  INFO 2684641 --- [kivvi-click] [           main] click.kivvi.web.SettingsControllerTest   : Started SettingsControllerTest in 0.954 seconds (process running for 4.1)
OpenJDK 64-Bit Server VM warning: Sharing is only supported for boot loader classes because bootstrap classpath has been appended
2026-09-09T02:39:03.361Z  INFO 2684641 --- [kivvi-click] [           main] t.c.s.AnnotationConfigContextLoaderUtils : Could not detect default configuration classes for test class [click.kivvi.web.CampaignsControllerTest]: CampaignsControllerTest does not declare any static, non-private, non-final, nested classes annotated with @Configuration.
2026-09-09T02:39:03.367Z  INFO 2684641 --- [kivvi-click] [           main] .b.t.c.SpringBootTestContextBootstrapper : Found @SpringBootConfiguration click.kivvi.KivviApplication for test class click.kivvi.web.CampaignsControllerTest
2026-09-09T02:39:03.368Z  INFO 2684641 --- [kivvi-click] [           main] t.c.s.AnnotationConfigContextLoaderUtils : Could not detect default configuration classes for test class [click.kivvi.web.CampaignsControllerTest]: CampaignsControllerTest does not declare any static, non-private, non-final, nested classes annotated with @Configuration.
2026-09-09T02:39:03.373Z  INFO 2684641 --- [kivvi-click] [           main] .b.t.c.SpringBootTestContextBootstrapper : Found @SpringBootConfiguration click.kivvi.KivviApplication for test class click.kivvi.web.CampaignsControllerTest

  .   ____          _            __ _ _
 /\\ / ___'_ __ _ _(_)_ __  __ _ \ \ \ \
( ( )\___ | '_ | '_| | '_ \/ _` | \ \ \ \
 \\/  ___)| |_)| | | | | || (_| |  ) ) ) )
  '  |____| .__|_| |_|_| |_\__, | / / / /
 =========|_|==============|___/=/_/_/_/

 :: Spring Boot ::                (v4.1.1)

2026-09-09T02:39:03.399Z  INFO 2684641 --- [kivvi-click] [           main] c.kivvi.web.CampaignsControllerTest      : Starting CampaignsControllerTest using Java 25.0.4.1 with PID 2684641 (started by muszkin in /home/muszkin/work/kivvi-click-wt/w3-settings-r3/backend)
2026-09-09T02:39:03.399Z  INFO 2684641 --- [kivvi-click] [           main] c.kivvi.web.CampaignsControllerTest      : No active profile set, falling back to 1 default profile: "default"
2026-09-09T02:39:03.523Z  INFO 2684641 --- [kivvi-click] [           main] o.s.b.w.a.WelcomePageHandlerMapping      : Adding welcome page: class path resource [static/index.html]
2026-09-09T02:39:03.553Z  INFO 2684641 --- [kivvi-click] [           main] o.s.b.t.m.w.SpringBootMockServletContext : Initializing Spring TestDispatcherServlet ''
2026-09-09T02:39:03.554Z  INFO 2684641 --- [kivvi-click] [           main] o.s.t.web.servlet.TestDispatcherServlet  : Initializing Servlet ''
2026-09-09T02:39:03.554Z  INFO 2684641 --- [kivvi-click] [           main] o.s.t.web.servlet.TestDispatcherServlet  : Completed initialization in 0 ms
2026-09-09T02:39:03.559Z  INFO 2684641 --- [kivvi-click] [           main] c.kivvi.web.CampaignsControllerTest      : Started CampaignsControllerTest in 0.182 seconds (process running for 4.872)
2026-09-09T02:39:03.621Z  INFO 2684641 --- [kivvi-click] [           main] .b.t.c.SpringBootTestContextBootstrapper : Found @SpringBootConfiguration click.kivvi.KivviApplication for test class click.kivvi.web.CollectControllerTest
2026-09-09T02:39:03.627Z  INFO 2684641 --- [kivvi-click] [           main] .b.t.c.SpringBootTestContextBootstrapper : Found @SpringBootConfiguration click.kivvi.KivviApplication for test class click.kivvi.web.CollectControllerTest

  .   ____          _            __ _ _
 /\\ / ___'_ __ _ _(_)_ __  __ _ \ \ \ \
( ( )\___ | '_ | '_| | '_ \/ _` | \ \ \ \
 \\/  ___)| |_)| | | | | || (_| |  ) ) ) )
  '  |____| .__|_| |_|_| |_\__, | / / / /
 =========|_|==============|___/=/_/_/_/

 :: Spring Boot ::                (v4.1.1)

2026-09-09T02:39:03.652Z  INFO 2684641 --- [kivvi-click] [           main] click.kivvi.web.CollectControllerTest    : Starting CollectControllerTest using Java 25.0.4.1 with PID 2684641 (started by muszkin in /home/muszkin/work/kivvi-click-wt/w3-settings-r3/backend)
2026-09-09T02:39:03.652Z  INFO 2684641 --- [kivvi-click] [           main] click.kivvi.web.CollectControllerTest    : No active profile set, falling back to 1 default profile: "default"
2026-09-09T02:39:03.795Z  INFO 2684641 --- [kivvi-click] [           main] o.s.b.w.a.WelcomePageHandlerMapping      : Adding welcome page: class path resource [static/index.html]
2026-09-09T02:39:03.815Z  INFO 2684641 --- [kivvi-click] [           main] o.s.b.t.m.w.SpringBootMockServletContext : Initializing Spring TestDispatcherServlet ''
2026-09-09T02:39:03.815Z  INFO 2684641 --- [kivvi-click] [           main] o.s.t.web.servlet.TestDispatcherServlet  : Initializing Servlet ''
2026-09-09T02:39:03.816Z  INFO 2684641 --- [kivvi-click] [           main] o.s.t.web.servlet.TestDispatcherServlet  : Completed initialization in 0 ms
2026-09-09T02:39:03.821Z  INFO 2684641 --- [kivvi-click] [           main] click.kivvi.web.CollectControllerTest    : Started CollectControllerTest in 0.19 seconds (process running for 5.134)
2026-09-09T02:39:03.892Z  INFO 2684641 --- [kivvi-click] [           main] t.c.s.AnnotationConfigContextLoaderUtils : Could not detect default configuration classes for test class [click.kivvi.web.AutomationsControllerTest]: AutomationsControllerTest does not declare any static, non-private, non-final, nested classes annotated with @Configuration.
2026-09-09T02:39:03.898Z  INFO 2684641 --- [kivvi-click] [           main] .b.t.c.SpringBootTestContextBootstrapper : Found @SpringBootConfiguration click.kivvi.KivviApplication for test class click.kivvi.web.AutomationsControllerTest
2026-09-09T02:39:03.899Z  INFO 2684641 --- [kivvi-click] [           main] t.c.s.AnnotationConfigContextLoaderUtils : Could not detect default configuration classes for test class [click.kivvi.web.AutomationsControllerTest]: AutomationsControllerTest does not declare any static, non-private, non-final, nested classes annotated with @Configuration.
2026-09-09T02:39:03.903Z  INFO 2684641 --- [kivvi-click] [           main] .b.t.c.SpringBootTestContextBootstrapper : Found @SpringBootConfiguration click.kivvi.KivviApplication for test class click.kivvi.web.AutomationsControllerTest

  .   ____          _            __ _ _
 /\\ / ___'_ __ _ _(_)_ __  __ _ \ \ \ \
( ( )\___ | '_ | '_| | '_ \/ _` | \ \ \ \
 \\/  ___)| |_)| | | | | || (_| |  ) ) ) )
  '  |____| .__|_| |_|_| |_\__, | / / / /
 =========|_|==============|___/=/_/_/_/

 :: Spring Boot ::                (v4.1.1)

2026-09-09T02:39:03.921Z  INFO 2684641 --- [kivvi-click] [           main] c.kivvi.web.AutomationsControllerTest    : Starting AutomationsControllerTest using Java 25.0.4.1 with PID 2684641 (started by muszkin in /home/muszkin/work/kivvi-click-wt/w3-settings-r3/backend)
2026-09-09T02:39:03.921Z  INFO 2684641 --- [kivvi-click] [           main] c.kivvi.web.AutomationsControllerTest    : No active profile set, falling back to 1 default profile: "default"
2026-09-09T02:39:04.008Z  INFO 2684641 --- [kivvi-click] [           main] o.s.b.w.a.WelcomePageHandlerMapping      : Adding welcome page: class path resource [static/index.html]
2026-09-09T02:39:04.046Z  INFO 2684641 --- [kivvi-click] [           main] o.s.b.t.m.w.SpringBootMockServletContext : Initializing Spring TestDispatcherServlet ''
2026-09-09T02:39:04.047Z  INFO 2684641 --- [kivvi-click] [           main] o.s.t.web.servlet.TestDispatcherServlet  : Initializing Servlet ''
2026-09-09T02:39:04.047Z  INFO 2684641 --- [kivvi-click] [           main] o.s.t.web.servlet.TestDispatcherServlet  : Completed initialization in 0 ms
2026-09-09T02:39:04.050Z  INFO 2684641 --- [kivvi-click] [           main] c.kivvi.web.AutomationsControllerTest    : Started AutomationsControllerTest in 0.144 seconds (process running for 5.363)
2026-09-09T02:39:04.097Z  INFO 2684641 --- [kivvi-click] [           main] t.c.s.AnnotationConfigContextLoaderUtils : Could not detect default configuration classes for test class [click.kivvi.web.FeedsControllerTest]: FeedsControllerTest does not declare any static, non-private, non-final, nested classes annotated with @Configuration.
2026-09-09T02:39:04.101Z  INFO 2684641 --- [kivvi-click] [           main] .b.t.c.SpringBootTestContextBootstrapper : Found @SpringBootConfiguration click.kivvi.KivviApplication for test class click.kivvi.web.FeedsControllerTest
2026-09-09T02:39:04.102Z  INFO 2684641 --- [kivvi-click] [           main] t.c.s.AnnotationConfigContextLoaderUtils : Could not detect default configuration classes for test class [click.kivvi.web.FeedsControllerTest]: FeedsControllerTest does not declare any static, non-private, non-final, nested classes annotated with @Configuration.
2026-09-09T02:39:04.105Z  INFO 2684641 --- [kivvi-click] [           main] .b.t.c.SpringBootTestContextBootstrapper : Found @SpringBootConfiguration click.kivvi.KivviApplication for test class click.kivvi.web.FeedsControllerTest

  .   ____          _            __ _ _
 /\\ / ___'_ __ _ _(_)_ __  __ _ \ \ \ \
( ( )\___ | '_ | '_| | '_ \/ _` | \ \ \ \
 \\/  ___)| |_)| | | | | || (_| |  ) ) ) )
  '  |____| .__|_| |_|_| |_\__, | / / / /
 =========|_|==============|___/=/_/_/_/

 :: Spring Boot ::                (v4.1.1)

2026-09-09T02:39:04.122Z  INFO 2684641 --- [kivvi-click] [           main] click.kivvi.web.FeedsControllerTest      : Starting FeedsControllerTest using Java 25.0.4.1 with PID 2684641 (started by muszkin in /home/muszkin/work/kivvi-click-wt/w3-settings-r3/backend)
2026-09-09T02:39:04.122Z  INFO 2684641 --- [kivvi-click] [           main] click.kivvi.web.FeedsControllerTest      : No active profile set, falling back to 1 default profile: "default"
2026-09-09T02:39:04.195Z  INFO 2684641 --- [kivvi-click] [           main] o.s.b.w.a.WelcomePageHandlerMapping      : Adding welcome page: class path resource [static/index.html]
2026-09-09T02:39:04.218Z  INFO 2684641 --- [kivvi-click] [           main] o.s.b.t.m.w.SpringBootMockServletContext : Initializing Spring TestDispatcherServlet ''
2026-09-09T02:39:04.218Z  INFO 2684641 --- [kivvi-click] [           main] o.s.t.web.servlet.TestDispatcherServlet  : Initializing Servlet ''
2026-09-09T02:39:04.219Z  INFO 2684641 --- [kivvi-click] [           main] o.s.t.web.servlet.TestDispatcherServlet  : Completed initialization in 1 ms
2026-09-09T02:39:04.223Z  INFO 2684641 --- [kivvi-click] [           main] click.kivvi.web.FeedsControllerTest      : Started FeedsControllerTest in 0.116 seconds (process running for 5.536)
2026-09-09T02:39:04.244Z  INFO 2684641 --- [kivvi-click] [           main] t.c.s.AnnotationConfigContextLoaderUtils : Could not detect default configuration classes for test class [click.kivvi.web.LoginControllerTest]: LoginControllerTest does not declare any static, non-private, non-final, nested classes annotated with @Configuration.
2026-09-09T02:39:04.249Z  INFO 2684641 --- [kivvi-click] [           main] .b.t.c.SpringBootTestContextBootstrapper : Found @SpringBootConfiguration click.kivvi.KivviApplication for test class click.kivvi.web.LoginControllerTest
2026-09-09T02:39:04.250Z  INFO 2684641 --- [kivvi-click] [           main] t.c.s.AnnotationConfigContextLoaderUtils : Could not detect default configuration classes for test class [click.kivvi.web.LoginControllerTest]: LoginControllerTest does not declare any static, non-private, non-final, nested classes annotated with @Configuration.
2026-09-09T02:39:04.254Z  INFO 2684641 --- [kivvi-click] [           main] .b.t.c.SpringBootTestContextBootstrapper : Found @SpringBootConfiguration click.kivvi.KivviApplication for test class click.kivvi.web.LoginControllerTest

  .   ____          _            __ _ _
 /\\ / ___'_ __ _ _(_)_ __  __ _ \ \ \ \
( ( )\___ | '_ | '_| | '_ \/ _` | \ \ \ \
 \\/  ___)| |_)| | | | | || (_| |  ) ) ) )
  '  |____| .__|_| |_|_| |_\__, | / / / /
 =========|_|==============|___/=/_/_/_/

 :: Spring Boot ::                (v4.1.1)

2026-09-09T02:39:04.270Z  INFO 2684641 --- [kivvi-click] [           main] click.kivvi.web.LoginControllerTest      : Starting LoginControllerTest using Java 25.0.4.1 with PID 2684641 (started by muszkin in /home/muszkin/work/kivvi-click-wt/w3-settings-r3/backend)
2026-09-09T02:39:04.270Z  INFO 2684641 --- [kivvi-click] [           main] click.kivvi.web.LoginControllerTest      : No active profile set, falling back to 1 default profile: "default"
2026-09-09T02:39:04.351Z  INFO 2684641 --- [kivvi-click] [           main] o.s.b.w.a.WelcomePageHandlerMapping      : Adding welcome page: class path resource [static/index.html]
2026-09-09T02:39:04.370Z  INFO 2684641 --- [kivvi-click] [           main] o.s.b.t.m.w.SpringBootMockServletContext : Initializing Spring TestDispatcherServlet ''
2026-09-09T02:39:04.370Z  INFO 2684641 --- [kivvi-click] [           main] o.s.t.web.servlet.TestDispatcherServlet  : Initializing Servlet ''
2026-09-09T02:39:04.371Z  INFO 2684641 --- [kivvi-click] [           main] o.s.t.web.servlet.TestDispatcherServlet  : Completed initialization in 1 ms
2026-09-09T02:39:04.374Z  INFO 2684641 --- [kivvi-click] [           main] click.kivvi.web.LoginControllerTest      : Started LoginControllerTest in 0.118 seconds (process running for 5.687)
2026-09-09T02:39:04.396Z  INFO 2684641 --- [kivvi-click] [           main] t.c.s.AnnotationConfigContextLoaderUtils : Could not detect default configuration classes for test class [click.kivvi.web.CustomersControllerTest]: CustomersControllerTest does not declare any static, non-private, non-final, nested classes annotated with @Configuration.
2026-09-09T02:39:04.401Z  INFO 2684641 --- [kivvi-click] [           main] .b.t.c.SpringBootTestContextBootstrapper : Found @SpringBootConfiguration click.kivvi.KivviApplication for test class click.kivvi.web.CustomersControllerTest
2026-09-09T02:39:04.401Z  INFO 2684641 --- [kivvi-click] [           main] t.c.s.AnnotationConfigContextLoaderUtils : Could not detect default configuration classes for test class [click.kivvi.web.CustomersControllerTest]: CustomersControllerTest does not declare any static, non-private, non-final, nested classes annotated with @Configuration.
2026-09-09T02:39:04.405Z  INFO 2684641 --- [kivvi-click] [           main] .b.t.c.SpringBootTestContextBootstrapper : Found @SpringBootConfiguration click.kivvi.KivviApplication for test class click.kivvi.web.CustomersControllerTest

  .   ____          _            __ _ _
 /\\ / ___'_ __ _ _(_)_ __  __ _ \ \ \ \
( ( )\___ | '_ | '_| | '_ \/ _` | \ \ \ \
 \\/  ___)| |_)| | | | | || (_| |  ) ) ) )
  '  |____| .__|_| |_|_| |_\__, | / / / /
 =========|_|==============|___/=/_/_/_/

 :: Spring Boot ::                (v4.1.1)

2026-09-09T02:39:04.420Z  INFO 2684641 --- [kivvi-click] [           main] c.kivvi.web.CustomersControllerTest      : Starting CustomersControllerTest using Java 25.0.4.1 with PID 2684641 (started by muszkin in /home/muszkin/work/kivvi-click-wt/w3-settings-r3/backend)
2026-09-09T02:39:04.420Z  INFO 2684641 --- [kivvi-click] [           main] c.kivvi.web.CustomersControllerTest      : No active profile set, falling back to 1 default profile: "default"
2026-09-09T02:39:04.487Z  INFO 2684641 --- [kivvi-click] [           main] o.s.b.w.a.WelcomePageHandlerMapping      : Adding welcome page: class path resource [static/index.html]
2026-09-09T02:39:04.509Z  INFO 2684641 --- [kivvi-click] [           main] o.s.b.t.m.w.SpringBootMockServletContext : Initializing Spring TestDispatcherServlet ''
2026-09-09T02:39:04.509Z  INFO 2684641 --- [kivvi-click] [           main] o.s.t.web.servlet.TestDispatcherServlet  : Initializing Servlet ''
2026-09-09T02:39:04.510Z  INFO 2684641 --- [kivvi-click] [           main] o.s.t.web.servlet.TestDispatcherServlet  : Completed initialization in 0 ms
2026-09-09T02:39:04.514Z  INFO 2684641 --- [kivvi-click] [           main] c.kivvi.web.CustomersControllerTest      : Started CustomersControllerTest in 0.107 seconds (process running for 5.827)
2026-09-09T02:39:04.567Z  INFO 2684641 --- [kivvi-click] [           main] t.c.s.AnnotationConfigContextLoaderUtils : Could not detect default configuration classes for test class [click.kivvi.web.LandingControllerTest]: LandingControllerTest does not declare any static, non-private, non-final, nested classes annotated with @Configuration.
2026-09-09T02:39:04.571Z  INFO 2684641 --- [kivvi-click] [           main] .b.t.c.SpringBootTestContextBootstrapper : Found @SpringBootConfiguration click.kivvi.KivviApplication for test class click.kivvi.web.LandingControllerTest
2026-09-09T02:39:04.571Z  INFO 2684641 --- [kivvi-click] [           main] t.c.s.AnnotationConfigContextLoaderUtils : Could not detect default configuration classes for test class [click.kivvi.web.LandingControllerTest]: LandingControllerTest does not declare any static, non-private, non-final, nested classes annotated with @Configuration.
2026-09-09T02:39:04.575Z  INFO 2684641 --- [kivvi-click] [           main] .b.t.c.SpringBootTestContextBootstrapper : Found @SpringBootConfiguration click.kivvi.KivviApplication for test class click.kivvi.web.LandingControllerTest

  .   ____          _            __ _ _
 /\\ / ___'_ __ _ _(_)_ __  __ _ \ \ \ \
( ( )\___ | '_ | '_| | '_ \/ _` | \ \ \ \
 \\/  ___)| |_)| | | | | || (_| |  ) ) ) )
  '  |____| .__|_| |_|_| |_\__, | / / / /
 =========|_|==============|___/=/_/_/_/

 :: Spring Boot ::                (v4.1.1)

2026-09-09T02:39:04.589Z  INFO 2684641 --- [kivvi-click] [           main] click.kivvi.web.LandingControllerTest    : Starting LandingControllerTest using Java 25.0.4.1 with PID 2684641 (started by muszkin in /home/muszkin/work/kivvi-click-wt/w3-settings-r3/backend)
2026-09-09T02:39:04.589Z  INFO 2684641 --- [kivvi-click] [           main] click.kivvi.web.LandingControllerTest    : No active profile set, falling back to 1 default profile: "default"
2026-09-09T02:39:04.655Z  INFO 2684641 --- [kivvi-click] [           main] o.s.b.w.a.WelcomePageHandlerMapping      : Adding welcome page: class path resource [static/index.html]
2026-09-09T02:39:04.672Z  INFO 2684641 --- [kivvi-click] [           main] o.s.b.t.m.w.SpringBootMockServletContext : Initializing Spring TestDispatcherServlet ''
2026-09-09T02:39:04.672Z  INFO 2684641 --- [kivvi-click] [           main] o.s.t.web.servlet.TestDispatcherServlet  : Initializing Servlet ''
2026-09-09T02:39:04.673Z  INFO 2684641 --- [kivvi-click] [           main] o.s.t.web.servlet.TestDispatcherServlet  : Completed initialization in 1 ms
2026-09-09T02:39:04.675Z  INFO 2684641 --- [kivvi-click] [           main] click.kivvi.web.LandingControllerTest    : Started LandingControllerTest in 0.099 seconds (process running for 5.988)
2026-09-09T02:39:04.700Z  INFO 2684641 --- [kivvi-click] [           main] t.c.s.AnnotationConfigContextLoaderUtils : Could not detect default configuration classes for test class [click.kivvi.web.EventsControllerTest]: EventsControllerTest does not declare any static, non-private, non-final, nested classes annotated with @Configuration.
2026-09-09T02:39:04.704Z  INFO 2684641 --- [kivvi-click] [           main] .b.t.c.SpringBootTestContextBootstrapper : Found @SpringBootConfiguration click.kivvi.KivviApplication for test class click.kivvi.web.EventsControllerTest
2026-09-09T02:39:04.704Z  INFO 2684641 --- [kivvi-click] [           main] t.c.s.AnnotationConfigContextLoaderUtils : Could not detect default configuration classes for test class [click.kivvi.web.EventsControllerTest]: EventsControllerTest does not declare any static, non-private, non-final, nested classes annotated with @Configuration.
2026-09-09T02:39:04.706Z  INFO 2684641 --- [kivvi-click] [           main] .b.t.c.SpringBootTestContextBootstrapper : Found @SpringBootConfiguration click.kivvi.KivviApplication for test class click.kivvi.web.EventsControllerTest

  .   ____          _            __ _ _
 /\\ / ___'_ __ _ _(_)_ __  __ _ \ \ \ \
( ( )\___ | '_ | '_| | '_ \/ _` | \ \ \ \
 \\/  ___)| |_)| | | | | || (_| |  ) ) ) )
  '  |____| .__|_| |_|_| |_\__, | / / / /
 =========|_|==============|___/=/_/_/_/

 :: Spring Boot ::                (v4.1.1)

2026-09-09T02:39:04.718Z  INFO 2684641 --- [kivvi-click] [           main] click.kivvi.web.EventsControllerTest     : Starting EventsControllerTest using Java 25.0.4.1 with PID 2684641 (started by muszkin in /home/muszkin/work/kivvi-click-wt/w3-settings-r3/backend)
2026-09-09T02:39:04.718Z  INFO 2684641 --- [kivvi-click] [           main] click.kivvi.web.EventsControllerTest     : No active profile set, falling back to 1 default profile: "default"
2026-09-09T02:39:04.778Z  INFO 2684641 --- [kivvi-click] [           main] o.s.b.w.a.WelcomePageHandlerMapping      : Adding welcome page: class path resource [static/index.html]
2026-09-09T02:39:04.794Z  INFO 2684641 --- [kivvi-click] [           main] o.s.b.t.m.w.SpringBootMockServletContext : Initializing Spring TestDispatcherServlet ''
2026-09-09T02:39:04.794Z  INFO 2684641 --- [kivvi-click] [           main] o.s.t.web.servlet.TestDispatcherServlet  : Initializing Servlet ''
2026-09-09T02:39:04.795Z  INFO 2684641 --- [kivvi-click] [           main] o.s.t.web.servlet.TestDispatcherServlet  : Completed initialization in 1 ms
2026-09-09T02:39:04.798Z  INFO 2684641 --- [kivvi-click] [           main] click.kivvi.web.EventsControllerTest     : Started EventsControllerTest in 0.09 seconds (process running for 6.111)
2026-09-09T02:39:04.817Z  INFO 2684641 --- [kivvi-click] [           main] t.c.s.AnnotationConfigContextLoaderUtils : Could not detect default configuration classes for test class [click.kivvi.web.SpaDocumentControllerTest]: SpaDocumentControllerTest does not declare any static, non-private, non-final, nested classes annotated with @Configuration.
2026-09-09T02:39:04.820Z  INFO 2684641 --- [kivvi-click] [           main] .b.t.c.SpringBootTestContextBootstrapper : Found @SpringBootConfiguration click.kivvi.KivviApplication for test class click.kivvi.web.SpaDocumentControllerTest
2026-09-09T02:39:04.821Z  INFO 2684641 --- [kivvi-click] [           main] t.c.s.AnnotationConfigContextLoaderUtils : Could not detect default configuration classes for test class [click.kivvi.web.SpaDocumentControllerTest]: SpaDocumentControllerTest does not declare any static, non-private, non-final, nested classes annotated with @Configuration.
2026-09-09T02:39:04.824Z  INFO 2684641 --- [kivvi-click] [           main] .b.t.c.SpringBootTestContextBootstrapper : Found @SpringBootConfiguration click.kivvi.KivviApplication for test class click.kivvi.web.SpaDocumentControllerTest

  .   ____          _            __ _ _
 /\\ / ___'_ __ _ _(_)_ __  __ _ \ \ \ \
( ( )\___ | '_ | '_| | '_ \/ _` | \ \ \ \
 \\/  ___)| |_)| | | | | || (_| |  ) ) ) )
  '  |____| .__|_| |_|_| |_\__, | / / / /
 =========|_|==============|___/=/_/_/_/

 :: Spring Boot ::                (v4.1.1)

2026-09-09T02:39:04.838Z  INFO 2684641 --- [kivvi-click] [           main] c.kivvi.web.SpaDocumentControllerTest    : Starting SpaDocumentControllerTest using Java 25.0.4.1 with PID 2684641 (started by muszkin in /home/muszkin/work/kivvi-click-wt/w3-settings-r3/backend)
2026-09-09T02:39:04.838Z  INFO 2684641 --- [kivvi-click] [           main] c.kivvi.web.SpaDocumentControllerTest    : No active profile set, falling back to 1 default profile: "default"
2026-09-09T02:39:04.890Z  INFO 2684641 --- [kivvi-click] [           main] o.s.b.w.a.WelcomePageHandlerMapping      : Adding welcome page: class path resource [static/index.html]
2026-09-09T02:39:04.907Z  INFO 2684641 --- [kivvi-click] [           main] o.s.b.t.m.w.SpringBootMockServletContext : Initializing Spring TestDispatcherServlet ''
2026-09-09T02:39:04.907Z  INFO 2684641 --- [kivvi-click] [           main] o.s.t.web.servlet.TestDispatcherServlet  : Initializing Servlet ''
2026-09-09T02:39:04.907Z  INFO 2684641 --- [kivvi-click] [           main] o.s.t.web.servlet.TestDispatcherServlet  : Completed initialization in 0 ms
2026-09-09T02:39:04.910Z  INFO 2684641 --- [kivvi-click] [           main] c.kivvi.web.SpaDocumentControllerTest    : Started SpaDocumentControllerTest in 0.083 seconds (process running for 6.223)
2026-09-09T02:39:04.995Z  INFO 2684641 --- [kivvi-click] [           main] t.c.s.AnnotationConfigContextLoaderUtils : Could not detect default configuration classes for test class [click.kivvi.web.PreferencesControllerTest]: PreferencesControllerTest does not declare any static, non-private, non-final, nested classes annotated with @Configuration.
2026-09-09T02:39:04.998Z  INFO 2684641 --- [kivvi-click] [           main] .b.t.c.SpringBootTestContextBootstrapper : Found @SpringBootConfiguration click.kivvi.KivviApplication for test class click.kivvi.web.PreferencesControllerTest
2026-09-09T02:39:04.998Z  INFO 2684641 --- [kivvi-click] [           main] t.c.s.AnnotationConfigContextLoaderUtils : Could not detect default configuration classes for test class [click.kivvi.web.PreferencesControllerTest]: PreferencesControllerTest does not declare any static, non-private, non-final, nested classes annotated with @Configuration.
2026-09-09T02:39:05.000Z  INFO 2684641 --- [kivvi-click] [           main] .b.t.c.SpringBootTestContextBootstrapper : Found @SpringBootConfiguration click.kivvi.KivviApplication for test class click.kivvi.web.PreferencesControllerTest

  .   ____          _            __ _ _
 /\\ / ___'_ __ _ _(_)_ __  __ _ \ \ \ \
( ( )\___ | '_ | '_| | '_ \/ _` | \ \ \ \
 \\/  ___)| |_)| | | | | || (_| |  ) ) ) )
  '  |____| .__|_| |_|_| |_\__, | / / / /
 =========|_|==============|___/=/_/_/_/

 :: Spring Boot ::                (v4.1.1)

2026-09-09T02:39:05.011Z  INFO 2684641 --- [kivvi-click] [           main] c.kivvi.web.PreferencesControllerTest    : Starting PreferencesControllerTest using Java 25.0.4.1 with PID 2684641 (started by muszkin in /home/muszkin/work/kivvi-click-wt/w3-settings-r3/backend)
2026-09-09T02:39:05.012Z  INFO 2684641 --- [kivvi-click] [           main] c.kivvi.web.PreferencesControllerTest    : No active profile set, falling back to 1 default profile: "default"
2026-09-09T02:39:05.073Z  INFO 2684641 --- [kivvi-click] [           main] o.s.b.w.a.WelcomePageHandlerMapping      : Adding welcome page: class path resource [static/index.html]
2026-09-09T02:39:05.083Z  INFO 2684641 --- [kivvi-click] [           main] o.s.b.t.m.w.SpringBootMockServletContext : Initializing Spring TestDispatcherServlet ''
2026-09-09T02:39:05.083Z  INFO 2684641 --- [kivvi-click] [           main] o.s.t.web.servlet.TestDispatcherServlet  : Initializing Servlet ''
2026-09-09T02:39:05.083Z  INFO 2684641 --- [kivvi-click] [           main] o.s.t.web.servlet.TestDispatcherServlet  : Completed initialization in 0 ms
2026-09-09T02:39:05.086Z  INFO 2684641 --- [kivvi-click] [           main] c.kivvi.web.PreferencesControllerTest    : Started PreferencesControllerTest in 0.083 seconds (process running for 6.399)
02:39:06.163 [main] INFO org.testcontainers.images.PullPolicy -- Image pull policy will be performed by: DefaultPullPolicy()
02:39:06.166 [main] INFO org.testcontainers.utility.ImageNameSubstitutor -- Image name substitution will be performed by: DefaultImageNameSubstitutor (composite of 'ConfigurationFileImageNameSubstitutor' and 'PrefixingImageNameSubstitutor')
02:39:06.184 [main] INFO org.testcontainers.DockerClientFactory -- Testcontainers version: 2.0.5
02:39:06.304 [main] INFO org.testcontainers.dockerclient.DockerClientProviderStrategy -- Loaded org.testcontainers.dockerclient.UnixSocketClientProviderStrategy from ~/.testcontainers.properties, will try it first
02:39:06.617 [main] INFO org.testcontainers.dockerclient.DockerClientProviderStrategy -- Found Docker environment with local Unix socket (unix:///var/run/docker.sock)
02:39:06.618 [main] INFO org.testcontainers.DockerClientFactory -- Docker host IP address is localhost
02:39:06.630 [main] INFO org.testcontainers.DockerClientFactory -- Connected to docker: 
  Server Version: 29.8.0
  API Version: 1.56
  Operating System: Ubuntu 24.04.4 LTS
  Total Memory: 128182 MB
02:39:06.662 [main] INFO tc.testcontainers/ryuk:0.14.0 -- Creating container for image: testcontainers/ryuk:0.14.0
02:39:06.667 [main] INFO org.testcontainers.utility.RegistryAuthLocator -- Failure when attempting to lookup auth config. Please ignore if you don't have images in an authenticated registry. Details: (dockerImageName: testcontainers/ryuk:0.14.0, configFile: /home/muszkin/.docker/config.json, configEnv: DOCKER_AUTH_CONFIG). Falling back to docker-java default behaviour. Exception message: Status 404: No config supplied. Checked in order: /home/muszkin/.docker/config.json (file not found), DOCKER_AUTH_CONFIG (not set)
02:39:06.739 [main] INFO tc.testcontainers/ryuk:0.14.0 -- Container testcontainers/ryuk:0.14.0 is starting: b2b3b9d9292b0c4e71a591fe75e196f36a4d5f1397c18fd37e08d3fa1b01c903
02:39:06.986 [main] INFO tc.testcontainers/ryuk:0.14.0 -- Container testcontainers/ryuk:0.14.0 started in PT0.323904791S
02:39:06.989 [main] INFO org.testcontainers.utility.RyukResourceReaper -- Ryuk started - will monitor and terminate Testcontainers containers on JVM exit
02:39:06.990 [main] INFO org.testcontainers.DockerClientFactory -- Checking the system...
02:39:06.990 [main] INFO org.testcontainers.DockerClientFactory -- ✔︎ Docker server version should be at least 1.6.0
02:39:06.990 [main] INFO tc.postgres:18-alpine -- Creating container for image: postgres:18-alpine
02:39:07.007 [main] INFO tc.postgres:18-alpine -- Container postgres:18-alpine is starting: cb42f8362eb1e5b632f8f4ff1d80b298502b3c1988d9550b16282f0a55c85762
02:39:08.357 [main] INFO tc.postgres:18-alpine -- Container postgres:18-alpine started in PT1.366661215S
02:39:08.357 [main] INFO tc.postgres:18-alpine -- Container is started (JDBC URL: jdbc:postgresql://localhost:34013/test?loggerLevel=OFF)
02:39:08.434 [main] INFO org.springframework.test.context.support.AnnotationConfigContextLoaderUtils -- Could not detect default configuration classes for test class [click.kivvi.CampaignsApiIT]: CampaignsApiIT does not declare any static, non-private, non-final, nested classes annotated with @Configuration.
02:39:08.521 [main] INFO org.springframework.boot.test.context.SpringBootTestContextBootstrapper -- Found @SpringBootConfiguration click.kivvi.KivviApplication for test class click.kivvi.CampaignsApiIT
02:39:08.566 [main] INFO org.springframework.test.context.support.AnnotationConfigContextLoaderUtils -- Could not detect default configuration classes for test class [click.kivvi.CampaignsApiIT]: CampaignsApiIT does not declare any static, non-private, non-final, nested classes annotated with @Configuration.
02:39:08.570 [main] INFO org.springframework.boot.test.context.SpringBootTestContextBootstrapper -- Found @SpringBootConfiguration click.kivvi.KivviApplication for test class click.kivvi.CampaignsApiIT

  .   ____          _            __ _ _
 /\\ / ___'_ __ _ _(_)_ __  __ _ \ \ \ \
( ( )\___ | '_ | '_| | '_ \/ _` | \ \ \ \
 \\/  ___)| |_)| | | | | || (_| |  ) ) ) )
  '  |____| .__|_| |_|_| |_\__, | / / / /
 =========|_|==============|___/=/_/_/_/

 :: Spring Boot ::                (v4.1.1)

2026-09-09T02:39:08.805Z  INFO 2685267 --- [kivvi-click] [           main] click.kivvi.CampaignsApiIT               : Starting CampaignsApiIT using Java 25.0.4.1 with PID 2685267 (started by muszkin in /home/muszkin/work/kivvi-click-wt/w3-settings-r3/backend)
2026-09-09T02:39:08.806Z  INFO 2685267 --- [kivvi-click] [           main] click.kivvi.CampaignsApiIT               : No active profile set, falling back to 1 default profile: "default"
2026-09-09T02:39:09.890Z  INFO 2685267 --- [kivvi-click] [           main] o.s.boot.tomcat.TomcatWebServer          : Tomcat initialized with port 0 (http)
2026-09-09T02:39:09.902Z  INFO 2685267 --- [kivvi-click] [           main] o.apache.catalina.core.StandardService   : Starting service [Tomcat]
2026-09-09T02:39:09.902Z  INFO 2685267 --- [kivvi-click] [           main] o.apache.catalina.core.StandardEngine    : Starting Servlet engine: [Apache Tomcat/11.0.24]
2026-09-09T02:39:09.928Z  INFO 2685267 --- [kivvi-click] [           main] b.w.c.s.WebApplicationContextInitializer : Root WebApplicationContext: initialization completed in 1106 ms
2026-09-09T02:39:10.360Z  INFO 2685267 --- [kivvi-click] [           main] org.flywaydb.core.FlywayExecutor         : Database: jdbc:postgresql://localhost:34013/test?loggerLevel=OFF (PostgreSQL 18.6)
2026-09-09T02:39:10.401Z  INFO 2685267 --- [kivvi-click] [           main] o.f.c.i.s.JdbcTableSchemaHistory         : Schema history table "public"."flyway_schema_history" does not exist yet
2026-09-09T02:39:10.404Z  INFO 2685267 --- [kivvi-click] [           main] o.f.core.internal.command.DbValidate     : Successfully validated 1 migration (execution time 00:00.011s)
2026-09-09T02:39:10.415Z  INFO 2685267 --- [kivvi-click] [           main] o.f.c.i.s.JdbcTableSchemaHistory         : Creating Schema History table "public"."flyway_schema_history" ...
2026-09-09T02:39:10.454Z  INFO 2685267 --- [kivvi-click] [           main] o.f.core.internal.command.DbMigrate      : Current version of schema "public": << Empty Schema >>
2026-09-09T02:39:10.462Z  INFO 2685267 --- [kivvi-click] [           main] o.f.core.internal.command.DbMigrate      : Migrating schema "public" to version "1 - baseline"
2026-09-09T02:39:10.493Z  INFO 2685267 --- [kivvi-click] [           main] o.f.core.internal.command.DbMigrate      : Successfully applied 1 migration to schema "public", now at version v1 (execution time 00:00.018s)
2026-09-09T02:39:10.650Z  INFO 2685267 --- [kivvi-click] [           main] o.s.b.w.a.WelcomePageHandlerMapping      : Adding welcome page: class path resource [static/index.html]
2026-09-09T02:39:11.019Z  INFO 2685267 --- [kivvi-click] [           main] com.zaxxer.hikari.HikariDataSource       : HikariPool-1 - Starting...
2026-09-09T02:39:11.035Z  INFO 2685267 --- [kivvi-click] [           main] com.zaxxer.hikari.pool.HikariPool        : HikariPool-1 - Added connection org.postgresql.jdbc.PgConnection@8dd0c70
2026-09-09T02:39:11.036Z  INFO 2685267 --- [kivvi-click] [           main] com.zaxxer.hikari.HikariDataSource       : HikariPool-1 - Start completed.
2026-09-09T02:39:11.068Z  INFO 2685267 --- [kivvi-click] [           main] o.s.b.a.e.web.EndpointLinksResolver      : Exposing 1 endpoint beneath base path '/actuator'
2026-09-09T02:39:11.108Z  INFO 2685267 --- [kivvi-click] [           main] o.s.boot.tomcat.TomcatWebServer          : Tomcat started on port 33541 (http) with context path '/'
2026-09-09T02:39:11.123Z  INFO 2685267 --- [kivvi-click] [           main] click.kivvi.CampaignsApiIT               : Started CampaignsApiIT in 2.516 seconds (process running for 5.591)
2026-09-09T02:39:11.137Z  INFO 2685267 --- [kivvi-click] [eat-scheduler-1] c.k.i.scheduling.HeartbeatJob            : Scheduler heartbeat tick.
2026-09-09T02:39:11.148Z  INFO 2685267 --- [kivvi-click] [eat-scheduler-1] c.k.i.tracking.EventDedupCleanupJob      : Event dedup cleanup removed 0 expired row(s).
OpenJDK 64-Bit Server VM warning: Sharing is only supported for boot loader classes because bootstrap classpath has been appended
2026-09-09T02:39:11.649Z  INFO 2685267 --- [kivvi-click] [o-auto-1-exec-1] o.a.c.c.C.[Tomcat].[localhost].[/]       : Initializing Spring DispatcherServlet 'dispatcherServlet'
2026-09-09T02:39:11.649Z  INFO 2685267 --- [kivvi-click] [o-auto-1-exec-1] o.s.web.servlet.DispatcherServlet        : Initializing Servlet 'dispatcherServlet'
2026-09-09T02:39:11.650Z  INFO 2685267 --- [kivvi-click] [o-auto-1-exec-1] o.s.web.servlet.DispatcherServlet        : Completed initialization in 1 ms
2026-09-09T02:39:12.044Z  INFO 2685267 --- [kivvi-click] [           main] tc.postgres:18-alpine                    : Creating container for image: postgres:18-alpine
2026-09-09T02:39:12.058Z  INFO 2685267 --- [kivvi-click] [           main] tc.postgres:18-alpine                    : Container postgres:18-alpine is starting: 817b468aff90168dc4e955777293a493428eac73361deec959e337f1f2667de4
2026-09-09T02:39:13.394Z  INFO 2685267 --- [kivvi-click] [           main] tc.postgres:18-alpine                    : Container postgres:18-alpine started in PT1.349895295S
2026-09-09T02:39:13.395Z  INFO 2685267 --- [kivvi-click] [           main] tc.postgres:18-alpine                    : Container is started (JDBC URL: jdbc:postgresql://localhost:34014/test?loggerLevel=OFF)
2026-09-09T02:39:13.397Z  INFO 2685267 --- [kivvi-click] [           main] t.c.s.AnnotationConfigContextLoaderUtils : Could not detect default configuration classes for test class [click.kivvi.infrastructure.scheduling.HeartbeatSchedulerIT]: HeartbeatSchedulerIT does not declare any static, non-private, non-final, nested classes annotated with @Configuration.
2026-09-09T02:39:13.407Z  INFO 2685267 --- [kivvi-click] [           main] .b.t.c.SpringBootTestContextBootstrapper : Found @SpringBootConfiguration click.kivvi.KivviApplication for test class click.kivvi.infrastructure.scheduling.HeartbeatSchedulerIT

  .   ____          _            __ _ _
 /\\ / ___'_ __ _ _(_)_ __  __ _ \ \ \ \
( ( )\___ | '_ | '_| | '_ \/ _` | \ \ \ \
 \\/  ___)| |_)| | | | | || (_| |  ) ) ) )
  '  |____| .__|_| |_|_| |_\__, | / / / /
 =========|_|==============|___/=/_/_/_/

 :: Spring Boot ::                (v4.1.1)

2026-09-09T02:39:13.427Z  INFO 2685267 --- [kivvi-click] [           main] c.k.i.scheduling.HeartbeatSchedulerIT    : Starting HeartbeatSchedulerIT using Java 25.0.4.1 with PID 2685267 (started by muszkin in /home/muszkin/work/kivvi-click-wt/w3-settings-r3/backend)
2026-09-09T02:39:13.427Z  INFO 2685267 --- [kivvi-click] [           main] c.k.i.scheduling.HeartbeatSchedulerIT    : No active profile set, falling back to 1 default profile: "default"
2026-09-09T02:39:13.649Z  INFO 2685267 --- [kivvi-click] [           main] o.s.boot.tomcat.TomcatWebServer          : Tomcat initialized with port 0 (http)
2026-09-09T02:39:13.650Z  INFO 2685267 --- [kivvi-click] [           main] o.apache.catalina.core.StandardService   : Starting service [Tomcat]
2026-09-09T02:39:13.651Z  INFO 2685267 --- [kivvi-click] [           main] o.apache.catalina.core.StandardEngine    : Starting Servlet engine: [Apache Tomcat/11.0.24]
2026-09-09T02:39:13.660Z  INFO 2685267 --- [kivvi-click] [           main] b.w.c.s.WebApplicationContextInitializer : Root WebApplicationContext: initialization completed in 232 ms
2026-09-09T02:39:13.765Z  INFO 2685267 --- [kivvi-click] [           main] org.flywaydb.core.FlywayExecutor         : Database: jdbc:postgresql://localhost:34014/test?loggerLevel=OFF (PostgreSQL 18.6)
2026-09-09T02:39:13.781Z  INFO 2685267 --- [kivvi-click] [           main] o.f.c.i.s.JdbcTableSchemaHistory         : Schema history table "public"."flyway_schema_history" does not exist yet
2026-09-09T02:39:13.782Z  INFO 2685267 --- [kivvi-click] [           main] o.f.core.internal.command.DbValidate     : Successfully validated 1 migration (execution time 00:00.003s)
2026-09-09T02:39:13.790Z  INFO 2685267 --- [kivvi-click] [           main] o.f.c.i.s.JdbcTableSchemaHistory         : Creating Schema History table "public"."flyway_schema_history" ...
2026-09-09T02:39:13.816Z  INFO 2685267 --- [kivvi-click] [           main] o.f.core.internal.command.DbMigrate      : Current version of schema "public": << Empty Schema >>
2026-09-09T02:39:13.820Z  INFO 2685267 --- [kivvi-click] [           main] o.f.core.internal.command.DbMigrate      : Migrating schema "public" to version "1 - baseline"
2026-09-09T02:39:13.842Z  INFO 2685267 --- [kivvi-click] [           main] o.f.core.internal.command.DbMigrate      : Successfully applied 1 migration to schema "public", now at version v1 (execution time 00:00.018s)
2026-09-09T02:39:13.882Z  INFO 2685267 --- [kivvi-click] [           main] o.s.b.w.a.WelcomePageHandlerMapping      : Adding welcome page: class path resource [static/index.html]
2026-09-09T02:39:13.957Z  INFO 2685267 --- [kivvi-click] [           main] com.zaxxer.hikari.HikariDataSource       : HikariPool-2 - Starting...
2026-09-09T02:39:13.965Z  INFO 2685267 --- [kivvi-click] [           main] com.zaxxer.hikari.pool.HikariPool        : HikariPool-2 - Added connection org.postgresql.jdbc.PgConnection@7a213820
2026-09-09T02:39:13.965Z  INFO 2685267 --- [kivvi-click] [           main] com.zaxxer.hikari.HikariDataSource       : HikariPool-2 - Start completed.
2026-09-09T02:39:13.970Z  INFO 2685267 --- [kivvi-click] [           main] o.s.b.a.e.web.EndpointLinksResolver      : Exposing 1 endpoint beneath base path '/actuator'
2026-09-09T02:39:13.980Z  INFO 2685267 --- [kivvi-click] [           main] o.s.boot.tomcat.TomcatWebServer          : Tomcat started on port 38457 (http) with context path '/'
2026-09-09T02:39:13.987Z  INFO 2685267 --- [kivvi-click] [           main] c.k.i.scheduling.HeartbeatSchedulerIT    : Started HeartbeatSchedulerIT in 0.576 seconds (process running for 8.456)
2026-09-09T02:39:13.989Z  INFO 2685267 --- [kivvi-click] [eat-scheduler-1] c.k.i.scheduling.HeartbeatJob            : Scheduler heartbeat tick.
2026-09-09T02:39:13.993Z  INFO 2685267 --- [kivvi-click] [eat-scheduler-1] c.k.i.tracking.EventDedupCleanupJob      : Event dedup cleanup removed 0 expired row(s).
2026-09-09T02:39:14.292Z  INFO 2685267 --- [kivvi-click] [           main] tc.postgres:18-alpine                    : Creating container for image: postgres:18-alpine
2026-09-09T02:39:14.308Z  INFO 2685267 --- [kivvi-click] [           main] tc.postgres:18-alpine                    : Container postgres:18-alpine is starting: 171d59b48882349bd07e5ebbc7b28c3c57da67d416bb3cbd25d3848b9246d6f4
2026-09-09T02:39:15.650Z  INFO 2685267 --- [kivvi-click] [           main] tc.postgres:18-alpine                    : Container postgres:18-alpine started in PT1.358024034S
2026-09-09T02:39:15.650Z  INFO 2685267 --- [kivvi-click] [           main] tc.postgres:18-alpine                    : Container is started (JDBC URL: jdbc:postgresql://localhost:34015/test?loggerLevel=OFF)
2026-09-09T02:39:15.651Z  INFO 2685267 --- [kivvi-click] [           main] t.c.s.AnnotationConfigContextLoaderUtils : Could not detect default configuration classes for test class [click.kivvi.infrastructure.tracking.EventDedupStoreIT]: EventDedupStoreIT does not declare any static, non-private, non-final, nested classes annotated with @Configuration.
2026-09-09T02:39:15.663Z  INFO 2685267 --- [kivvi-click] [           main] .b.t.c.SpringBootTestContextBootstrapper : Found @SpringBootConfiguration click.kivvi.KivviApplication for test class click.kivvi.infrastructure.tracking.EventDedupStoreIT
2026-09-09T02:39:15.664Z  INFO 2685267 --- [kivvi-click] [           main] t.c.s.AnnotationConfigContextLoaderUtils : Could not detect default configuration classes for test class [click.kivvi.infrastructure.tracking.EventDedupStoreIT]: EventDedupStoreIT does not declare any static, non-private, non-final, nested classes annotated with @Configuration.
2026-09-09T02:39:15.666Z  INFO 2685267 --- [kivvi-click] [           main] .b.t.c.SpringBootTestContextBootstrapper : Found @SpringBootConfiguration click.kivvi.KivviApplication for test class click.kivvi.infrastructure.tracking.EventDedupStoreIT

  .   ____          _            __ _ _
 /\\ / ___'_ __ _ _(_)_ __  __ _ \ \ \ \
( ( )\___ | '_ | '_| | '_ \/ _` | \ \ \ \
 \\/  ___)| |_)| | | | | || (_| |  ) ) ) )
  '  |____| .__|_| |_|_| |_\__, | / / / /
 =========|_|==============|___/=/_/_/_/

 :: Spring Boot ::                (v4.1.1)

2026-09-09T02:39:15.683Z  INFO 2685267 --- [kivvi-click] [           main] c.k.i.tracking.EventDedupStoreIT         : Starting EventDedupStoreIT using Java 25.0.4.1 with PID 2685267 (started by muszkin in /home/muszkin/work/kivvi-click-wt/w3-settings-r3/backend)
2026-09-09T02:39:15.683Z  INFO 2685267 --- [kivvi-click] [           main] c.k.i.tracking.EventDedupStoreIT         : No active profile set, falling back to 1 default profile: "default"
2026-09-09T02:39:15.899Z  INFO 2685267 --- [kivvi-click] [           main] org.flywaydb.core.FlywayExecutor         : Database: jdbc:postgresql://localhost:34015/test?loggerLevel=OFF (PostgreSQL 18.6)
2026-09-09T02:39:15.910Z  INFO 2685267 --- [kivvi-click] [           main] o.f.c.i.s.JdbcTableSchemaHistory         : Schema history table "public"."flyway_schema_history" does not exist yet
2026-09-09T02:39:15.911Z  INFO 2685267 --- [kivvi-click] [           main] o.f.core.internal.command.DbValidate     : Successfully validated 1 migration (execution time 00:00.003s)
2026-09-09T02:39:15.919Z  INFO 2685267 --- [kivvi-click] [           main] o.f.c.i.s.JdbcTableSchemaHistory         : Creating Schema History table "public"."flyway_schema_history" ...
2026-09-09T02:39:15.940Z  INFO 2685267 --- [kivvi-click] [           main] o.f.core.internal.command.DbMigrate      : Current version of schema "public": << Empty Schema >>
2026-09-09T02:39:15.944Z  INFO 2685267 --- [kivvi-click] [           main] o.f.core.internal.command.DbMigrate      : Migrating schema "public" to version "1 - baseline"
2026-09-09T02:39:15.962Z  INFO 2685267 --- [kivvi-click] [           main] o.f.core.internal.command.DbMigrate      : Successfully applied 1 migration to schema "public", now at version v1 (execution time 00:00.015s)
2026-09-09T02:39:15.992Z  INFO 2685267 --- [kivvi-click] [           main] o.s.b.w.a.WelcomePageHandlerMapping      : Adding welcome page: class path resource [static/index.html]
2026-09-09T02:39:16.058Z  INFO 2685267 --- [kivvi-click] [           main] com.zaxxer.hikari.HikariDataSource       : HikariPool-3 - Starting...
2026-09-09T02:39:16.065Z  INFO 2685267 --- [kivvi-click] [           main] com.zaxxer.hikari.pool.HikariPool        : HikariPool-3 - Added connection org.postgresql.jdbc.PgConnection@72dc9f9d
2026-09-09T02:39:16.065Z  INFO 2685267 --- [kivvi-click] [           main] com.zaxxer.hikari.HikariDataSource       : HikariPool-3 - Start completed.
2026-09-09T02:39:16.076Z  INFO 2685267 --- [kivvi-click] [           main] o.s.b.a.e.web.EndpointLinksResolver      : Exposing 1 endpoint beneath base path '/actuator'
2026-09-09T02:39:16.089Z  INFO 2685267 --- [kivvi-click] [           main] c.k.i.tracking.EventDedupStoreIT         : Started EventDedupStoreIT in 0.419 seconds (process running for 10.558)
2026-09-09T02:39:16.091Z  INFO 2685267 --- [kivvi-click] [eat-scheduler-1] c.k.i.scheduling.HeartbeatJob            : Scheduler heartbeat tick.
2026-09-09T02:39:16.094Z  INFO 2685267 --- [kivvi-click] [eat-scheduler-1] c.k.i.tracking.EventDedupCleanupJob      : Event dedup cleanup removed 0 expired row(s).
2026-09-09T02:39:16.288Z  INFO 2685267 --- [kivvi-click] [           main] tc.postgres:18-alpine                    : Creating container for image: postgres:18-alpine
2026-09-09T02:39:16.307Z  INFO 2685267 --- [kivvi-click] [           main] tc.postgres:18-alpine                    : Container postgres:18-alpine is starting: bf3f44ba9c10461546265fce36c5b3a24afc72a4f99218ec63262807b51be14d
2026-09-09T02:39:17.638Z  INFO 2685267 --- [kivvi-click] [           main] tc.postgres:18-alpine                    : Container postgres:18-alpine started in PT1.350120519S
2026-09-09T02:39:17.639Z  INFO 2685267 --- [kivvi-click] [           main] tc.postgres:18-alpine                    : Container is started (JDBC URL: jdbc:postgresql://localhost:34016/test?loggerLevel=OFF)
2026-09-09T02:39:17.640Z  INFO 2685267 --- [kivvi-click] [           main] t.c.s.AnnotationConfigContextLoaderUtils : Could not detect default configuration classes for test class [click.kivvi.LandingApiIT]: LandingApiIT does not declare any static, non-private, non-final, nested classes annotated with @Configuration.
2026-09-09T02:39:17.642Z  INFO 2685267 --- [kivvi-click] [           main] .b.t.c.SpringBootTestContextBootstrapper : Found @SpringBootConfiguration click.kivvi.KivviApplication for test class click.kivvi.LandingApiIT
2026-09-09T02:39:17.642Z  INFO 2685267 --- [kivvi-click] [           main] t.c.s.AnnotationConfigContextLoaderUtils : Could not detect default configuration classes for test class [click.kivvi.LandingApiIT]: LandingApiIT does not declare any static, non-private, non-final, nested classes annotated with @Configuration.
2026-09-09T02:39:17.644Z  INFO 2685267 --- [kivvi-click] [           main] .b.t.c.SpringBootTestContextBootstrapper : Found @SpringBootConfiguration click.kivvi.KivviApplication for test class click.kivvi.LandingApiIT

  .   ____          _            __ _ _
 /\\ / ___'_ __ _ _(_)_ __  __ _ \ \ \ \
( ( )\___ | '_ | '_| | '_ \/ _` | \ \ \ \
 \\/  ___)| |_)| | | | | || (_| |  ) ) ) )
  '  |____| .__|_| |_|_| |_\__, | / / / /
 =========|_|==============|___/=/_/_/_/

 :: Spring Boot ::                (v4.1.1)

2026-09-09T02:39:17.657Z  INFO 2685267 --- [kivvi-click] [           main] click.kivvi.LandingApiIT                 : Starting LandingApiIT using Java 25.0.4.1 with PID 2685267 (started by muszkin in /home/muszkin/work/kivvi-click-wt/w3-settings-r3/backend)
2026-09-09T02:39:17.657Z  INFO 2685267 --- [kivvi-click] [           main] click.kivvi.LandingApiIT                 : No active profile set, falling back to 1 default profile: "default"
2026-09-09T02:39:17.798Z  INFO 2685267 --- [kivvi-click] [           main] o.s.boot.tomcat.TomcatWebServer          : Tomcat initialized with port 0 (http)
2026-09-09T02:39:17.799Z  INFO 2685267 --- [kivvi-click] [           main] o.apache.catalina.core.StandardService   : Starting service [Tomcat]
2026-09-09T02:39:17.799Z  INFO 2685267 --- [kivvi-click] [           main] o.apache.catalina.core.StandardEngine    : Starting Servlet engine: [Apache Tomcat/11.0.24]
2026-09-09T02:39:17.806Z  INFO 2685267 --- [kivvi-click] [           main] b.w.c.s.WebApplicationContextInitializer : Root WebApplicationContext: initialization completed in 149 ms
2026-09-09T02:39:17.876Z  INFO 2685267 --- [kivvi-click] [           main] org.flywaydb.core.FlywayExecutor         : Database: jdbc:postgresql://localhost:34016/test?loggerLevel=OFF (PostgreSQL 18.6)
2026-09-09T02:39:17.887Z  INFO 2685267 --- [kivvi-click] [           main] o.f.c.i.s.JdbcTableSchemaHistory         : Schema history table "public"."flyway_schema_history" does not exist yet
2026-09-09T02:39:17.887Z  INFO 2685267 --- [kivvi-click] [           main] o.f.core.internal.command.DbValidate     : Successfully validated 1 migration (execution time 00:00.002s)
2026-09-09T02:39:17.893Z  INFO 2685267 --- [kivvi-click] [           main] o.f.c.i.s.JdbcTableSchemaHistory         : Creating Schema History table "public"."flyway_schema_history" ...
2026-09-09T02:39:17.912Z  INFO 2685267 --- [kivvi-click] [           main] o.f.core.internal.command.DbMigrate      : Current version of schema "public": << Empty Schema >>
2026-09-09T02:39:17.915Z  INFO 2685267 --- [kivvi-click] [           main] o.f.core.internal.command.DbMigrate      : Migrating schema "public" to version "1 - baseline"
2026-09-09T02:39:17.932Z  INFO 2685267 --- [kivvi-click] [           main] o.f.core.internal.command.DbMigrate      : Successfully applied 1 migration to schema "public", now at version v1 (execution time 00:00.014s)
2026-09-09T02:39:17.960Z  INFO 2685267 --- [kivvi-click] [           main] o.s.b.w.a.WelcomePageHandlerMapping      : Adding welcome page: class path resource [static/index.html]
2026-09-09T02:39:18.011Z  INFO 2685267 --- [kivvi-click] [           main] com.zaxxer.hikari.HikariDataSource       : HikariPool-4 - Starting...
2026-09-09T02:39:18.017Z  INFO 2685267 --- [kivvi-click] [           main] com.zaxxer.hikari.pool.HikariPool        : HikariPool-4 - Added connection org.postgresql.jdbc.PgConnection@53ed864c
2026-09-09T02:39:18.017Z  INFO 2685267 --- [kivvi-click] [           main] com.zaxxer.hikari.HikariDataSource       : HikariPool-4 - Start completed.
2026-09-09T02:39:18.022Z  INFO 2685267 --- [kivvi-click] [           main] o.s.b.a.e.web.EndpointLinksResolver      : Exposing 1 endpoint beneath base path '/actuator'
2026-09-09T02:39:18.031Z  INFO 2685267 --- [kivvi-click] [           main] o.s.boot.tomcat.TomcatWebServer          : Tomcat started on port 41109 (http) with context path '/'
2026-09-09T02:39:18.036Z  INFO 2685267 --- [kivvi-click] [           main] click.kivvi.LandingApiIT                 : Started LandingApiIT in 0.39 seconds (process running for 12.505)
2026-09-09T02:39:18.038Z  INFO 2685267 --- [kivvi-click] [eat-scheduler-1] c.k.i.scheduling.HeartbeatJob            : Scheduler heartbeat tick.
2026-09-09T02:39:18.042Z  INFO 2685267 --- [kivvi-click] [eat-scheduler-1] c.k.i.tracking.EventDedupCleanupJob      : Event dedup cleanup removed 0 expired row(s).
2026-09-09T02:39:18.045Z  INFO 2685267 --- [kivvi-click] [o-auto-3-exec-1] o.a.c.c.C.[Tomcat-2].[localhost].[/]     : Initializing Spring DispatcherServlet 'dispatcherServlet'
2026-09-09T02:39:18.045Z  INFO 2685267 --- [kivvi-click] [o-auto-3-exec-1] o.s.web.servlet.DispatcherServlet        : Initializing Servlet 'dispatcherServlet'
2026-09-09T02:39:18.047Z  INFO 2685267 --- [kivvi-click] [o-auto-3-exec-1] o.s.web.servlet.DispatcherServlet        : Completed initialization in 2 ms
2026-09-09T02:39:18.260Z  INFO 2685267 --- [kivvi-click] [           main] tc.postgres:18-alpine                    : Creating container for image: postgres:18-alpine
2026-09-09T02:39:18.279Z  INFO 2685267 --- [kivvi-click] [           main] tc.postgres:18-alpine                    : Container postgres:18-alpine is starting: c8a042b1ca922edb51356c34558864df4a4d76d9c961c37ab33436ce052b8d8c
2026-09-09T02:39:19.587Z  INFO 2685267 --- [kivvi-click] [           main] tc.postgres:18-alpine                    : Container postgres:18-alpine started in PT1.32678289S
2026-09-09T02:39:19.587Z  INFO 2685267 --- [kivvi-click] [           main] tc.postgres:18-alpine                    : Container is started (JDBC URL: jdbc:postgresql://localhost:34017/test?loggerLevel=OFF)
2026-09-09T02:39:19.588Z  INFO 2685267 --- [kivvi-click] [           main] t.c.s.AnnotationConfigContextLoaderUtils : Could not detect default configuration classes for test class [click.kivvi.SettingsApiIT]: SettingsApiIT does not declare any static, non-private, non-final, nested classes annotated with @Configuration.
2026-09-09T02:39:19.591Z  INFO 2685267 --- [kivvi-click] [           main] .b.t.c.SpringBootTestContextBootstrapper : Found @SpringBootConfiguration click.kivvi.KivviApplication for test class click.kivvi.SettingsApiIT
2026-09-09T02:39:19.591Z  INFO 2685267 --- [kivvi-click] [           main] t.c.s.AnnotationConfigContextLoaderUtils : Could not detect default configuration classes for test class [click.kivvi.SettingsApiIT]: SettingsApiIT does not declare any static, non-private, non-final, nested classes annotated with @Configuration.
2026-09-09T02:39:19.593Z  INFO 2685267 --- [kivvi-click] [           main] .b.t.c.SpringBootTestContextBootstrapper : Found @SpringBootConfiguration click.kivvi.KivviApplication for test class click.kivvi.SettingsApiIT

  .   ____          _            __ _ _
 /\\ / ___'_ __ _ _(_)_ __  __ _ \ \ \ \
( ( )\___ | '_ | '_| | '_ \/ _` | \ \ \ \
 \\/  ___)| |_)| | | | | || (_| |  ) ) ) )
  '  |____| .__|_| |_|_| |_\__, | / / / /
 =========|_|==============|___/=/_/_/_/

 :: Spring Boot ::                (v4.1.1)

2026-09-09T02:39:19.606Z  INFO 2685267 --- [kivvi-click] [           main] click.kivvi.SettingsApiIT                : Starting SettingsApiIT using Java 25.0.4.1 with PID 2685267 (started by muszkin in /home/muszkin/work/kivvi-click-wt/w3-settings-r3/backend)
2026-09-09T02:39:19.606Z  INFO 2685267 --- [kivvi-click] [           main] click.kivvi.SettingsApiIT                : No active profile set, falling back to 1 default profile: "default"
2026-09-09T02:39:19.765Z  INFO 2685267 --- [kivvi-click] [           main] o.s.boot.tomcat.TomcatWebServer          : Tomcat initialized with port 0 (http)
2026-09-09T02:39:19.766Z  INFO 2685267 --- [kivvi-click] [           main] o.apache.catalina.core.StandardService   : Starting service [Tomcat]
2026-09-09T02:39:19.766Z  INFO 2685267 --- [kivvi-click] [           main] o.apache.catalina.core.StandardEngine    : Starting Servlet engine: [Apache Tomcat/11.0.24]
2026-09-09T02:39:19.773Z  INFO 2685267 --- [kivvi-click] [           main] b.w.c.s.WebApplicationContextInitializer : Root WebApplicationContext: initialization completed in 166 ms
2026-09-09T02:39:19.845Z  INFO 2685267 --- [kivvi-click] [           main] org.flywaydb.core.FlywayExecutor         : Database: jdbc:postgresql://localhost:34017/test?loggerLevel=OFF (PostgreSQL 18.6)
2026-09-09T02:39:19.858Z  INFO 2685267 --- [kivvi-click] [           main] o.f.c.i.s.JdbcTableSchemaHistory         : Schema history table "public"."flyway_schema_history" does not exist yet
2026-09-09T02:39:19.858Z  INFO 2685267 --- [kivvi-click] [           main] o.f.core.internal.command.DbValidate     : Successfully validated 1 migration (execution time 00:00.003s)
2026-09-09T02:39:19.865Z  INFO 2685267 --- [kivvi-click] [           main] o.f.c.i.s.JdbcTableSchemaHistory         : Creating Schema History table "public"."flyway_schema_history" ...
2026-09-09T02:39:19.885Z  INFO 2685267 --- [kivvi-click] [           main] o.f.core.internal.command.DbMigrate      : Current version of schema "public": << Empty Schema >>
2026-09-09T02:39:19.888Z  INFO 2685267 --- [kivvi-click] [           main] o.f.core.internal.command.DbMigrate      : Migrating schema "public" to version "1 - baseline"
2026-09-09T02:39:19.904Z  INFO 2685267 --- [kivvi-click] [           main] o.f.core.internal.command.DbMigrate      : Successfully applied 1 migration to schema "public", now at version v1 (execution time 00:00.013s)
2026-09-09T02:39:19.933Z  INFO 2685267 --- [kivvi-click] [           main] o.s.b.w.a.WelcomePageHandlerMapping      : Adding welcome page: class path resource [static/index.html]
2026-09-09T02:39:19.984Z  INFO 2685267 --- [kivvi-click] [           main] com.zaxxer.hikari.HikariDataSource       : HikariPool-5 - Starting...
2026-09-09T02:39:19.990Z  INFO 2685267 --- [kivvi-click] [           main] com.zaxxer.hikari.pool.HikariPool        : HikariPool-5 - Added connection org.postgresql.jdbc.PgConnection@4970b93d
2026-09-09T02:39:19.990Z  INFO 2685267 --- [kivvi-click] [           main] com.zaxxer.hikari.HikariDataSource       : HikariPool-5 - Start completed.
2026-09-09T02:39:19.995Z  INFO 2685267 --- [kivvi-click] [           main] o.s.b.a.e.web.EndpointLinksResolver      : Exposing 1 endpoint beneath base path '/actuator'
2026-09-09T02:39:20.004Z  INFO 2685267 --- [kivvi-click] [           main] o.s.boot.tomcat.TomcatWebServer          : Tomcat started on port 39015 (http) with context path '/'
2026-09-09T02:39:20.010Z  INFO 2685267 --- [kivvi-click] [           main] click.kivvi.SettingsApiIT                : Started SettingsApiIT in 0.414 seconds (process running for 14.478)
2026-09-09T02:39:20.011Z  INFO 2685267 --- [kivvi-click] [eat-scheduler-1] c.k.i.scheduling.HeartbeatJob            : Scheduler heartbeat tick.
2026-09-09T02:39:20.015Z  INFO 2685267 --- [kivvi-click] [eat-scheduler-1] c.k.i.tracking.EventDedupCleanupJob      : Event dedup cleanup removed 0 expired row(s).
2026-09-09T02:39:20.016Z  INFO 2685267 --- [kivvi-click] [o-auto-4-exec-1] o.a.c.c.C.[Tomcat-3].[localhost].[/]     : Initializing Spring DispatcherServlet 'dispatcherServlet'
2026-09-09T02:39:20.016Z  INFO 2685267 --- [kivvi-click] [o-auto-4-exec-1] o.s.web.servlet.DispatcherServlet        : Initializing Servlet 'dispatcherServlet'
2026-09-09T02:39:20.017Z  INFO 2685267 --- [kivvi-click] [o-auto-4-exec-1] o.s.web.servlet.DispatcherServlet        : Completed initialization in 1 ms
2026-09-09T02:39:20.371Z  INFO 2685267 --- [kivvi-click] [           main] tc.postgres:18-alpine                    : Creating container for image: postgres:18-alpine
2026-09-09T02:39:20.388Z  INFO 2685267 --- [kivvi-click] [           main] tc.postgres:18-alpine                    : Container postgres:18-alpine is starting: d7e31083bf49a558bdfbc89aeb976b9ef957f65c019ef100914f790f9a073d2b
2026-09-09T02:39:21.742Z  INFO 2685267 --- [kivvi-click] [           main] tc.postgres:18-alpine                    : Container postgres:18-alpine started in PT1.371234952S
2026-09-09T02:39:21.742Z  INFO 2685267 --- [kivvi-click] [           main] tc.postgres:18-alpine                    : Container is started (JDBC URL: jdbc:postgresql://localhost:34018/test?loggerLevel=OFF)
2026-09-09T02:39:21.743Z  INFO 2685267 --- [kivvi-click] [           main] t.c.s.AnnotationConfigContextLoaderUtils : Could not detect default configuration classes for test class [click.kivvi.CollectApiIT]: CollectApiIT does not declare any static, non-private, non-final, nested classes annotated with @Configuration.
2026-09-09T02:39:21.747Z  INFO 2685267 --- [kivvi-click] [           main] .b.t.c.SpringBootTestContextBootstrapper : Found @SpringBootConfiguration click.kivvi.KivviApplication for test class click.kivvi.CollectApiIT
2026-09-09T02:39:21.747Z  INFO 2685267 --- [kivvi-click] [           main] t.c.s.AnnotationConfigContextLoaderUtils : Could not detect default configuration classes for test class [click.kivvi.CollectApiIT]: CollectApiIT does not declare any static, non-private, non-final, nested classes annotated with @Configuration.
2026-09-09T02:39:21.749Z  INFO 2685267 --- [kivvi-click] [           main] .b.t.c.SpringBootTestContextBootstrapper : Found @SpringBootConfiguration click.kivvi.KivviApplication for test class click.kivvi.CollectApiIT

  .   ____          _            __ _ _
 /\\ / ___'_ __ _ _(_)_ __  __ _ \ \ \ \
( ( )\___ | '_ | '_| | '_ \/ _` | \ \ \ \
 \\/  ___)| |_)| | | | | || (_| |  ) ) ) )
  '  |____| .__|_| |_|_| |_\__, | / / / /
 =========|_|==============|___/=/_/_/_/

 :: Spring Boot ::                (v4.1.1)

2026-09-09T02:39:21.762Z  INFO 2685267 --- [kivvi-click] [           main] click.kivvi.CollectApiIT                 : Starting CollectApiIT using Java 25.0.4.1 with PID 2685267 (started by muszkin in /home/muszkin/work/kivvi-click-wt/w3-settings-r3/backend)
2026-09-09T02:39:21.762Z  INFO 2685267 --- [kivvi-click] [           main] click.kivvi.CollectApiIT                 : No active profile set, falling back to 1 default profile: "default"
2026-09-09T02:39:21.903Z  INFO 2685267 --- [kivvi-click] [           main] o.s.boot.tomcat.TomcatWebServer          : Tomcat initialized with port 0 (http)
2026-09-09T02:39:21.904Z  INFO 2685267 --- [kivvi-click] [           main] o.apache.catalina.core.StandardService   : Starting service [Tomcat]
2026-09-09T02:39:21.904Z  INFO 2685267 --- [kivvi-click] [           main] o.apache.catalina.core.StandardEngine    : Starting Servlet engine: [Apache Tomcat/11.0.24]
2026-09-09T02:39:21.910Z  INFO 2685267 --- [kivvi-click] [           main] b.w.c.s.WebApplicationContextInitializer : Root WebApplicationContext: initialization completed in 147 ms
2026-09-09T02:39:21.973Z  INFO 2685267 --- [kivvi-click] [           main] org.flywaydb.core.FlywayExecutor         : Database: jdbc:postgresql://localhost:34018/test?loggerLevel=OFF (PostgreSQL 18.6)
2026-09-09T02:39:21.982Z  INFO 2685267 --- [kivvi-click] [           main] o.f.c.i.s.JdbcTableSchemaHistory         : Schema history table "public"."flyway_schema_history" does not exist yet
2026-09-09T02:39:21.983Z  INFO 2685267 --- [kivvi-click] [           main] o.f.core.internal.command.DbValidate     : Successfully validated 1 migration (execution time 00:00.002s)
2026-09-09T02:39:21.989Z  INFO 2685267 --- [kivvi-click] [           main] o.f.c.i.s.JdbcTableSchemaHistory         : Creating Schema History table "public"."flyway_schema_history" ...
2026-09-09T02:39:22.007Z  INFO 2685267 --- [kivvi-click] [           main] o.f.core.internal.command.DbMigrate      : Current version of schema "public": << Empty Schema >>
2026-09-09T02:39:22.010Z  INFO 2685267 --- [kivvi-click] [           main] o.f.core.internal.command.DbMigrate      : Migrating schema "public" to version "1 - baseline"
2026-09-09T02:39:22.027Z  INFO 2685267 --- [kivvi-click] [           main] o.f.core.internal.command.DbMigrate      : Successfully applied 1 migration to schema "public", now at version v1 (execution time 00:00.014s)
2026-09-09T02:39:22.052Z  INFO 2685267 --- [kivvi-click] [           main] o.s.b.w.a.WelcomePageHandlerMapping      : Adding welcome page: class path resource [static/index.html]
2026-09-09T02:39:22.099Z  INFO 2685267 --- [kivvi-click] [           main] com.zaxxer.hikari.HikariDataSource       : HikariPool-6 - Starting...
2026-09-09T02:39:22.106Z  INFO 2685267 --- [kivvi-click] [           main] com.zaxxer.hikari.pool.HikariPool        : HikariPool-6 - Added connection org.postgresql.jdbc.PgConnection@4a5d8ae4
2026-09-09T02:39:22.106Z  INFO 2685267 --- [kivvi-click] [           main] com.zaxxer.hikari.HikariDataSource       : HikariPool-6 - Start completed.
2026-09-09T02:39:22.110Z  INFO 2685267 --- [kivvi-click] [           main] o.s.b.a.e.web.EndpointLinksResolver      : Exposing 1 endpoint beneath base path '/actuator'
2026-09-09T02:39:22.117Z  INFO 2685267 --- [kivvi-click] [           main] o.s.boot.tomcat.TomcatWebServer          : Tomcat started on port 44431 (http) with context path '/'
2026-09-09T02:39:22.121Z  INFO 2685267 --- [kivvi-click] [           main] click.kivvi.CollectApiIT                 : Started CollectApiIT in 0.37 seconds (process running for 16.59)
2026-09-09T02:39:22.123Z  INFO 2685267 --- [kivvi-click] [eat-scheduler-1] c.k.i.scheduling.HeartbeatJob            : Scheduler heartbeat tick.
2026-09-09T02:39:22.126Z  INFO 2685267 --- [kivvi-click] [eat-scheduler-1] c.k.i.tracking.EventDedupCleanupJob      : Event dedup cleanup removed 0 expired row(s).
2026-09-09T02:39:22.130Z  INFO 2685267 --- [kivvi-click] [o-auto-5-exec-1] o.a.c.c.C.[Tomcat-4].[localhost].[/]     : Initializing Spring DispatcherServlet 'dispatcherServlet'
2026-09-09T02:39:22.131Z  INFO 2685267 --- [kivvi-click] [o-auto-5-exec-1] o.s.web.servlet.DispatcherServlet        : Initializing Servlet 'dispatcherServlet'
2026-09-09T02:39:22.131Z  INFO 2685267 --- [kivvi-click] [o-auto-5-exec-1] o.s.web.servlet.DispatcherServlet        : Completed initialization in 0 ms
2026-09-09T02:39:22.384Z  INFO 2685267 --- [kivvi-click] [           main] tc.postgres:18-alpine                    : Creating container for image: postgres:18-alpine
2026-09-09T02:39:22.399Z  INFO 2685267 --- [kivvi-click] [           main] tc.postgres:18-alpine                    : Container postgres:18-alpine is starting: 01fc696d88640f4f74b8efa6d02fac07ed101008a7976a11d8843a331d9cb305
2026-09-09T02:39:23.743Z  INFO 2685267 --- [kivvi-click] [           main] tc.postgres:18-alpine                    : Container postgres:18-alpine started in PT1.358398147S
2026-09-09T02:39:23.743Z  INFO 2685267 --- [kivvi-click] [           main] tc.postgres:18-alpine                    : Container is started (JDBC URL: jdbc:postgresql://localhost:34019/test?loggerLevel=OFF)
2026-09-09T02:39:23.744Z  INFO 2685267 --- [kivvi-click] [           main] t.c.s.AnnotationConfigContextLoaderUtils : Could not detect default configuration classes for test class [click.kivvi.CustomersApiIT]: CustomersApiIT does not declare any static, non-private, non-final, nested classes annotated with @Configuration.
2026-09-09T02:39:23.746Z  INFO 2685267 --- [kivvi-click] [           main] .b.t.c.SpringBootTestContextBootstrapper : Found @SpringBootConfiguration click.kivvi.KivviApplication for test class click.kivvi.CustomersApiIT
2026-09-09T02:39:23.747Z  INFO 2685267 --- [kivvi-click] [           main] t.c.s.AnnotationConfigContextLoaderUtils : Could not detect default configuration classes for test class [click.kivvi.CustomersApiIT]: CustomersApiIT does not declare any static, non-private, non-final, nested classes annotated with @Configuration.
2026-09-09T02:39:23.748Z  INFO 2685267 --- [kivvi-click] [           main] .b.t.c.SpringBootTestContextBootstrapper : Found @SpringBootConfiguration click.kivvi.KivviApplication for test class click.kivvi.CustomersApiIT

  .   ____          _            __ _ _
 /\\ / ___'_ __ _ _(_)_ __  __ _ \ \ \ \
( ( )\___ | '_ | '_| | '_ \/ _` | \ \ \ \
 \\/  ___)| |_)| | | | | || (_| |  ) ) ) )
  '  |____| .__|_| |_|_| |_\__, | / / / /
 =========|_|==============|___/=/_/_/_/

 :: Spring Boot ::                (v4.1.1)

2026-09-09T02:39:23.759Z  INFO 2685267 --- [kivvi-click] [           main] click.kivvi.CustomersApiIT               : Starting CustomersApiIT using Java 25.0.4.1 with PID 2685267 (started by muszkin in /home/muszkin/work/kivvi-click-wt/w3-settings-r3/backend)
2026-09-09T02:39:23.759Z  INFO 2685267 --- [kivvi-click] [           main] click.kivvi.CustomersApiIT               : No active profile set, falling back to 1 default profile: "default"
2026-09-09T02:39:23.890Z  INFO 2685267 --- [kivvi-click] [           main] o.s.boot.tomcat.TomcatWebServer          : Tomcat initialized with port 0 (http)
2026-09-09T02:39:23.891Z  INFO 2685267 --- [kivvi-click] [           main] o.apache.catalina.core.StandardService   : Starting service [Tomcat]
2026-09-09T02:39:23.891Z  INFO 2685267 --- [kivvi-click] [           main] o.apache.catalina.core.StandardEngine    : Starting Servlet engine: [Apache Tomcat/11.0.24]
2026-09-09T02:39:23.898Z  INFO 2685267 --- [kivvi-click] [           main] b.w.c.s.WebApplicationContextInitializer : Root WebApplicationContext: initialization completed in 137 ms
2026-09-09T02:39:23.967Z  INFO 2685267 --- [kivvi-click] [           main] org.flywaydb.core.FlywayExecutor         : Database: jdbc:postgresql://localhost:34019/test?loggerLevel=OFF (PostgreSQL 18.6)
2026-09-09T02:39:23.977Z  INFO 2685267 --- [kivvi-click] [           main] o.f.c.i.s.JdbcTableSchemaHistory         : Schema history table "public"."flyway_schema_history" does not exist yet
2026-09-09T02:39:23.978Z  INFO 2685267 --- [kivvi-click] [           main] o.f.core.internal.command.DbValidate     : Successfully validated 1 migration (execution time 00:00.002s)
2026-09-09T02:39:23.984Z  INFO 2685267 --- [kivvi-click] [           main] o.f.c.i.s.JdbcTableSchemaHistory         : Creating Schema History table "public"."flyway_schema_history" ...
2026-09-09T02:39:24.002Z  INFO 2685267 --- [kivvi-click] [           main] o.f.core.internal.command.DbMigrate      : Current version of schema "public": << Empty Schema >>
2026-09-09T02:39:24.004Z  INFO 2685267 --- [kivvi-click] [           main] o.f.core.internal.command.DbMigrate      : Migrating schema "public" to version "1 - baseline"
2026-09-09T02:39:24.020Z  INFO 2685267 --- [kivvi-click] [           main] o.f.core.internal.command.DbMigrate      : Successfully applied 1 migration to schema "public", now at version v1 (execution time 00:00.013s)
2026-09-09T02:39:24.043Z  INFO 2685267 --- [kivvi-click] [           main] o.s.b.w.a.WelcomePageHandlerMapping      : Adding welcome page: class path resource [static/index.html]
2026-09-09T02:39:24.087Z  INFO 2685267 --- [kivvi-click] [           main] com.zaxxer.hikari.HikariDataSource       : HikariPool-7 - Starting...
2026-09-09T02:39:24.093Z  INFO 2685267 --- [kivvi-click] [           main] com.zaxxer.hikari.pool.HikariPool        : HikariPool-7 - Added connection org.postgresql.jdbc.PgConnection@6013565b
2026-09-09T02:39:24.093Z  INFO 2685267 --- [kivvi-click] [           main] com.zaxxer.hikari.HikariDataSource       : HikariPool-7 - Start completed.
2026-09-09T02:39:24.097Z  INFO 2685267 --- [kivvi-click] [           main] o.s.b.a.e.web.EndpointLinksResolver      : Exposing 1 endpoint beneath base path '/actuator'
2026-09-09T02:39:24.104Z  INFO 2685267 --- [kivvi-click] [           main] o.s.boot.tomcat.TomcatWebServer          : Tomcat started on port 33849 (http) with context path '/'
2026-09-09T02:39:24.109Z  INFO 2685267 --- [kivvi-click] [           main] click.kivvi.CustomersApiIT               : Started CustomersApiIT in 0.359 seconds (process running for 18.577)
2026-09-09T02:39:24.110Z  INFO 2685267 --- [kivvi-click] [eat-scheduler-1] c.k.i.scheduling.HeartbeatJob            : Scheduler heartbeat tick.
2026-09-09T02:39:24.112Z  INFO 2685267 --- [kivvi-click] [eat-scheduler-1] c.k.i.tracking.EventDedupCleanupJob      : Event dedup cleanup removed 0 expired row(s).
2026-09-09T02:39:24.114Z  INFO 2685267 --- [kivvi-click] [o-auto-6-exec-1] o.a.c.c.C.[Tomcat-5].[localhost].[/]     : Initializing Spring DispatcherServlet 'dispatcherServlet'
2026-09-09T02:39:24.114Z  INFO 2685267 --- [kivvi-click] [o-auto-6-exec-1] o.s.web.servlet.DispatcherServlet        : Initializing Servlet 'dispatcherServlet'
2026-09-09T02:39:24.115Z  INFO 2685267 --- [kivvi-click] [o-auto-6-exec-1] o.s.web.servlet.DispatcherServlet        : Completed initialization in 1 ms
2026-09-09T02:39:24.369Z  INFO 2685267 --- [kivvi-click] [           main] tc.postgres:18-alpine                    : Creating container for image: postgres:18-alpine
2026-09-09T02:39:24.384Z  INFO 2685267 --- [kivvi-click] [           main] tc.postgres:18-alpine                    : Container postgres:18-alpine is starting: ed27ec729a69e77bdbc2d08535666912ef96f1c549637ec57fcf034e8373c933
2026-09-09T02:39:25.711Z  INFO 2685267 --- [kivvi-click] [           main] tc.postgres:18-alpine                    : Container postgres:18-alpine started in PT1.34238452S
2026-09-09T02:39:25.712Z  INFO 2685267 --- [kivvi-click] [           main] tc.postgres:18-alpine                    : Container is started (JDBC URL: jdbc:postgresql://localhost:34020/test?loggerLevel=OFF)
2026-09-09T02:39:25.712Z  INFO 2685267 --- [kivvi-click] [           main] t.c.s.AnnotationConfigContextLoaderUtils : Could not detect default configuration classes for test class [click.kivvi.FeedsApiIT]: FeedsApiIT does not declare any static, non-private, non-final, nested classes annotated with @Configuration.
2026-09-09T02:39:25.715Z  INFO 2685267 --- [kivvi-click] [           main] .b.t.c.SpringBootTestContextBootstrapper : Found @SpringBootConfiguration click.kivvi.KivviApplication for test class click.kivvi.FeedsApiIT
2026-09-09T02:39:25.715Z  INFO 2685267 --- [kivvi-click] [           main] t.c.s.AnnotationConfigContextLoaderUtils : Could not detect default configuration classes for test class [click.kivvi.FeedsApiIT]: FeedsApiIT does not declare any static, non-private, non-final, nested classes annotated with @Configuration.
2026-09-09T02:39:25.717Z  INFO 2685267 --- [kivvi-click] [           main] .b.t.c.SpringBootTestContextBootstrapper : Found @SpringBootConfiguration click.kivvi.KivviApplication for test class click.kivvi.FeedsApiIT

  .   ____          _            __ _ _
 /\\ / ___'_ __ _ _(_)_ __  __ _ \ \ \ \
( ( )\___ | '_ | '_| | '_ \/ _` | \ \ \ \
 \\/  ___)| |_)| | | | | || (_| |  ) ) ) )
  '  |____| .__|_| |_|_| |_\__, | / / / /
 =========|_|==============|___/=/_/_/_/

 :: Spring Boot ::                (v4.1.1)

2026-09-09T02:39:25.729Z  INFO 2685267 --- [kivvi-click] [           main] click.kivvi.FeedsApiIT                   : Starting FeedsApiIT using Java 25.0.4.1 with PID 2685267 (started by muszkin in /home/muszkin/work/kivvi-click-wt/w3-settings-r3/backend)
2026-09-09T02:39:25.729Z  INFO 2685267 --- [kivvi-click] [           main] click.kivvi.FeedsApiIT                   : No active profile set, falling back to 1 default profile: "default"
2026-09-09T02:39:25.877Z  INFO 2685267 --- [kivvi-click] [           main] o.s.boot.tomcat.TomcatWebServer          : Tomcat initialized with port 0 (http)
2026-09-09T02:39:25.877Z  INFO 2685267 --- [kivvi-click] [           main] o.apache.catalina.core.StandardService   : Starting service [Tomcat]
2026-09-09T02:39:25.877Z  INFO 2685267 --- [kivvi-click] [           main] o.apache.catalina.core.StandardEngine    : Starting Servlet engine: [Apache Tomcat/11.0.24]
2026-09-09T02:39:25.883Z  INFO 2685267 --- [kivvi-click] [           main] b.w.c.s.WebApplicationContextInitializer : Root WebApplicationContext: initialization completed in 153 ms
2026-09-09T02:39:25.947Z  INFO 2685267 --- [kivvi-click] [           main] org.flywaydb.core.FlywayExecutor         : Database: jdbc:postgresql://localhost:34020/test?loggerLevel=OFF (PostgreSQL 18.6)
2026-09-09T02:39:25.957Z  INFO 2685267 --- [kivvi-click] [           main] o.f.c.i.s.JdbcTableSchemaHistory         : Schema history table "public"."flyway_schema_history" does not exist yet
2026-09-09T02:39:25.957Z  INFO 2685267 --- [kivvi-click] [           main] o.f.core.internal.command.DbValidate     : Successfully validated 1 migration (execution time 00:00.002s)
2026-09-09T02:39:25.963Z  INFO 2685267 --- [kivvi-click] [           main] o.f.c.i.s.JdbcTableSchemaHistory         : Creating Schema History table "public"."flyway_schema_history" ...
2026-09-09T02:39:25.981Z  INFO 2685267 --- [kivvi-click] [           main] o.f.core.internal.command.DbMigrate      : Current version of schema "public": << Empty Schema >>
2026-09-09T02:39:25.984Z  INFO 2685267 --- [kivvi-click] [           main] o.f.core.internal.command.DbMigrate      : Migrating schema "public" to version "1 - baseline"
2026-09-09T02:39:25.999Z  INFO 2685267 --- [kivvi-click] [           main] o.f.core.internal.command.DbMigrate      : Successfully applied 1 migration to schema "public", now at version v1 (execution time 00:00.013s)
2026-09-09T02:39:26.023Z  INFO 2685267 --- [kivvi-click] [           main] o.s.b.w.a.WelcomePageHandlerMapping      : Adding welcome page: class path resource [static/index.html]
2026-09-09T02:39:26.067Z  INFO 2685267 --- [kivvi-click] [           main] com.zaxxer.hikari.HikariDataSource       : HikariPool-8 - Starting...
2026-09-09T02:39:26.074Z  INFO 2685267 --- [kivvi-click] [           main] com.zaxxer.hikari.pool.HikariPool        : HikariPool-8 - Added connection org.postgresql.jdbc.PgConnection@591f5945
2026-09-09T02:39:26.074Z  INFO 2685267 --- [kivvi-click] [           main] com.zaxxer.hikari.HikariDataSource       : HikariPool-8 - Start completed.
2026-09-09T02:39:26.078Z  INFO 2685267 --- [kivvi-click] [           main] o.s.b.a.e.web.EndpointLinksResolver      : Exposing 1 endpoint beneath base path '/actuator'
2026-09-09T02:39:26.086Z  INFO 2685267 --- [kivvi-click] [           main] o.s.boot.tomcat.TomcatWebServer          : Tomcat started on port 46645 (http) with context path '/'
2026-09-09T02:39:26.091Z  INFO 2685267 --- [kivvi-click] [           main] click.kivvi.FeedsApiIT                   : Started FeedsApiIT in 0.372 seconds (process running for 20.56)
2026-09-09T02:39:26.092Z  INFO 2685267 --- [kivvi-click] [eat-scheduler-1] c.k.i.scheduling.HeartbeatJob            : Scheduler heartbeat tick.
2026-09-09T02:39:26.095Z  INFO 2685267 --- [kivvi-click] [eat-scheduler-1] c.k.i.tracking.EventDedupCleanupJob      : Event dedup cleanup removed 0 expired row(s).
2026-09-09T02:39:26.096Z  INFO 2685267 --- [kivvi-click] [o-auto-7-exec-1] o.a.c.c.C.[Tomcat-6].[localhost].[/]     : Initializing Spring DispatcherServlet 'dispatcherServlet'
2026-09-09T02:39:26.096Z  INFO 2685267 --- [kivvi-click] [o-auto-7-exec-1] o.s.web.servlet.DispatcherServlet        : Initializing Servlet 'dispatcherServlet'
2026-09-09T02:39:26.097Z  INFO 2685267 --- [kivvi-click] [o-auto-7-exec-1] o.s.web.servlet.DispatcherServlet        : Completed initialization in 1 ms
2026-09-09T02:39:26.311Z  INFO 2685267 --- [kivvi-click] [           main] tc.postgres:18-alpine                    : Creating container for image: postgres:18-alpine
2026-09-09T02:39:26.327Z  INFO 2685267 --- [kivvi-click] [           main] tc.postgres:18-alpine                    : Container postgres:18-alpine is starting: cdabb581be0d52b7f173e95b1d37b1db8893b43bb132fd95d83591120b9ad668
2026-09-09T02:39:27.699Z  INFO 2685267 --- [kivvi-click] [           main] tc.postgres:18-alpine                    : Container postgres:18-alpine started in PT1.388268952S
2026-09-09T02:39:27.700Z  INFO 2685267 --- [kivvi-click] [           main] tc.postgres:18-alpine                    : Container is started (JDBC URL: jdbc:postgresql://localhost:34021/test?loggerLevel=OFF)
2026-09-09T02:39:27.700Z  INFO 2685267 --- [kivvi-click] [           main] t.c.s.AnnotationConfigContextLoaderUtils : Could not detect default configuration classes for test class [click.kivvi.SessionRoundTripIT]: SessionRoundTripIT does not declare any static, non-private, non-final, nested classes annotated with @Configuration.
2026-09-09T02:39:27.703Z  INFO 2685267 --- [kivvi-click] [           main] .b.t.c.SpringBootTestContextBootstrapper : Found @SpringBootConfiguration click.kivvi.KivviApplication for test class click.kivvi.SessionRoundTripIT
2026-09-09T02:39:27.704Z  INFO 2685267 --- [kivvi-click] [           main] t.c.s.AnnotationConfigContextLoaderUtils : Could not detect default configuration classes for test class [click.kivvi.SessionRoundTripIT]: SessionRoundTripIT does not declare any static, non-private, non-final, nested classes annotated with @Configuration.
2026-09-09T02:39:27.706Z  INFO 2685267 --- [kivvi-click] [           main] .b.t.c.SpringBootTestContextBootstrapper : Found @SpringBootConfiguration click.kivvi.KivviApplication for test class click.kivvi.SessionRoundTripIT

  .   ____          _            __ _ _
 /\\ / ___'_ __ _ _(_)_ __  __ _ \ \ \ \
( ( )\___ | '_ | '_| | '_ \/ _` | \ \ \ \
 \\/  ___)| |_)| | | | | || (_| |  ) ) ) )
  '  |____| .__|_| |_|_| |_\__, | / / / /
 =========|_|==============|___/=/_/_/_/

 :: Spring Boot ::                (v4.1.1)

2026-09-09T02:39:27.717Z  INFO 2685267 --- [kivvi-click] [           main] click.kivvi.SessionRoundTripIT           : Starting SessionRoundTripIT using Java 25.0.4.1 with PID 2685267 (started by muszkin in /home/muszkin/work/kivvi-click-wt/w3-settings-r3/backend)
2026-09-09T02:39:27.717Z  INFO 2685267 --- [kivvi-click] [           main] click.kivvi.SessionRoundTripIT           : No active profile set, falling back to 1 default profile: "default"
2026-09-09T02:39:27.840Z  INFO 2685267 --- [kivvi-click] [           main] o.s.boot.tomcat.TomcatWebServer          : Tomcat initialized with port 0 (http)
2026-09-09T02:39:27.840Z  INFO 2685267 --- [kivvi-click] [           main] o.apache.catalina.core.StandardService   : Starting service [Tomcat]
2026-09-09T02:39:27.841Z  INFO 2685267 --- [kivvi-click] [           main] o.apache.catalina.core.StandardEngine    : Starting Servlet engine: [Apache Tomcat/11.0.24]
2026-09-09T02:39:27.846Z  INFO 2685267 --- [kivvi-click] [           main] b.w.c.s.WebApplicationContextInitializer : Root WebApplicationContext: initialization completed in 128 ms
2026-09-09T02:39:27.922Z  INFO 2685267 --- [kivvi-click] [           main] org.flywaydb.core.FlywayExecutor         : Database: jdbc:postgresql://localhost:34021/test?loggerLevel=OFF (PostgreSQL 18.6)
2026-09-09T02:39:27.933Z  INFO 2685267 --- [kivvi-click] [           main] o.f.c.i.s.JdbcTableSchemaHistory         : Schema history table "public"."flyway_schema_history" does not exist yet
2026-09-09T02:39:27.934Z  INFO 2685267 --- [kivvi-click] [           main] o.f.core.internal.command.DbValidate     : Successfully validated 1 migration (execution time 00:00.002s)
2026-09-09T02:39:27.940Z  INFO 2685267 --- [kivvi-click] [           main] o.f.c.i.s.JdbcTableSchemaHistory         : Creating Schema History table "public"."flyway_schema_history" ...
2026-09-09T02:39:27.959Z  INFO 2685267 --- [kivvi-click] [           main] o.f.core.internal.command.DbMigrate      : Current version of schema "public": << Empty Schema >>
2026-09-09T02:39:27.962Z  INFO 2685267 --- [kivvi-click] [           main] o.f.core.internal.command.DbMigrate      : Migrating schema "public" to version "1 - baseline"
2026-09-09T02:39:27.977Z  INFO 2685267 --- [kivvi-click] [           main] o.f.core.internal.command.DbMigrate      : Successfully applied 1 migration to schema "public", now at version v1 (execution time 00:00.013s)
2026-09-09T02:39:28.001Z  INFO 2685267 --- [kivvi-click] [           main] o.s.b.w.a.WelcomePageHandlerMapping      : Adding welcome page: class path resource [static/index.html]
2026-09-09T02:39:28.046Z  INFO 2685267 --- [kivvi-click] [           main] com.zaxxer.hikari.HikariDataSource       : HikariPool-9 - Starting...
2026-09-09T02:39:28.052Z  INFO 2685267 --- [kivvi-click] [           main] com.zaxxer.hikari.pool.HikariPool        : HikariPool-9 - Added connection org.postgresql.jdbc.PgConnection@601bbbb6
2026-09-09T02:39:28.052Z  INFO 2685267 --- [kivvi-click] [           main] com.zaxxer.hikari.HikariDataSource       : HikariPool-9 - Start completed.
2026-09-09T02:39:28.056Z  INFO 2685267 --- [kivvi-click] [           main] o.s.b.a.e.web.EndpointLinksResolver      : Exposing 1 endpoint beneath base path '/actuator'
2026-09-09T02:39:28.063Z  INFO 2685267 --- [kivvi-click] [           main] o.s.boot.tomcat.TomcatWebServer          : Tomcat started on port 36369 (http) with context path '/'
2026-09-09T02:39:28.068Z  INFO 2685267 --- [kivvi-click] [           main] click.kivvi.SessionRoundTripIT           : Started SessionRoundTripIT in 0.36 seconds (process running for 22.537)
2026-09-09T02:39:28.070Z  INFO 2685267 --- [kivvi-click] [eat-scheduler-1] c.k.i.scheduling.HeartbeatJob            : Scheduler heartbeat tick.
2026-09-09T02:39:28.073Z  INFO 2685267 --- [kivvi-click] [eat-scheduler-1] c.k.i.tracking.EventDedupCleanupJob      : Event dedup cleanup removed 0 expired row(s).
2026-09-09T02:39:28.075Z  INFO 2685267 --- [kivvi-click] [o-auto-8-exec-1] o.a.c.c.C.[Tomcat-7].[localhost].[/]     : Initializing Spring DispatcherServlet 'dispatcherServlet'
2026-09-09T02:39:28.075Z  INFO 2685267 --- [kivvi-click] [o-auto-8-exec-1] o.s.web.servlet.DispatcherServlet        : Initializing Servlet 'dispatcherServlet'
2026-09-09T02:39:28.076Z  INFO 2685267 --- [kivvi-click] [o-auto-8-exec-1] o.s.web.servlet.DispatcherServlet        : Completed initialization in 1 ms
2026-09-09T02:39:28.343Z  INFO 2685267 --- [kivvi-click] [           main] tc.postgres:18-alpine                    : Creating container for image: postgres:18-alpine
2026-09-09T02:39:28.358Z  INFO 2685267 --- [kivvi-click] [           main] tc.postgres:18-alpine                    : Container postgres:18-alpine is starting: 82a953f770052b733a128666233aa863c4520d42b8a0ee212cc46a81135cc6ae
2026-09-09T02:39:29.682Z  INFO 2685267 --- [kivvi-click] [           main] tc.postgres:18-alpine                    : Container postgres:18-alpine started in PT1.338942511S
2026-09-09T02:39:29.683Z  INFO 2685267 --- [kivvi-click] [           main] tc.postgres:18-alpine                    : Container is started (JDBC URL: jdbc:postgresql://localhost:34022/test?loggerLevel=OFF)
2026-09-09T02:39:29.683Z  INFO 2685267 --- [kivvi-click] [           main] t.c.s.AnnotationConfigContextLoaderUtils : Could not detect default configuration classes for test class [click.kivvi.ShellApiIT]: ShellApiIT does not declare any static, non-private, non-final, nested classes annotated with @Configuration.
2026-09-09T02:39:29.686Z  INFO 2685267 --- [kivvi-click] [           main] .b.t.c.SpringBootTestContextBootstrapper : Found @SpringBootConfiguration click.kivvi.KivviApplication for test class click.kivvi.ShellApiIT
2026-09-09T02:39:29.686Z  INFO 2685267 --- [kivvi-click] [           main] t.c.s.AnnotationConfigContextLoaderUtils : Could not detect default configuration classes for test class [click.kivvi.ShellApiIT]: ShellApiIT does not declare any static, non-private, non-final, nested classes annotated with @Configuration.
2026-09-09T02:39:29.688Z  INFO 2685267 --- [kivvi-click] [           main] .b.t.c.SpringBootTestContextBootstrapper : Found @SpringBootConfiguration click.kivvi.KivviApplication for test class click.kivvi.ShellApiIT

  .   ____          _            __ _ _
 /\\ / ___'_ __ _ _(_)_ __  __ _ \ \ \ \
( ( )\___ | '_ | '_| | '_ \/ _` | \ \ \ \
 \\/  ___)| |_)| | | | | || (_| |  ) ) ) )
  '  |____| .__|_| |_|_| |_\__, | / / / /
 =========|_|==============|___/=/_/_/_/

 :: Spring Boot ::                (v4.1.1)

2026-09-09T02:39:29.699Z  INFO 2685267 --- [kivvi-click] [           main] click.kivvi.ShellApiIT                   : Starting ShellApiIT using Java 25.0.4.1 with PID 2685267 (started by muszkin in /home/muszkin/work/kivvi-click-wt/w3-settings-r3/backend)
2026-09-09T02:39:29.699Z  INFO 2685267 --- [kivvi-click] [           main] click.kivvi.ShellApiIT                   : No active profile set, falling back to 1 default profile: "default"
2026-09-09T02:39:29.802Z  INFO 2685267 --- [kivvi-click] [           main] o.s.boot.tomcat.TomcatWebServer          : Tomcat initialized with port 0 (http)
2026-09-09T02:39:29.803Z  INFO 2685267 --- [kivvi-click] [           main] o.apache.catalina.core.StandardService   : Starting service [Tomcat]
2026-09-09T02:39:29.803Z  INFO 2685267 --- [kivvi-click] [           main] o.apache.catalina.core.StandardEngine    : Starting Servlet engine: [Apache Tomcat/11.0.24]
2026-09-09T02:39:29.809Z  INFO 2685267 --- [kivvi-click] [           main] b.w.c.s.WebApplicationContextInitializer : Root WebApplicationContext: initialization completed in 109 ms
2026-09-09T02:39:29.875Z  INFO 2685267 --- [kivvi-click] [           main] org.flywaydb.core.FlywayExecutor         : Database: jdbc:postgresql://localhost:34022/test?loggerLevel=OFF (PostgreSQL 18.6)
2026-09-09T02:39:29.886Z  INFO 2685267 --- [kivvi-click] [           main] o.f.c.i.s.JdbcTableSchemaHistory         : Schema history table "public"."flyway_schema_history" does not exist yet
2026-09-09T02:39:29.886Z  INFO 2685267 --- [kivvi-click] [           main] o.f.core.internal.command.DbValidate     : Successfully validated 1 migration (execution time 00:00.002s)
2026-09-09T02:39:29.892Z  INFO 2685267 --- [kivvi-click] [           main] o.f.c.i.s.JdbcTableSchemaHistory         : Creating Schema History table "public"."flyway_schema_history" ...
2026-09-09T02:39:29.911Z  INFO 2685267 --- [kivvi-click] [           main] o.f.core.internal.command.DbMigrate      : Current version of schema "public": << Empty Schema >>
2026-09-09T02:39:29.913Z  INFO 2685267 --- [kivvi-click] [           main] o.f.core.internal.command.DbMigrate      : Migrating schema "public" to version "1 - baseline"
2026-09-09T02:39:29.930Z  INFO 2685267 --- [kivvi-click] [           main] o.f.core.internal.command.DbMigrate      : Successfully applied 1 migration to schema "public", now at version v1 (execution time 00:00.013s)
2026-09-09T02:39:29.954Z  INFO 2685267 --- [kivvi-click] [           main] o.s.b.w.a.WelcomePageHandlerMapping      : Adding welcome page: class path resource [static/index.html]
2026-09-09T02:39:29.993Z  INFO 2685267 --- [kivvi-click] [           main] com.zaxxer.hikari.HikariDataSource       : HikariPool-10 - Starting...
2026-09-09T02:39:30.000Z  INFO 2685267 --- [kivvi-click] [           main] com.zaxxer.hikari.pool.HikariPool        : HikariPool-10 - Added connection org.postgresql.jdbc.PgConnection@b1d3434
2026-09-09T02:39:30.000Z  INFO 2685267 --- [kivvi-click] [           main] com.zaxxer.hikari.HikariDataSource       : HikariPool-10 - Start completed.
2026-09-09T02:39:30.004Z  INFO 2685267 --- [kivvi-click] [           main] o.s.b.a.e.web.EndpointLinksResolver      : Exposing 1 endpoint beneath base path '/actuator'
2026-09-09T02:39:30.011Z  INFO 2685267 --- [kivvi-click] [           main] o.s.boot.tomcat.TomcatWebServer          : Tomcat started on port 38927 (http) with context path '/'
2026-09-09T02:39:30.016Z  INFO 2685267 --- [kivvi-click] [           main] click.kivvi.ShellApiIT                   : Started ShellApiIT in 0.325 seconds (process running for 24.484)
2026-09-09T02:39:30.017Z  INFO 2685267 --- [kivvi-click] [eat-scheduler-1] c.k.i.scheduling.HeartbeatJob            : Scheduler heartbeat tick.
2026-09-09T02:39:30.021Z  INFO 2685267 --- [kivvi-click] [o-auto-9-exec-1] o.a.c.c.C.[Tomcat-8].[localhost].[/]     : Initializing Spring DispatcherServlet 'dispatcherServlet'
2026-09-09T02:39:30.021Z  INFO 2685267 --- [kivvi-click] [o-auto-9-exec-1] o.s.web.servlet.DispatcherServlet        : Initializing Servlet 'dispatcherServlet'
2026-09-09T02:39:30.021Z  INFO 2685267 --- [kivvi-click] [eat-scheduler-1] c.k.i.tracking.EventDedupCleanupJob      : Event dedup cleanup removed 0 expired row(s).
2026-09-09T02:39:30.022Z  INFO 2685267 --- [kivvi-click] [o-auto-9-exec-1] o.s.web.servlet.DispatcherServlet        : Completed initialization in 1 ms
2026-09-09T02:39:30.258Z  INFO 2685267 --- [kivvi-click] [           main] tc.postgres:18-alpine                    : Creating container for image: postgres:18-alpine
2026-09-09T02:39:30.273Z  INFO 2685267 --- [kivvi-click] [           main] tc.postgres:18-alpine                    : Container postgres:18-alpine is starting: f28f424449506821e255c2d9a5f7bd7dcdcd71940e93d2302d7a31b5e1ec7df6
2026-09-09T02:39:31.583Z  INFO 2685267 --- [kivvi-click] [           main] tc.postgres:18-alpine                    : Container postgres:18-alpine started in PT1.324511631S
2026-09-09T02:39:31.583Z  INFO 2685267 --- [kivvi-click] [           main] tc.postgres:18-alpine                    : Container is started (JDBC URL: jdbc:postgresql://localhost:34023/test?loggerLevel=OFF)
2026-09-09T02:39:31.584Z  INFO 2685267 --- [kivvi-click] [           main] t.c.s.AnnotationConfigContextLoaderUtils : Could not detect default configuration classes for test class [click.kivvi.AutomationsApiIT]: AutomationsApiIT does not declare any static, non-private, non-final, nested classes annotated with @Configuration.
2026-09-09T02:39:31.586Z  INFO 2685267 --- [kivvi-click] [           main] .b.t.c.SpringBootTestContextBootstrapper : Found @SpringBootConfiguration click.kivvi.KivviApplication for test class click.kivvi.AutomationsApiIT
2026-09-09T02:39:31.587Z  INFO 2685267 --- [kivvi-click] [           main] t.c.s.AnnotationConfigContextLoaderUtils : Could not detect default configuration classes for test class [click.kivvi.AutomationsApiIT]: AutomationsApiIT does not declare any static, non-private, non-final, nested classes annotated with @Configuration.
2026-09-09T02:39:31.588Z  INFO 2685267 --- [kivvi-click] [           main] .b.t.c.SpringBootTestContextBootstrapper : Found @SpringBootConfiguration click.kivvi.KivviApplication for test class click.kivvi.AutomationsApiIT

  .   ____          _            __ _ _
 /\\ / ___'_ __ _ _(_)_ __  __ _ \ \ \ \
( ( )\___ | '_ | '_| | '_ \/ _` | \ \ \ \
 \\/  ___)| |_)| | | | | || (_| |  ) ) ) )
  '  |____| .__|_| |_|_| |_\__, | / / / /
 =========|_|==============|___/=/_/_/_/

 :: Spring Boot ::                (v4.1.1)

2026-09-09T02:39:31.599Z  INFO 2685267 --- [kivvi-click] [           main] click.kivvi.AutomationsApiIT             : Starting AutomationsApiIT using Java 25.0.4.1 with PID 2685267 (started by muszkin in /home/muszkin/work/kivvi-click-wt/w3-settings-r3/backend)
2026-09-09T02:39:31.599Z  INFO 2685267 --- [kivvi-click] [           main] click.kivvi.AutomationsApiIT             : No active profile set, falling back to 1 default profile: "default"
2026-09-09T02:39:31.695Z  INFO 2685267 --- [kivvi-click] [           main] o.s.boot.tomcat.TomcatWebServer          : Tomcat initialized with port 0 (http)
2026-09-09T02:39:31.695Z  INFO 2685267 --- [kivvi-click] [           main] o.apache.catalina.core.StandardService   : Starting service [Tomcat]
2026-09-09T02:39:31.695Z  INFO 2685267 --- [kivvi-click] [           main] o.apache.catalina.core.StandardEngine    : Starting Servlet engine: [Apache Tomcat/11.0.24]
2026-09-09T02:39:31.701Z  INFO 2685267 --- [kivvi-click] [           main] b.w.c.s.WebApplicationContextInitializer : Root WebApplicationContext: initialization completed in 102 ms
2026-09-09T02:39:31.763Z  INFO 2685267 --- [kivvi-click] [           main] org.flywaydb.core.FlywayExecutor         : Database: jdbc:postgresql://localhost:34023/test?loggerLevel=OFF (PostgreSQL 18.6)
2026-09-09T02:39:31.773Z  INFO 2685267 --- [kivvi-click] [           main] o.f.c.i.s.JdbcTableSchemaHistory         : Schema history table "public"."flyway_schema_history" does not exist yet
2026-09-09T02:39:31.773Z  INFO 2685267 --- [kivvi-click] [           main] o.f.core.internal.command.DbValidate     : Successfully validated 1 migration (execution time 00:00.002s)
2026-09-09T02:39:31.779Z  INFO 2685267 --- [kivvi-click] [           main] o.f.c.i.s.JdbcTableSchemaHistory         : Creating Schema History table "public"."flyway_schema_history" ...
2026-09-09T02:39:31.797Z  INFO 2685267 --- [kivvi-click] [           main] o.f.core.internal.command.DbMigrate      : Current version of schema "public": << Empty Schema >>
2026-09-09T02:39:31.799Z  INFO 2685267 --- [kivvi-click] [           main] o.f.core.internal.command.DbMigrate      : Migrating schema "public" to version "1 - baseline"
2026-09-09T02:39:31.818Z  INFO 2685267 --- [kivvi-click] [           main] o.f.core.internal.command.DbMigrate      : Successfully applied 1 migration to schema "public", now at version v1 (execution time 00:00.015s)
2026-09-09T02:39:31.841Z  INFO 2685267 --- [kivvi-click] [           main] o.s.b.w.a.WelcomePageHandlerMapping      : Adding welcome page: class path resource [static/index.html]
2026-09-09T02:39:31.878Z  INFO 2685267 --- [kivvi-click] [           main] com.zaxxer.hikari.HikariDataSource       : HikariPool-11 - Starting...
2026-09-09T02:39:31.884Z  INFO 2685267 --- [kivvi-click] [           main] com.zaxxer.hikari.pool.HikariPool        : HikariPool-11 - Added connection org.postgresql.jdbc.PgConnection@8880259
2026-09-09T02:39:31.884Z  INFO 2685267 --- [kivvi-click] [           main] com.zaxxer.hikari.HikariDataSource       : HikariPool-11 - Start completed.
2026-09-09T02:39:31.887Z  INFO 2685267 --- [kivvi-click] [           main] o.s.b.a.e.web.EndpointLinksResolver      : Exposing 1 endpoint beneath base path '/actuator'
2026-09-09T02:39:31.893Z  INFO 2685267 --- [kivvi-click] [           main] o.s.boot.tomcat.TomcatWebServer          : Tomcat started on port 42539 (http) with context path '/'
2026-09-09T02:39:31.898Z  INFO 2685267 --- [kivvi-click] [           main] click.kivvi.AutomationsApiIT             : Started AutomationsApiIT in 0.308 seconds (process running for 26.367)
2026-09-09T02:39:31.899Z  INFO 2685267 --- [kivvi-click] [eat-scheduler-1] c.k.i.scheduling.HeartbeatJob            : Scheduler heartbeat tick.
2026-09-09T02:39:31.902Z  INFO 2685267 --- [kivvi-click] [eat-scheduler-1] c.k.i.tracking.EventDedupCleanupJob      : Event dedup cleanup removed 0 expired row(s).
2026-09-09T02:39:31.902Z  INFO 2685267 --- [kivvi-click] [-auto-10-exec-1] o.a.c.c.C.[Tomcat-9].[localhost].[/]     : Initializing Spring DispatcherServlet 'dispatcherServlet'
2026-09-09T02:39:31.902Z  INFO 2685267 --- [kivvi-click] [-auto-10-exec-1] o.s.web.servlet.DispatcherServlet        : Initializing Servlet 'dispatcherServlet'
2026-09-09T02:39:31.903Z  INFO 2685267 --- [kivvi-click] [-auto-10-exec-1] o.s.web.servlet.DispatcherServlet        : Completed initialization in 1 ms
2026-09-09T02:39:32.141Z  INFO 2685267 --- [kivvi-click] [           main] tc.postgres:18-alpine                    : Creating container for image: postgres:18-alpine
2026-09-09T02:39:32.156Z  INFO 2685267 --- [kivvi-click] [           main] tc.postgres:18-alpine                    : Container postgres:18-alpine is starting: 286ec5904da9cc6a7ffc7bfc92c89da700985ef9a901b366355a9e60783922c5
2026-09-09T02:39:33.523Z  INFO 2685267 --- [kivvi-click] [           main] tc.postgres:18-alpine                    : Container postgres:18-alpine started in PT1.381722636S
2026-09-09T02:39:33.523Z  INFO 2685267 --- [kivvi-click] [           main] tc.postgres:18-alpine                    : Container is started (JDBC URL: jdbc:postgresql://localhost:34024/test?loggerLevel=OFF)
2026-09-09T02:39:33.523Z  INFO 2685267 --- [kivvi-click] [           main] t.c.s.AnnotationConfigContextLoaderUtils : Could not detect default configuration classes for test class [click.kivvi.EventsApiIT]: EventsApiIT does not declare any static, non-private, non-final, nested classes annotated with @Configuration.
2026-09-09T02:39:33.526Z  INFO 2685267 --- [kivvi-click] [           main] .b.t.c.SpringBootTestContextBootstrapper : Found @SpringBootConfiguration click.kivvi.KivviApplication for test class click.kivvi.EventsApiIT
2026-09-09T02:39:33.526Z  INFO 2685267 --- [kivvi-click] [           main] t.c.s.AnnotationConfigContextLoaderUtils : Could not detect default configuration classes for test class [click.kivvi.EventsApiIT]: EventsApiIT does not declare any static, non-private, non-final, nested classes annotated with @Configuration.
2026-09-09T02:39:33.528Z  INFO 2685267 --- [kivvi-click] [           main] .b.t.c.SpringBootTestContextBootstrapper : Found @SpringBootConfiguration click.kivvi.KivviApplication for test class click.kivvi.EventsApiIT

  .   ____          _            __ _ _
 /\\ / ___'_ __ _ _(_)_ __  __ _ \ \ \ \
( ( )\___ | '_ | '_| | '_ \/ _` | \ \ \ \
 \\/  ___)| |_)| | | | | || (_| |  ) ) ) )
  '  |____| .__|_| |_|_| |_\__, | / / / /
 =========|_|==============|___/=/_/_/_/

 :: Spring Boot ::                (v4.1.1)

2026-09-09T02:39:33.537Z  INFO 2685267 --- [kivvi-click] [           main] click.kivvi.EventsApiIT                  : Starting EventsApiIT using Java 25.0.4.1 with PID 2685267 (started by muszkin in /home/muszkin/work/kivvi-click-wt/w3-settings-r3/backend)
2026-09-09T02:39:33.537Z  INFO 2685267 --- [kivvi-click] [           main] click.kivvi.EventsApiIT                  : No active profile set, falling back to 1 default profile: "default"
2026-09-09T02:39:33.627Z  INFO 2685267 --- [kivvi-click] [           main] o.s.boot.tomcat.TomcatWebServer          : Tomcat initialized with port 0 (http)
2026-09-09T02:39:33.628Z  INFO 2685267 --- [kivvi-click] [           main] o.apache.catalina.core.StandardService   : Starting service [Tomcat]
2026-09-09T02:39:33.628Z  INFO 2685267 --- [kivvi-click] [           main] o.apache.catalina.core.StandardEngine    : Starting Servlet engine: [Apache Tomcat/11.0.24]
2026-09-09T02:39:33.633Z  INFO 2685267 --- [kivvi-click] [           main] b.w.c.s.WebApplicationContextInitializer : Root WebApplicationContext: initialization completed in 95 ms
2026-09-09T02:39:33.693Z  INFO 2685267 --- [kivvi-click] [           main] org.flywaydb.core.FlywayExecutor         : Database: jdbc:postgresql://localhost:34024/test?loggerLevel=OFF (PostgreSQL 18.6)
2026-09-09T02:39:33.704Z  INFO 2685267 --- [kivvi-click] [           main] o.f.c.i.s.JdbcTableSchemaHistory         : Schema history table "public"."flyway_schema_history" does not exist yet
2026-09-09T02:39:33.704Z  INFO 2685267 --- [kivvi-click] [           main] o.f.core.internal.command.DbValidate     : Successfully validated 1 migration (execution time 00:00.002s)
2026-09-09T02:39:33.710Z  INFO 2685267 --- [kivvi-click] [           main] o.f.c.i.s.JdbcTableSchemaHistory         : Creating Schema History table "public"."flyway_schema_history" ...
2026-09-09T02:39:33.732Z  INFO 2685267 --- [kivvi-click] [           main] o.f.core.internal.command.DbMigrate      : Current version of schema "public": << Empty Schema >>
2026-09-09T02:39:33.734Z  INFO 2685267 --- [kivvi-click] [           main] o.f.core.internal.command.DbMigrate      : Migrating schema "public" to version "1 - baseline"
2026-09-09T02:39:33.751Z  INFO 2685267 --- [kivvi-click] [           main] o.f.core.internal.command.DbMigrate      : Successfully applied 1 migration to schema "public", now at version v1 (execution time 00:00.014s)
2026-09-09T02:39:33.772Z  INFO 2685267 --- [kivvi-click] [           main] o.s.b.w.a.WelcomePageHandlerMapping      : Adding welcome page: class path resource [static/index.html]
2026-09-09T02:39:33.810Z  INFO 2685267 --- [kivvi-click] [           main] com.zaxxer.hikari.HikariDataSource       : HikariPool-12 - Starting...
2026-09-09T02:39:33.816Z  INFO 2685267 --- [kivvi-click] [           main] com.zaxxer.hikari.pool.HikariPool        : HikariPool-12 - Added connection org.postgresql.jdbc.PgConnection@71f5dd50
2026-09-09T02:39:33.816Z  INFO 2685267 --- [kivvi-click] [           main] com.zaxxer.hikari.HikariDataSource       : HikariPool-12 - Start completed.
2026-09-09T02:39:33.820Z  INFO 2685267 --- [kivvi-click] [           main] o.s.b.a.e.web.EndpointLinksResolver      : Exposing 1 endpoint beneath base path '/actuator'
2026-09-09T02:39:33.826Z  INFO 2685267 --- [kivvi-click] [           main] o.s.boot.tomcat.TomcatWebServer          : Tomcat started on port 38723 (http) with context path '/'
2026-09-09T02:39:33.831Z  INFO 2685267 --- [kivvi-click] [           main] click.kivvi.EventsApiIT                  : Started EventsApiIT in 0.301 seconds (process running for 28.3)
2026-09-09T02:39:33.832Z  INFO 2685267 --- [kivvi-click] [eat-scheduler-1] c.k.i.scheduling.HeartbeatJob            : Scheduler heartbeat tick.
2026-09-09T02:39:33.835Z  INFO 2685267 --- [kivvi-click] [eat-scheduler-1] c.k.i.tracking.EventDedupCleanupJob      : Event dedup cleanup removed 0 expired row(s).
2026-09-09T02:39:33.836Z  INFO 2685267 --- [kivvi-click] [-auto-11-exec-1] o.a.c.c.C.[Tomcat-10].[localhost].[/]    : Initializing Spring DispatcherServlet 'dispatcherServlet'
2026-09-09T02:39:33.836Z  INFO 2685267 --- [kivvi-click] [-auto-11-exec-1] o.s.web.servlet.DispatcherServlet        : Initializing Servlet 'dispatcherServlet'
2026-09-09T02:39:33.836Z  INFO 2685267 --- [kivvi-click] [-auto-11-exec-1] o.s.web.servlet.DispatcherServlet        : Completed initialization in 0 ms
