WARNING: A terminally deprecated method in sun.misc.Unsafe has been called
WARNING: sun.misc.Unsafe::staticFieldBase has been called by com.google.inject.internal.aop.HiddenClassDefiner (file:/home/muszkin/.m2/wrapper/dists/apache-maven-3.9.11/a2d47e15/lib/guice-5.1.0-classes.jar)
WARNING: Please consider reporting this to the maintainers of class com.google.inject.internal.aop.HiddenClassDefiner
WARNING: sun.misc.Unsafe::staticFieldBase will be removed in a future release
03:09:24.133 [main] INFO click.kivvi.infrastructure.scheduling.HeartbeatJob -- Scheduler heartbeat tick.
03:09:24.146 [main] INFO click.kivvi.infrastructure.tracking.EventDedupCleanupJob -- Event dedup cleanup removed 3 expired row(s).
03:09:24.306 [main] INFO com.tngtech.archunit.core.PluginLoader -- Detected Java version 25.0.4.1
03:09:26.054 [main] INFO org.springframework.test.context.support.AnnotationConfigContextLoaderUtils -- Could not detect default configuration classes for test class [click.kivvi.web.SettingsControllerTest]: SettingsControllerTest does not declare any static, non-private, non-final, nested classes annotated with @Configuration.
03:09:26.168 [main] INFO org.springframework.boot.test.context.SpringBootTestContextBootstrapper -- Found @SpringBootConfiguration click.kivvi.KivviApplication for test class click.kivvi.web.SettingsControllerTest
03:09:26.170 [main] INFO org.springframework.test.context.support.AnnotationConfigContextLoaderUtils -- Could not detect default configuration classes for test class [click.kivvi.web.SettingsControllerTest]: SettingsControllerTest does not declare any static, non-private, non-final, nested classes annotated with @Configuration.
03:09:26.179 [main] INFO org.springframework.boot.test.context.SpringBootTestContextBootstrapper -- Found @SpringBootConfiguration click.kivvi.KivviApplication for test class click.kivvi.web.SettingsControllerTest

  .   ____          _            __ _ _
 /\\ / ___'_ __ _ _(_)_ __  __ _ \ \ \ \
( ( )\___ | '_ | '_| | '_ \/ _` | \ \ \ \
 \\/  ___)| |_)| | | | | || (_| |  ) ) ) )
  '  |____| .__|_| |_|_| |_\__, | / / / /
 =========|_|==============|___/=/_/_/_/

 :: Spring Boot ::                (v4.1.1)

2026-09-09T03:09:26.483Z  INFO 2851612 --- [kivvi-click] [           main] click.kivvi.web.SettingsControllerTest   : Starting SettingsControllerTest using Java 25.0.4.1 with PID 2851612 (started by muszkin in /home/muszkin/work/kivvi-click-wt/integration/backend)
2026-09-09T03:09:26.484Z  INFO 2851612 --- [kivvi-click] [           main] click.kivvi.web.SettingsControllerTest   : No active profile set, falling back to 1 default profile: "default"
2026-09-09T03:09:27.014Z  INFO 2851612 --- [kivvi-click] [           main] o.s.b.w.a.WelcomePageHandlerMapping      : Adding welcome page: class path resource [static/index.html]
2026-09-09T03:09:27.221Z  INFO 2851612 --- [kivvi-click] [           main] o.s.b.t.m.w.SpringBootMockServletContext : Initializing Spring TestDispatcherServlet ''
2026-09-09T03:09:27.221Z  INFO 2851612 --- [kivvi-click] [           main] o.s.t.web.servlet.TestDispatcherServlet  : Initializing Servlet ''
2026-09-09T03:09:27.223Z  INFO 2851612 --- [kivvi-click] [           main] o.s.t.web.servlet.TestDispatcherServlet  : Completed initialization in 2 ms
2026-09-09T03:09:27.253Z  INFO 2851612 --- [kivvi-click] [           main] click.kivvi.web.SettingsControllerTest   : Started SettingsControllerTest in 1.028 seconds (process running for 4.103)
OpenJDK 64-Bit Server VM warning: Sharing is only supported for boot loader classes because bootstrap classpath has been appended
2026-09-09T03:09:27.830Z  INFO 2851612 --- [kivvi-click] [           main] t.c.s.AnnotationConfigContextLoaderUtils : Could not detect default configuration classes for test class [click.kivvi.web.CampaignsControllerTest]: CampaignsControllerTest does not declare any static, non-private, non-final, nested classes annotated with @Configuration.
2026-09-09T03:09:27.836Z  INFO 2851612 --- [kivvi-click] [           main] .b.t.c.SpringBootTestContextBootstrapper : Found @SpringBootConfiguration click.kivvi.KivviApplication for test class click.kivvi.web.CampaignsControllerTest
2026-09-09T03:09:27.836Z  INFO 2851612 --- [kivvi-click] [           main] t.c.s.AnnotationConfigContextLoaderUtils : Could not detect default configuration classes for test class [click.kivvi.web.CampaignsControllerTest]: CampaignsControllerTest does not declare any static, non-private, non-final, nested classes annotated with @Configuration.
2026-09-09T03:09:27.841Z  INFO 2851612 --- [kivvi-click] [           main] .b.t.c.SpringBootTestContextBootstrapper : Found @SpringBootConfiguration click.kivvi.KivviApplication for test class click.kivvi.web.CampaignsControllerTest

  .   ____          _            __ _ _
 /\\ / ___'_ __ _ _(_)_ __  __ _ \ \ \ \
( ( )\___ | '_ | '_| | '_ \/ _` | \ \ \ \
 \\/  ___)| |_)| | | | | || (_| |  ) ) ) )
  '  |____| .__|_| |_|_| |_\__, | / / / /
 =========|_|==============|___/=/_/_/_/

 :: Spring Boot ::                (v4.1.1)

2026-09-09T03:09:27.864Z  INFO 2851612 --- [kivvi-click] [           main] c.kivvi.web.CampaignsControllerTest      : Starting CampaignsControllerTest using Java 25.0.4.1 with PID 2851612 (started by muszkin in /home/muszkin/work/kivvi-click-wt/integration/backend)
2026-09-09T03:09:27.865Z  INFO 2851612 --- [kivvi-click] [           main] c.kivvi.web.CampaignsControllerTest      : No active profile set, falling back to 1 default profile: "default"
2026-09-09T03:09:27.984Z  INFO 2851612 --- [kivvi-click] [           main] o.s.b.w.a.WelcomePageHandlerMapping      : Adding welcome page: class path resource [static/index.html]
2026-09-09T03:09:28.012Z  INFO 2851612 --- [kivvi-click] [           main] o.s.b.t.m.w.SpringBootMockServletContext : Initializing Spring TestDispatcherServlet ''
2026-09-09T03:09:28.012Z  INFO 2851612 --- [kivvi-click] [           main] o.s.t.web.servlet.TestDispatcherServlet  : Initializing Servlet ''
2026-09-09T03:09:28.013Z  INFO 2851612 --- [kivvi-click] [           main] o.s.t.web.servlet.TestDispatcherServlet  : Completed initialization in 1 ms
2026-09-09T03:09:28.017Z  INFO 2851612 --- [kivvi-click] [           main] c.kivvi.web.CampaignsControllerTest      : Started CampaignsControllerTest in 0.172 seconds (process running for 4.868)
2026-09-09T03:09:28.078Z  INFO 2851612 --- [kivvi-click] [           main] .b.t.c.SpringBootTestContextBootstrapper : Found @SpringBootConfiguration click.kivvi.KivviApplication for test class click.kivvi.web.CollectControllerTest
2026-09-09T03:09:28.083Z  INFO 2851612 --- [kivvi-click] [           main] .b.t.c.SpringBootTestContextBootstrapper : Found @SpringBootConfiguration click.kivvi.KivviApplication for test class click.kivvi.web.CollectControllerTest

  .   ____          _            __ _ _
 /\\ / ___'_ __ _ _(_)_ __  __ _ \ \ \ \
( ( )\___ | '_ | '_| | '_ \/ _` | \ \ \ \
 \\/  ___)| |_)| | | | | || (_| |  ) ) ) )
  '  |____| .__|_| |_|_| |_\__, | / / / /
 =========|_|==============|___/=/_/_/_/

 :: Spring Boot ::                (v4.1.1)

2026-09-09T03:09:28.104Z  INFO 2851612 --- [kivvi-click] [           main] click.kivvi.web.CollectControllerTest    : Starting CollectControllerTest using Java 25.0.4.1 with PID 2851612 (started by muszkin in /home/muszkin/work/kivvi-click-wt/integration/backend)
2026-09-09T03:09:28.104Z  INFO 2851612 --- [kivvi-click] [           main] click.kivvi.web.CollectControllerTest    : No active profile set, falling back to 1 default profile: "default"
2026-09-09T03:09:28.246Z  INFO 2851612 --- [kivvi-click] [           main] o.s.b.w.a.WelcomePageHandlerMapping      : Adding welcome page: class path resource [static/index.html]
2026-09-09T03:09:28.265Z  INFO 2851612 --- [kivvi-click] [           main] o.s.b.t.m.w.SpringBootMockServletContext : Initializing Spring TestDispatcherServlet ''
2026-09-09T03:09:28.265Z  INFO 2851612 --- [kivvi-click] [           main] o.s.t.web.servlet.TestDispatcherServlet  : Initializing Servlet ''
2026-09-09T03:09:28.266Z  INFO 2851612 --- [kivvi-click] [           main] o.s.t.web.servlet.TestDispatcherServlet  : Completed initialization in 1 ms
2026-09-09T03:09:28.272Z  INFO 2851612 --- [kivvi-click] [           main] click.kivvi.web.CollectControllerTest    : Started CollectControllerTest in 0.186 seconds (process running for 5.123)
2026-09-09T03:09:28.350Z  INFO 2851612 --- [kivvi-click] [           main] t.c.s.AnnotationConfigContextLoaderUtils : Could not detect default configuration classes for test class [click.kivvi.web.AutomationsControllerTest]: AutomationsControllerTest does not declare any static, non-private, non-final, nested classes annotated with @Configuration.
2026-09-09T03:09:28.354Z  INFO 2851612 --- [kivvi-click] [           main] .b.t.c.SpringBootTestContextBootstrapper : Found @SpringBootConfiguration click.kivvi.KivviApplication for test class click.kivvi.web.AutomationsControllerTest
2026-09-09T03:09:28.355Z  INFO 2851612 --- [kivvi-click] [           main] t.c.s.AnnotationConfigContextLoaderUtils : Could not detect default configuration classes for test class [click.kivvi.web.AutomationsControllerTest]: AutomationsControllerTest does not declare any static, non-private, non-final, nested classes annotated with @Configuration.
2026-09-09T03:09:28.358Z  INFO 2851612 --- [kivvi-click] [           main] .b.t.c.SpringBootTestContextBootstrapper : Found @SpringBootConfiguration click.kivvi.KivviApplication for test class click.kivvi.web.AutomationsControllerTest

  .   ____          _            __ _ _
 /\\ / ___'_ __ _ _(_)_ __  __ _ \ \ \ \
( ( )\___ | '_ | '_| | '_ \/ _` | \ \ \ \
 \\/  ___)| |_)| | | | | || (_| |  ) ) ) )
  '  |____| .__|_| |_|_| |_\__, | / / / /
 =========|_|==============|___/=/_/_/_/

 :: Spring Boot ::                (v4.1.1)

2026-09-09T03:09:28.374Z  INFO 2851612 --- [kivvi-click] [           main] c.kivvi.web.AutomationsControllerTest    : Starting AutomationsControllerTest using Java 25.0.4.1 with PID 2851612 (started by muszkin in /home/muszkin/work/kivvi-click-wt/integration/backend)
2026-09-09T03:09:28.374Z  INFO 2851612 --- [kivvi-click] [           main] c.kivvi.web.AutomationsControllerTest    : No active profile set, falling back to 1 default profile: "default"
2026-09-09T03:09:28.452Z  INFO 2851612 --- [kivvi-click] [           main] o.s.b.w.a.WelcomePageHandlerMapping      : Adding welcome page: class path resource [static/index.html]
2026-09-09T03:09:28.476Z  INFO 2851612 --- [kivvi-click] [           main] o.s.b.t.m.w.SpringBootMockServletContext : Initializing Spring TestDispatcherServlet ''
2026-09-09T03:09:28.476Z  INFO 2851612 --- [kivvi-click] [           main] o.s.t.web.servlet.TestDispatcherServlet  : Initializing Servlet ''
2026-09-09T03:09:28.477Z  INFO 2851612 --- [kivvi-click] [           main] o.s.t.web.servlet.TestDispatcherServlet  : Completed initialization in 1 ms
2026-09-09T03:09:28.481Z  INFO 2851612 --- [kivvi-click] [           main] c.kivvi.web.AutomationsControllerTest    : Started AutomationsControllerTest in 0.121 seconds (process running for 5.331)
2026-09-09T03:09:28.534Z  INFO 2851612 --- [kivvi-click] [           main] t.c.s.AnnotationConfigContextLoaderUtils : Could not detect default configuration classes for test class [click.kivvi.web.FeedsControllerTest]: FeedsControllerTest does not declare any static, non-private, non-final, nested classes annotated with @Configuration.
2026-09-09T03:09:28.550Z  INFO 2851612 --- [kivvi-click] [           main] .b.t.c.SpringBootTestContextBootstrapper : Found @SpringBootConfiguration click.kivvi.KivviApplication for test class click.kivvi.web.FeedsControllerTest
2026-09-09T03:09:28.550Z  INFO 2851612 --- [kivvi-click] [           main] t.c.s.AnnotationConfigContextLoaderUtils : Could not detect default configuration classes for test class [click.kivvi.web.FeedsControllerTest]: FeedsControllerTest does not declare any static, non-private, non-final, nested classes annotated with @Configuration.
2026-09-09T03:09:28.554Z  INFO 2851612 --- [kivvi-click] [           main] .b.t.c.SpringBootTestContextBootstrapper : Found @SpringBootConfiguration click.kivvi.KivviApplication for test class click.kivvi.web.FeedsControllerTest

  .   ____          _            __ _ _
 /\\ / ___'_ __ _ _(_)_ __  __ _ \ \ \ \
( ( )\___ | '_ | '_| | '_ \/ _` | \ \ \ \
 \\/  ___)| |_)| | | | | || (_| |  ) ) ) )
  '  |____| .__|_| |_|_| |_\__, | / / / /
 =========|_|==============|___/=/_/_/_/

 :: Spring Boot ::                (v4.1.1)

2026-09-09T03:09:28.570Z  INFO 2851612 --- [kivvi-click] [           main] click.kivvi.web.FeedsControllerTest      : Starting FeedsControllerTest using Java 25.0.4.1 with PID 2851612 (started by muszkin in /home/muszkin/work/kivvi-click-wt/integration/backend)
2026-09-09T03:09:28.570Z  INFO 2851612 --- [kivvi-click] [           main] click.kivvi.web.FeedsControllerTest      : No active profile set, falling back to 1 default profile: "default"
2026-09-09T03:09:28.642Z  INFO 2851612 --- [kivvi-click] [           main] o.s.b.w.a.WelcomePageHandlerMapping      : Adding welcome page: class path resource [static/index.html]
2026-09-09T03:09:28.663Z  INFO 2851612 --- [kivvi-click] [           main] o.s.b.t.m.w.SpringBootMockServletContext : Initializing Spring TestDispatcherServlet ''
2026-09-09T03:09:28.664Z  INFO 2851612 --- [kivvi-click] [           main] o.s.t.web.servlet.TestDispatcherServlet  : Initializing Servlet ''
2026-09-09T03:09:28.665Z  INFO 2851612 --- [kivvi-click] [           main] o.s.t.web.servlet.TestDispatcherServlet  : Completed initialization in 1 ms
2026-09-09T03:09:28.669Z  INFO 2851612 --- [kivvi-click] [           main] click.kivvi.web.FeedsControllerTest      : Started FeedsControllerTest in 0.112 seconds (process running for 5.519)
2026-09-09T03:09:28.688Z  INFO 2851612 --- [kivvi-click] [           main] t.c.s.AnnotationConfigContextLoaderUtils : Could not detect default configuration classes for test class [click.kivvi.web.LoginControllerTest]: LoginControllerTest does not declare any static, non-private, non-final, nested classes annotated with @Configuration.
2026-09-09T03:09:28.693Z  INFO 2851612 --- [kivvi-click] [           main] .b.t.c.SpringBootTestContextBootstrapper : Found @SpringBootConfiguration click.kivvi.KivviApplication for test class click.kivvi.web.LoginControllerTest
2026-09-09T03:09:28.693Z  INFO 2851612 --- [kivvi-click] [           main] t.c.s.AnnotationConfigContextLoaderUtils : Could not detect default configuration classes for test class [click.kivvi.web.LoginControllerTest]: LoginControllerTest does not declare any static, non-private, non-final, nested classes annotated with @Configuration.
2026-09-09T03:09:28.697Z  INFO 2851612 --- [kivvi-click] [           main] .b.t.c.SpringBootTestContextBootstrapper : Found @SpringBootConfiguration click.kivvi.KivviApplication for test class click.kivvi.web.LoginControllerTest

  .   ____          _            __ _ _
 /\\ / ___'_ __ _ _(_)_ __  __ _ \ \ \ \
( ( )\___ | '_ | '_| | '_ \/ _` | \ \ \ \
 \\/  ___)| |_)| | | | | || (_| |  ) ) ) )
  '  |____| .__|_| |_|_| |_\__, | / / / /
 =========|_|==============|___/=/_/_/_/

 :: Spring Boot ::                (v4.1.1)

2026-09-09T03:09:28.711Z  INFO 2851612 --- [kivvi-click] [           main] click.kivvi.web.LoginControllerTest      : Starting LoginControllerTest using Java 25.0.4.1 with PID 2851612 (started by muszkin in /home/muszkin/work/kivvi-click-wt/integration/backend)
2026-09-09T03:09:28.711Z  INFO 2851612 --- [kivvi-click] [           main] click.kivvi.web.LoginControllerTest      : No active profile set, falling back to 1 default profile: "default"
2026-09-09T03:09:28.787Z  INFO 2851612 --- [kivvi-click] [           main] o.s.b.w.a.WelcomePageHandlerMapping      : Adding welcome page: class path resource [static/index.html]
2026-09-09T03:09:28.811Z  INFO 2851612 --- [kivvi-click] [           main] o.s.b.t.m.w.SpringBootMockServletContext : Initializing Spring TestDispatcherServlet ''
2026-09-09T03:09:28.811Z  INFO 2851612 --- [kivvi-click] [           main] o.s.t.web.servlet.TestDispatcherServlet  : Initializing Servlet ''
2026-09-09T03:09:28.812Z  INFO 2851612 --- [kivvi-click] [           main] o.s.t.web.servlet.TestDispatcherServlet  : Completed initialization in 1 ms
2026-09-09T03:09:28.816Z  INFO 2851612 --- [kivvi-click] [           main] click.kivvi.web.LoginControllerTest      : Started LoginControllerTest in 0.117 seconds (process running for 5.667)
2026-09-09T03:09:28.838Z  INFO 2851612 --- [kivvi-click] [           main] t.c.s.AnnotationConfigContextLoaderUtils : Could not detect default configuration classes for test class [click.kivvi.web.CustomersControllerTest]: CustomersControllerTest does not declare any static, non-private, non-final, nested classes annotated with @Configuration.
2026-09-09T03:09:28.844Z  INFO 2851612 --- [kivvi-click] [           main] .b.t.c.SpringBootTestContextBootstrapper : Found @SpringBootConfiguration click.kivvi.KivviApplication for test class click.kivvi.web.CustomersControllerTest
2026-09-09T03:09:28.844Z  INFO 2851612 --- [kivvi-click] [           main] t.c.s.AnnotationConfigContextLoaderUtils : Could not detect default configuration classes for test class [click.kivvi.web.CustomersControllerTest]: CustomersControllerTest does not declare any static, non-private, non-final, nested classes annotated with @Configuration.
2026-09-09T03:09:28.848Z  INFO 2851612 --- [kivvi-click] [           main] .b.t.c.SpringBootTestContextBootstrapper : Found @SpringBootConfiguration click.kivvi.KivviApplication for test class click.kivvi.web.CustomersControllerTest

  .   ____          _            __ _ _
 /\\ / ___'_ __ _ _(_)_ __  __ _ \ \ \ \
( ( )\___ | '_ | '_| | '_ \/ _` | \ \ \ \
 \\/  ___)| |_)| | | | | || (_| |  ) ) ) )
  '  |____| .__|_| |_|_| |_\__, | / / / /
 =========|_|==============|___/=/_/_/_/

 :: Spring Boot ::                (v4.1.1)

2026-09-09T03:09:28.861Z  INFO 2851612 --- [kivvi-click] [           main] c.kivvi.web.CustomersControllerTest      : Starting CustomersControllerTest using Java 25.0.4.1 with PID 2851612 (started by muszkin in /home/muszkin/work/kivvi-click-wt/integration/backend)
2026-09-09T03:09:28.861Z  INFO 2851612 --- [kivvi-click] [           main] c.kivvi.web.CustomersControllerTest      : No active profile set, falling back to 1 default profile: "default"
2026-09-09T03:09:28.934Z  INFO 2851612 --- [kivvi-click] [           main] o.s.b.w.a.WelcomePageHandlerMapping      : Adding welcome page: class path resource [static/index.html]
2026-09-09T03:09:28.954Z  INFO 2851612 --- [kivvi-click] [           main] o.s.b.t.m.w.SpringBootMockServletContext : Initializing Spring TestDispatcherServlet ''
2026-09-09T03:09:28.955Z  INFO 2851612 --- [kivvi-click] [           main] o.s.t.web.servlet.TestDispatcherServlet  : Initializing Servlet ''
2026-09-09T03:09:28.955Z  INFO 2851612 --- [kivvi-click] [           main] o.s.t.web.servlet.TestDispatcherServlet  : Completed initialization in 0 ms
2026-09-09T03:09:28.959Z  INFO 2851612 --- [kivvi-click] [           main] c.kivvi.web.CustomersControllerTest      : Started CustomersControllerTest in 0.109 seconds (process running for 5.809)
2026-09-09T03:09:29.003Z  INFO 2851612 --- [kivvi-click] [           main] t.c.s.AnnotationConfigContextLoaderUtils : Could not detect default configuration classes for test class [click.kivvi.web.LandingControllerTest]: LandingControllerTest does not declare any static, non-private, non-final, nested classes annotated with @Configuration.
2026-09-09T03:09:29.007Z  INFO 2851612 --- [kivvi-click] [           main] .b.t.c.SpringBootTestContextBootstrapper : Found @SpringBootConfiguration click.kivvi.KivviApplication for test class click.kivvi.web.LandingControllerTest
2026-09-09T03:09:29.007Z  INFO 2851612 --- [kivvi-click] [           main] t.c.s.AnnotationConfigContextLoaderUtils : Could not detect default configuration classes for test class [click.kivvi.web.LandingControllerTest]: LandingControllerTest does not declare any static, non-private, non-final, nested classes annotated with @Configuration.
2026-09-09T03:09:29.010Z  INFO 2851612 --- [kivvi-click] [           main] .b.t.c.SpringBootTestContextBootstrapper : Found @SpringBootConfiguration click.kivvi.KivviApplication for test class click.kivvi.web.LandingControllerTest

  .   ____          _            __ _ _
 /\\ / ___'_ __ _ _(_)_ __  __ _ \ \ \ \
( ( )\___ | '_ | '_| | '_ \/ _` | \ \ \ \
 \\/  ___)| |_)| | | | | || (_| |  ) ) ) )
  '  |____| .__|_| |_|_| |_\__, | / / / /
 =========|_|==============|___/=/_/_/_/

 :: Spring Boot ::                (v4.1.1)

2026-09-09T03:09:29.023Z  INFO 2851612 --- [kivvi-click] [           main] click.kivvi.web.LandingControllerTest    : Starting LandingControllerTest using Java 25.0.4.1 with PID 2851612 (started by muszkin in /home/muszkin/work/kivvi-click-wt/integration/backend)
2026-09-09T03:09:29.023Z  INFO 2851612 --- [kivvi-click] [           main] click.kivvi.web.LandingControllerTest    : No active profile set, falling back to 1 default profile: "default"
2026-09-09T03:09:29.082Z  INFO 2851612 --- [kivvi-click] [           main] o.s.b.w.a.WelcomePageHandlerMapping      : Adding welcome page: class path resource [static/index.html]
2026-09-09T03:09:29.099Z  INFO 2851612 --- [kivvi-click] [           main] o.s.b.t.m.w.SpringBootMockServletContext : Initializing Spring TestDispatcherServlet ''
2026-09-09T03:09:29.099Z  INFO 2851612 --- [kivvi-click] [           main] o.s.t.web.servlet.TestDispatcherServlet  : Initializing Servlet ''
2026-09-09T03:09:29.099Z  INFO 2851612 --- [kivvi-click] [           main] o.s.t.web.servlet.TestDispatcherServlet  : Completed initialization in 0 ms
2026-09-09T03:09:29.102Z  INFO 2851612 --- [kivvi-click] [           main] click.kivvi.web.LandingControllerTest    : Started LandingControllerTest in 0.09 seconds (process running for 5.953)
2026-09-09T03:09:29.125Z  INFO 2851612 --- [kivvi-click] [           main] t.c.s.AnnotationConfigContextLoaderUtils : Could not detect default configuration classes for test class [click.kivvi.web.EventsControllerTest]: EventsControllerTest does not declare any static, non-private, non-final, nested classes annotated with @Configuration.
2026-09-09T03:09:29.129Z  INFO 2851612 --- [kivvi-click] [           main] .b.t.c.SpringBootTestContextBootstrapper : Found @SpringBootConfiguration click.kivvi.KivviApplication for test class click.kivvi.web.EventsControllerTest
2026-09-09T03:09:29.129Z  INFO 2851612 --- [kivvi-click] [           main] t.c.s.AnnotationConfigContextLoaderUtils : Could not detect default configuration classes for test class [click.kivvi.web.EventsControllerTest]: EventsControllerTest does not declare any static, non-private, non-final, nested classes annotated with @Configuration.
2026-09-09T03:09:29.132Z  INFO 2851612 --- [kivvi-click] [           main] .b.t.c.SpringBootTestContextBootstrapper : Found @SpringBootConfiguration click.kivvi.KivviApplication for test class click.kivvi.web.EventsControllerTest

  .   ____          _            __ _ _
 /\\ / ___'_ __ _ _(_)_ __  __ _ \ \ \ \
( ( )\___ | '_ | '_| | '_ \/ _` | \ \ \ \
 \\/  ___)| |_)| | | | | || (_| |  ) ) ) )
  '  |____| .__|_| |_|_| |_\__, | / / / /
 =========|_|==============|___/=/_/_/_/

 :: Spring Boot ::                (v4.1.1)

2026-09-09T03:09:29.143Z  INFO 2851612 --- [kivvi-click] [           main] click.kivvi.web.EventsControllerTest     : Starting EventsControllerTest using Java 25.0.4.1 with PID 2851612 (started by muszkin in /home/muszkin/work/kivvi-click-wt/integration/backend)
2026-09-09T03:09:29.143Z  INFO 2851612 --- [kivvi-click] [           main] click.kivvi.web.EventsControllerTest     : No active profile set, falling back to 1 default profile: "default"
2026-09-09T03:09:29.210Z  INFO 2851612 --- [kivvi-click] [           main] o.s.b.w.a.WelcomePageHandlerMapping      : Adding welcome page: class path resource [static/index.html]
2026-09-09T03:09:29.228Z  INFO 2851612 --- [kivvi-click] [           main] o.s.b.t.m.w.SpringBootMockServletContext : Initializing Spring TestDispatcherServlet ''
2026-09-09T03:09:29.229Z  INFO 2851612 --- [kivvi-click] [           main] o.s.t.web.servlet.TestDispatcherServlet  : Initializing Servlet ''
2026-09-09T03:09:29.229Z  INFO 2851612 --- [kivvi-click] [           main] o.s.t.web.servlet.TestDispatcherServlet  : Completed initialization in 0 ms
2026-09-09T03:09:29.232Z  INFO 2851612 --- [kivvi-click] [           main] click.kivvi.web.EventsControllerTest     : Started EventsControllerTest in 0.099 seconds (process running for 6.083)
2026-09-09T03:09:29.256Z  INFO 2851612 --- [kivvi-click] [           main] t.c.s.AnnotationConfigContextLoaderUtils : Could not detect default configuration classes for test class [click.kivvi.web.SpaDocumentControllerTest]: SpaDocumentControllerTest does not declare any static, non-private, non-final, nested classes annotated with @Configuration.
2026-09-09T03:09:29.260Z  INFO 2851612 --- [kivvi-click] [           main] .b.t.c.SpringBootTestContextBootstrapper : Found @SpringBootConfiguration click.kivvi.KivviApplication for test class click.kivvi.web.SpaDocumentControllerTest
2026-09-09T03:09:29.261Z  INFO 2851612 --- [kivvi-click] [           main] t.c.s.AnnotationConfigContextLoaderUtils : Could not detect default configuration classes for test class [click.kivvi.web.SpaDocumentControllerTest]: SpaDocumentControllerTest does not declare any static, non-private, non-final, nested classes annotated with @Configuration.
2026-09-09T03:09:29.264Z  INFO 2851612 --- [kivvi-click] [           main] .b.t.c.SpringBootTestContextBootstrapper : Found @SpringBootConfiguration click.kivvi.KivviApplication for test class click.kivvi.web.SpaDocumentControllerTest

  .   ____          _            __ _ _
 /\\ / ___'_ __ _ _(_)_ __  __ _ \ \ \ \
( ( )\___ | '_ | '_| | '_ \/ _` | \ \ \ \
 \\/  ___)| |_)| | | | | || (_| |  ) ) ) )
  '  |____| .__|_| |_|_| |_\__, | / / / /
 =========|_|==============|___/=/_/_/_/

 :: Spring Boot ::                (v4.1.1)

2026-09-09T03:09:29.278Z  INFO 2851612 --- [kivvi-click] [           main] c.kivvi.web.SpaDocumentControllerTest    : Starting SpaDocumentControllerTest using Java 25.0.4.1 with PID 2851612 (started by muszkin in /home/muszkin/work/kivvi-click-wt/integration/backend)
2026-09-09T03:09:29.278Z  INFO 2851612 --- [kivvi-click] [           main] c.kivvi.web.SpaDocumentControllerTest    : No active profile set, falling back to 1 default profile: "default"
2026-09-09T03:09:29.336Z  INFO 2851612 --- [kivvi-click] [           main] o.s.b.w.a.WelcomePageHandlerMapping      : Adding welcome page: class path resource [static/index.html]
2026-09-09T03:09:29.356Z  INFO 2851612 --- [kivvi-click] [           main] o.s.b.t.m.w.SpringBootMockServletContext : Initializing Spring TestDispatcherServlet ''
2026-09-09T03:09:29.356Z  INFO 2851612 --- [kivvi-click] [           main] o.s.t.web.servlet.TestDispatcherServlet  : Initializing Servlet ''
2026-09-09T03:09:29.357Z  INFO 2851612 --- [kivvi-click] [           main] o.s.t.web.servlet.TestDispatcherServlet  : Completed initialization in 0 ms
2026-09-09T03:09:29.360Z  INFO 2851612 --- [kivvi-click] [           main] c.kivvi.web.SpaDocumentControllerTest    : Started SpaDocumentControllerTest in 0.094 seconds (process running for 6.21)
2026-09-09T03:09:29.451Z  INFO 2851612 --- [kivvi-click] [           main] t.c.s.AnnotationConfigContextLoaderUtils : Could not detect default configuration classes for test class [click.kivvi.web.PreferencesControllerTest]: PreferencesControllerTest does not declare any static, non-private, non-final, nested classes annotated with @Configuration.
2026-09-09T03:09:29.454Z  INFO 2851612 --- [kivvi-click] [           main] .b.t.c.SpringBootTestContextBootstrapper : Found @SpringBootConfiguration click.kivvi.KivviApplication for test class click.kivvi.web.PreferencesControllerTest
2026-09-09T03:09:29.455Z  INFO 2851612 --- [kivvi-click] [           main] t.c.s.AnnotationConfigContextLoaderUtils : Could not detect default configuration classes for test class [click.kivvi.web.PreferencesControllerTest]: PreferencesControllerTest does not declare any static, non-private, non-final, nested classes annotated with @Configuration.
2026-09-09T03:09:29.458Z  INFO 2851612 --- [kivvi-click] [           main] .b.t.c.SpringBootTestContextBootstrapper : Found @SpringBootConfiguration click.kivvi.KivviApplication for test class click.kivvi.web.PreferencesControllerTest

  .   ____          _            __ _ _
 /\\ / ___'_ __ _ _(_)_ __  __ _ \ \ \ \
( ( )\___ | '_ | '_| | '_ \/ _` | \ \ \ \
 \\/  ___)| |_)| | | | | || (_| |  ) ) ) )
  '  |____| .__|_| |_|_| |_\__, | / / / /
 =========|_|==============|___/=/_/_/_/

 :: Spring Boot ::                (v4.1.1)

2026-09-09T03:09:29.470Z  INFO 2851612 --- [kivvi-click] [           main] c.kivvi.web.PreferencesControllerTest    : Starting PreferencesControllerTest using Java 25.0.4.1 with PID 2851612 (started by muszkin in /home/muszkin/work/kivvi-click-wt/integration/backend)
2026-09-09T03:09:29.470Z  INFO 2851612 --- [kivvi-click] [           main] c.kivvi.web.PreferencesControllerTest    : No active profile set, falling back to 1 default profile: "default"
2026-09-09T03:09:29.530Z  INFO 2851612 --- [kivvi-click] [           main] o.s.b.w.a.WelcomePageHandlerMapping      : Adding welcome page: class path resource [static/index.html]
2026-09-09T03:09:29.541Z  INFO 2851612 --- [kivvi-click] [           main] o.s.b.t.m.w.SpringBootMockServletContext : Initializing Spring TestDispatcherServlet ''
2026-09-09T03:09:29.541Z  INFO 2851612 --- [kivvi-click] [           main] o.s.t.web.servlet.TestDispatcherServlet  : Initializing Servlet ''
2026-09-09T03:09:29.542Z  INFO 2851612 --- [kivvi-click] [           main] o.s.t.web.servlet.TestDispatcherServlet  : Completed initialization in 1 ms
2026-09-09T03:09:29.544Z  INFO 2851612 --- [kivvi-click] [           main] c.kivvi.web.PreferencesControllerTest    : Started PreferencesControllerTest in 0.085 seconds (process running for 6.395)
03:09:30.669 [main] INFO org.testcontainers.images.PullPolicy -- Image pull policy will be performed by: DefaultPullPolicy()
03:09:30.672 [main] INFO org.testcontainers.utility.ImageNameSubstitutor -- Image name substitution will be performed by: DefaultImageNameSubstitutor (composite of 'ConfigurationFileImageNameSubstitutor' and 'PrefixingImageNameSubstitutor')
03:09:30.691 [main] INFO org.testcontainers.DockerClientFactory -- Testcontainers version: 2.0.5
03:09:30.813 [main] INFO org.testcontainers.dockerclient.DockerClientProviderStrategy -- Loaded org.testcontainers.dockerclient.UnixSocketClientProviderStrategy from ~/.testcontainers.properties, will try it first
03:09:31.114 [main] INFO org.testcontainers.dockerclient.DockerClientProviderStrategy -- Found Docker environment with local Unix socket (unix:///var/run/docker.sock)
03:09:31.115 [main] INFO org.testcontainers.DockerClientFactory -- Docker host IP address is localhost
03:09:31.128 [main] INFO org.testcontainers.DockerClientFactory -- Connected to docker: 
  Server Version: 29.8.0
  API Version: 1.56
  Operating System: Ubuntu 24.04.4 LTS
  Total Memory: 128182 MB
03:09:31.159 [main] INFO tc.testcontainers/ryuk:0.14.0 -- Creating container for image: testcontainers/ryuk:0.14.0
03:09:31.163 [main] INFO org.testcontainers.utility.RegistryAuthLocator -- Failure when attempting to lookup auth config. Please ignore if you don't have images in an authenticated registry. Details: (dockerImageName: testcontainers/ryuk:0.14.0, configFile: /home/muszkin/.docker/config.json, configEnv: DOCKER_AUTH_CONFIG). Falling back to docker-java default behaviour. Exception message: Status 404: No config supplied. Checked in order: /home/muszkin/.docker/config.json (file not found), DOCKER_AUTH_CONFIG (not set)
03:09:31.234 [main] INFO tc.testcontainers/ryuk:0.14.0 -- Container testcontainers/ryuk:0.14.0 is starting: db0e067dba9f94f31bf99bdfa4b2cf7492f43e076a632ef5f532dce606b90a59
03:09:31.487 [main] INFO tc.testcontainers/ryuk:0.14.0 -- Container testcontainers/ryuk:0.14.0 started in PT0.328453411S
03:09:31.491 [main] INFO org.testcontainers.utility.RyukResourceReaper -- Ryuk started - will monitor and terminate Testcontainers containers on JVM exit
03:09:31.491 [main] INFO org.testcontainers.DockerClientFactory -- Checking the system...
03:09:31.491 [main] INFO org.testcontainers.DockerClientFactory -- ✔︎ Docker server version should be at least 1.6.0
03:09:31.491 [main] INFO tc.postgres:18-alpine -- Creating container for image: postgres:18-alpine
03:09:31.507 [main] INFO tc.postgres:18-alpine -- Container postgres:18-alpine is starting: 79d4255b03a527e8b2a1f6401f7b1449520070aaa63a0b247c86dcefa473660e
03:09:32.837 [main] INFO tc.postgres:18-alpine -- Container postgres:18-alpine started in PT1.345143883S
03:09:32.837 [main] INFO tc.postgres:18-alpine -- Container is started (JDBC URL: jdbc:postgresql://localhost:34104/test?loggerLevel=OFF)
03:09:32.913 [main] INFO org.springframework.test.context.support.AnnotationConfigContextLoaderUtils -- Could not detect default configuration classes for test class [click.kivvi.CampaignsApiIT]: CampaignsApiIT does not declare any static, non-private, non-final, nested classes annotated with @Configuration.
03:09:33.014 [main] INFO org.springframework.boot.test.context.SpringBootTestContextBootstrapper -- Found @SpringBootConfiguration click.kivvi.KivviApplication for test class click.kivvi.CampaignsApiIT
03:09:33.067 [main] INFO org.springframework.test.context.support.AnnotationConfigContextLoaderUtils -- Could not detect default configuration classes for test class [click.kivvi.CampaignsApiIT]: CampaignsApiIT does not declare any static, non-private, non-final, nested classes annotated with @Configuration.
03:09:33.072 [main] INFO org.springframework.boot.test.context.SpringBootTestContextBootstrapper -- Found @SpringBootConfiguration click.kivvi.KivviApplication for test class click.kivvi.CampaignsApiIT

  .   ____          _            __ _ _
 /\\ / ___'_ __ _ _(_)_ __  __ _ \ \ \ \
( ( )\___ | '_ | '_| | '_ \/ _` | \ \ \ \
 \\/  ___)| |_)| | | | | || (_| |  ) ) ) )
  '  |____| .__|_| |_|_| |_\__, | / / / /
 =========|_|==============|___/=/_/_/_/

 :: Spring Boot ::                (v4.1.1)

2026-09-09T03:09:33.348Z  INFO 2852263 --- [kivvi-click] [           main] click.kivvi.CampaignsApiIT               : Starting CampaignsApiIT using Java 25.0.4.1 with PID 2852263 (started by muszkin in /home/muszkin/work/kivvi-click-wt/integration/backend)
2026-09-09T03:09:33.350Z  INFO 2852263 --- [kivvi-click] [           main] click.kivvi.CampaignsApiIT               : No active profile set, falling back to 1 default profile: "default"
2026-09-09T03:09:34.478Z  INFO 2852263 --- [kivvi-click] [           main] o.s.boot.tomcat.TomcatWebServer          : Tomcat initialized with port 0 (http)
2026-09-09T03:09:34.490Z  INFO 2852263 --- [kivvi-click] [           main] o.apache.catalina.core.StandardService   : Starting service [Tomcat]
2026-09-09T03:09:34.491Z  INFO 2852263 --- [kivvi-click] [           main] o.apache.catalina.core.StandardEngine    : Starting Servlet engine: [Apache Tomcat/11.0.24]
2026-09-09T03:09:34.522Z  INFO 2852263 --- [kivvi-click] [           main] b.w.c.s.WebApplicationContextInitializer : Root WebApplicationContext: initialization completed in 1155 ms
2026-09-09T03:09:34.934Z  INFO 2852263 --- [kivvi-click] [           main] org.flywaydb.core.FlywayExecutor         : Database: jdbc:postgresql://localhost:34104/test?loggerLevel=OFF (PostgreSQL 18.6)
2026-09-09T03:09:34.976Z  INFO 2852263 --- [kivvi-click] [           main] o.f.c.i.s.JdbcTableSchemaHistory         : Schema history table "public"."flyway_schema_history" does not exist yet
2026-09-09T03:09:34.979Z  INFO 2852263 --- [kivvi-click] [           main] o.f.core.internal.command.DbValidate     : Successfully validated 1 migration (execution time 00:00.011s)
2026-09-09T03:09:34.989Z  INFO 2852263 --- [kivvi-click] [           main] o.f.c.i.s.JdbcTableSchemaHistory         : Creating Schema History table "public"."flyway_schema_history" ...
2026-09-09T03:09:35.033Z  INFO 2852263 --- [kivvi-click] [           main] o.f.core.internal.command.DbMigrate      : Current version of schema "public": << Empty Schema >>
2026-09-09T03:09:35.047Z  INFO 2852263 --- [kivvi-click] [           main] o.f.core.internal.command.DbMigrate      : Migrating schema "public" to version "1 - baseline"
2026-09-09T03:09:35.074Z  INFO 2852263 --- [kivvi-click] [           main] o.f.core.internal.command.DbMigrate      : Successfully applied 1 migration to schema "public", now at version v1 (execution time 00:00.019s)
2026-09-09T03:09:35.225Z  INFO 2852263 --- [kivvi-click] [           main] o.s.b.w.a.WelcomePageHandlerMapping      : Adding welcome page: class path resource [static/index.html]
2026-09-09T03:09:35.567Z  INFO 2852263 --- [kivvi-click] [           main] com.zaxxer.hikari.HikariDataSource       : HikariPool-1 - Starting...
2026-09-09T03:09:35.581Z  INFO 2852263 --- [kivvi-click] [           main] com.zaxxer.hikari.pool.HikariPool        : HikariPool-1 - Added connection org.postgresql.jdbc.PgConnection@2f0b5d79
2026-09-09T03:09:35.582Z  INFO 2852263 --- [kivvi-click] [           main] com.zaxxer.hikari.HikariDataSource       : HikariPool-1 - Start completed.
2026-09-09T03:09:35.614Z  INFO 2852263 --- [kivvi-click] [           main] o.s.b.a.e.web.EndpointLinksResolver      : Exposing 1 endpoint beneath base path '/actuator'
2026-09-09T03:09:35.655Z  INFO 2852263 --- [kivvi-click] [           main] o.s.boot.tomcat.TomcatWebServer          : Tomcat started on port 33581 (http) with context path '/'
2026-09-09T03:09:35.672Z  INFO 2852263 --- [kivvi-click] [           main] click.kivvi.CampaignsApiIT               : Started CampaignsApiIT in 2.557 seconds (process running for 5.639)
2026-09-09T03:09:35.686Z  INFO 2852263 --- [kivvi-click] [eat-scheduler-1] c.k.i.scheduling.HeartbeatJob            : Scheduler heartbeat tick.
2026-09-09T03:09:35.697Z  INFO 2852263 --- [kivvi-click] [eat-scheduler-1] c.k.i.tracking.EventDedupCleanupJob      : Event dedup cleanup removed 0 expired row(s).
OpenJDK 64-Bit Server VM warning: Sharing is only supported for boot loader classes because bootstrap classpath has been appended
2026-09-09T03:09:36.189Z  INFO 2852263 --- [kivvi-click] [o-auto-1-exec-1] o.a.c.c.C.[Tomcat].[localhost].[/]       : Initializing Spring DispatcherServlet 'dispatcherServlet'
2026-09-09T03:09:36.190Z  INFO 2852263 --- [kivvi-click] [o-auto-1-exec-1] o.s.web.servlet.DispatcherServlet        : Initializing Servlet 'dispatcherServlet'
2026-09-09T03:09:36.191Z  INFO 2852263 --- [kivvi-click] [o-auto-1-exec-1] o.s.web.servlet.DispatcherServlet        : Completed initialization in 1 ms
2026-09-09T03:09:36.577Z  INFO 2852263 --- [kivvi-click] [           main] tc.postgres:18-alpine                    : Creating container for image: postgres:18-alpine
2026-09-09T03:09:36.593Z  INFO 2852263 --- [kivvi-click] [           main] tc.postgres:18-alpine                    : Container postgres:18-alpine is starting: 98e61d5b5892e9ad41003d34014f2fca9c3c335e2a54361956b43be2215c2f1d
2026-09-09T03:09:37.921Z  INFO 2852263 --- [kivvi-click] [           main] tc.postgres:18-alpine                    : Container postgres:18-alpine started in PT1.343602596S
2026-09-09T03:09:37.921Z  INFO 2852263 --- [kivvi-click] [           main] tc.postgres:18-alpine                    : Container is started (JDBC URL: jdbc:postgresql://localhost:34105/test?loggerLevel=OFF)
2026-09-09T03:09:37.924Z  INFO 2852263 --- [kivvi-click] [           main] t.c.s.AnnotationConfigContextLoaderUtils : Could not detect default configuration classes for test class [click.kivvi.infrastructure.scheduling.HeartbeatSchedulerIT]: HeartbeatSchedulerIT does not declare any static, non-private, non-final, nested classes annotated with @Configuration.
2026-09-09T03:09:37.933Z  INFO 2852263 --- [kivvi-click] [           main] .b.t.c.SpringBootTestContextBootstrapper : Found @SpringBootConfiguration click.kivvi.KivviApplication for test class click.kivvi.infrastructure.scheduling.HeartbeatSchedulerIT

  .   ____          _            __ _ _
 /\\ / ___'_ __ _ _(_)_ __  __ _ \ \ \ \
( ( )\___ | '_ | '_| | '_ \/ _` | \ \ \ \
 \\/  ___)| |_)| | | | | || (_| |  ) ) ) )
  '  |____| .__|_| |_|_| |_\__, | / / / /
 =========|_|==============|___/=/_/_/_/

 :: Spring Boot ::                (v4.1.1)

2026-09-09T03:09:37.956Z  INFO 2852263 --- [kivvi-click] [           main] c.k.i.scheduling.HeartbeatSchedulerIT    : Starting HeartbeatSchedulerIT using Java 25.0.4.1 with PID 2852263 (started by muszkin in /home/muszkin/work/kivvi-click-wt/integration/backend)
2026-09-09T03:09:37.956Z  INFO 2852263 --- [kivvi-click] [           main] c.k.i.scheduling.HeartbeatSchedulerIT    : No active profile set, falling back to 1 default profile: "default"
2026-09-09T03:09:38.180Z  INFO 2852263 --- [kivvi-click] [           main] o.s.boot.tomcat.TomcatWebServer          : Tomcat initialized with port 0 (http)
2026-09-09T03:09:38.181Z  INFO 2852263 --- [kivvi-click] [           main] o.apache.catalina.core.StandardService   : Starting service [Tomcat]
2026-09-09T03:09:38.181Z  INFO 2852263 --- [kivvi-click] [           main] o.apache.catalina.core.StandardEngine    : Starting Servlet engine: [Apache Tomcat/11.0.24]
2026-09-09T03:09:38.190Z  INFO 2852263 --- [kivvi-click] [           main] b.w.c.s.WebApplicationContextInitializer : Root WebApplicationContext: initialization completed in 233 ms
2026-09-09T03:09:38.299Z  INFO 2852263 --- [kivvi-click] [           main] org.flywaydb.core.FlywayExecutor         : Database: jdbc:postgresql://localhost:34105/test?loggerLevel=OFF (PostgreSQL 18.6)
2026-09-09T03:09:38.313Z  INFO 2852263 --- [kivvi-click] [           main] o.f.c.i.s.JdbcTableSchemaHistory         : Schema history table "public"."flyway_schema_history" does not exist yet
2026-09-09T03:09:38.313Z  INFO 2852263 --- [kivvi-click] [           main] o.f.core.internal.command.DbValidate     : Successfully validated 1 migration (execution time 00:00.002s)
2026-09-09T03:09:38.320Z  INFO 2852263 --- [kivvi-click] [           main] o.f.c.i.s.JdbcTableSchemaHistory         : Creating Schema History table "public"."flyway_schema_history" ...
2026-09-09T03:09:38.343Z  INFO 2852263 --- [kivvi-click] [           main] o.f.core.internal.command.DbMigrate      : Current version of schema "public": << Empty Schema >>
2026-09-09T03:09:38.347Z  INFO 2852263 --- [kivvi-click] [           main] o.f.core.internal.command.DbMigrate      : Migrating schema "public" to version "1 - baseline"
2026-09-09T03:09:38.367Z  INFO 2852263 --- [kivvi-click] [           main] o.f.core.internal.command.DbMigrate      : Successfully applied 1 migration to schema "public", now at version v1 (execution time 00:00.016s)
2026-09-09T03:09:38.403Z  INFO 2852263 --- [kivvi-click] [           main] o.s.b.w.a.WelcomePageHandlerMapping      : Adding welcome page: class path resource [static/index.html]
2026-09-09T03:09:38.460Z  INFO 2852263 --- [kivvi-click] [           main] com.zaxxer.hikari.HikariDataSource       : HikariPool-2 - Starting...
2026-09-09T03:09:38.467Z  INFO 2852263 --- [kivvi-click] [           main] com.zaxxer.hikari.pool.HikariPool        : HikariPool-2 - Added connection org.postgresql.jdbc.PgConnection@3d1b91d1
2026-09-09T03:09:38.467Z  INFO 2852263 --- [kivvi-click] [           main] com.zaxxer.hikari.HikariDataSource       : HikariPool-2 - Start completed.
2026-09-09T03:09:38.472Z  INFO 2852263 --- [kivvi-click] [           main] o.s.b.a.e.web.EndpointLinksResolver      : Exposing 1 endpoint beneath base path '/actuator'
2026-09-09T03:09:38.480Z  INFO 2852263 --- [kivvi-click] [           main] o.s.boot.tomcat.TomcatWebServer          : Tomcat started on port 40853 (http) with context path '/'
2026-09-09T03:09:38.487Z  INFO 2852263 --- [kivvi-click] [           main] c.k.i.scheduling.HeartbeatSchedulerIT    : Started HeartbeatSchedulerIT in 0.549 seconds (process running for 8.453)
2026-09-09T03:09:38.489Z  INFO 2852263 --- [kivvi-click] [eat-scheduler-1] c.k.i.scheduling.HeartbeatJob            : Scheduler heartbeat tick.
2026-09-09T03:09:38.493Z  INFO 2852263 --- [kivvi-click] [eat-scheduler-1] c.k.i.tracking.EventDedupCleanupJob      : Event dedup cleanup removed 0 expired row(s).
2026-09-09T03:09:38.781Z  INFO 2852263 --- [kivvi-click] [           main] tc.postgres:18-alpine                    : Creating container for image: postgres:18-alpine
2026-09-09T03:09:38.806Z  INFO 2852263 --- [kivvi-click] [           main] tc.postgres:18-alpine                    : Container postgres:18-alpine is starting: 6c9bd22261dc8adcdc57d19c11ae32f994449d466d05c96ebe9f7f3f1d318e29
2026-09-09T03:09:40.157Z  INFO 2852263 --- [kivvi-click] [           main] tc.postgres:18-alpine                    : Container postgres:18-alpine started in PT1.375617781S
2026-09-09T03:09:40.157Z  INFO 2852263 --- [kivvi-click] [           main] tc.postgres:18-alpine                    : Container is started (JDBC URL: jdbc:postgresql://localhost:34106/test?loggerLevel=OFF)
2026-09-09T03:09:40.158Z  INFO 2852263 --- [kivvi-click] [           main] t.c.s.AnnotationConfigContextLoaderUtils : Could not detect default configuration classes for test class [click.kivvi.infrastructure.tracking.EventDedupStoreIT]: EventDedupStoreIT does not declare any static, non-private, non-final, nested classes annotated with @Configuration.
2026-09-09T03:09:40.166Z  INFO 2852263 --- [kivvi-click] [           main] .b.t.c.SpringBootTestContextBootstrapper : Found @SpringBootConfiguration click.kivvi.KivviApplication for test class click.kivvi.infrastructure.tracking.EventDedupStoreIT
2026-09-09T03:09:40.166Z  INFO 2852263 --- [kivvi-click] [           main] t.c.s.AnnotationConfigContextLoaderUtils : Could not detect default configuration classes for test class [click.kivvi.infrastructure.tracking.EventDedupStoreIT]: EventDedupStoreIT does not declare any static, non-private, non-final, nested classes annotated with @Configuration.
2026-09-09T03:09:40.168Z  INFO 2852263 --- [kivvi-click] [           main] .b.t.c.SpringBootTestContextBootstrapper : Found @SpringBootConfiguration click.kivvi.KivviApplication for test class click.kivvi.infrastructure.tracking.EventDedupStoreIT

  .   ____          _            __ _ _
 /\\ / ___'_ __ _ _(_)_ __  __ _ \ \ \ \
( ( )\___ | '_ | '_| | '_ \/ _` | \ \ \ \
 \\/  ___)| |_)| | | | | || (_| |  ) ) ) )
  '  |____| .__|_| |_|_| |_\__, | / / / /
 =========|_|==============|___/=/_/_/_/

 :: Spring Boot ::                (v4.1.1)

2026-09-09T03:09:40.184Z  INFO 2852263 --- [kivvi-click] [           main] c.k.i.tracking.EventDedupStoreIT         : Starting EventDedupStoreIT using Java 25.0.4.1 with PID 2852263 (started by muszkin in /home/muszkin/work/kivvi-click-wt/integration/backend)
2026-09-09T03:09:40.184Z  INFO 2852263 --- [kivvi-click] [           main] c.k.i.tracking.EventDedupStoreIT         : No active profile set, falling back to 1 default profile: "default"
2026-09-09T03:09:40.386Z  INFO 2852263 --- [kivvi-click] [           main] org.flywaydb.core.FlywayExecutor         : Database: jdbc:postgresql://localhost:34106/test?loggerLevel=OFF (PostgreSQL 18.6)
2026-09-09T03:09:40.397Z  INFO 2852263 --- [kivvi-click] [           main] o.f.c.i.s.JdbcTableSchemaHistory         : Schema history table "public"."flyway_schema_history" does not exist yet
2026-09-09T03:09:40.398Z  INFO 2852263 --- [kivvi-click] [           main] o.f.core.internal.command.DbValidate     : Successfully validated 1 migration (execution time 00:00.002s)
2026-09-09T03:09:40.404Z  INFO 2852263 --- [kivvi-click] [           main] o.f.c.i.s.JdbcTableSchemaHistory         : Creating Schema History table "public"."flyway_schema_history" ...
2026-09-09T03:09:40.424Z  INFO 2852263 --- [kivvi-click] [           main] o.f.core.internal.command.DbMigrate      : Current version of schema "public": << Empty Schema >>
2026-09-09T03:09:40.427Z  INFO 2852263 --- [kivvi-click] [           main] o.f.core.internal.command.DbMigrate      : Migrating schema "public" to version "1 - baseline"
2026-09-09T03:09:40.445Z  INFO 2852263 --- [kivvi-click] [           main] o.f.core.internal.command.DbMigrate      : Successfully applied 1 migration to schema "public", now at version v1 (execution time 00:00.014s)
2026-09-09T03:09:40.474Z  INFO 2852263 --- [kivvi-click] [           main] o.s.b.w.a.WelcomePageHandlerMapping      : Adding welcome page: class path resource [static/index.html]
2026-09-09T03:09:40.539Z  INFO 2852263 --- [kivvi-click] [           main] com.zaxxer.hikari.HikariDataSource       : HikariPool-3 - Starting...
2026-09-09T03:09:40.546Z  INFO 2852263 --- [kivvi-click] [           main] com.zaxxer.hikari.pool.HikariPool        : HikariPool-3 - Added connection org.postgresql.jdbc.PgConnection@3c964873
2026-09-09T03:09:40.546Z  INFO 2852263 --- [kivvi-click] [           main] com.zaxxer.hikari.HikariDataSource       : HikariPool-3 - Start completed.
2026-09-09T03:09:40.558Z  INFO 2852263 --- [kivvi-click] [           main] o.s.b.a.e.web.EndpointLinksResolver      : Exposing 1 endpoint beneath base path '/actuator'
2026-09-09T03:09:40.571Z  INFO 2852263 --- [kivvi-click] [           main] c.k.i.tracking.EventDedupStoreIT         : Started EventDedupStoreIT in 0.399 seconds (process running for 10.537)
2026-09-09T03:09:40.572Z  INFO 2852263 --- [kivvi-click] [eat-scheduler-1] c.k.i.scheduling.HeartbeatJob            : Scheduler heartbeat tick.
2026-09-09T03:09:40.576Z  INFO 2852263 --- [kivvi-click] [eat-scheduler-1] c.k.i.tracking.EventDedupCleanupJob      : Event dedup cleanup removed 0 expired row(s).
2026-09-09T03:09:40.768Z  INFO 2852263 --- [kivvi-click] [           main] tc.postgres:18-alpine                    : Creating container for image: postgres:18-alpine
2026-09-09T03:09:40.782Z  INFO 2852263 --- [kivvi-click] [           main] tc.postgres:18-alpine                    : Container postgres:18-alpine is starting: 67cd4c33d5679d96ada2d17239d43064b41c5c7b9e90305706a28b5b2dd4c973
2026-09-09T03:09:42.116Z  INFO 2852263 --- [kivvi-click] [           main] tc.postgres:18-alpine                    : Container postgres:18-alpine started in PT1.347187426S
2026-09-09T03:09:42.116Z  INFO 2852263 --- [kivvi-click] [           main] tc.postgres:18-alpine                    : Container is started (JDBC URL: jdbc:postgresql://localhost:34107/test?loggerLevel=OFF)
2026-09-09T03:09:42.117Z  INFO 2852263 --- [kivvi-click] [           main] t.c.s.AnnotationConfigContextLoaderUtils : Could not detect default configuration classes for test class [click.kivvi.LandingApiIT]: LandingApiIT does not declare any static, non-private, non-final, nested classes annotated with @Configuration.
2026-09-09T03:09:42.119Z  INFO 2852263 --- [kivvi-click] [           main] .b.t.c.SpringBootTestContextBootstrapper : Found @SpringBootConfiguration click.kivvi.KivviApplication for test class click.kivvi.LandingApiIT
2026-09-09T03:09:42.120Z  INFO 2852263 --- [kivvi-click] [           main] t.c.s.AnnotationConfigContextLoaderUtils : Could not detect default configuration classes for test class [click.kivvi.LandingApiIT]: LandingApiIT does not declare any static, non-private, non-final, nested classes annotated with @Configuration.
2026-09-09T03:09:42.121Z  INFO 2852263 --- [kivvi-click] [           main] .b.t.c.SpringBootTestContextBootstrapper : Found @SpringBootConfiguration click.kivvi.KivviApplication for test class click.kivvi.LandingApiIT

  .   ____          _            __ _ _
 /\\ / ___'_ __ _ _(_)_ __  __ _ \ \ \ \
( ( )\___ | '_ | '_| | '_ \/ _` | \ \ \ \
 \\/  ___)| |_)| | | | | || (_| |  ) ) ) )
  '  |____| .__|_| |_|_| |_\__, | / / / /
 =========|_|==============|___/=/_/_/_/

 :: Spring Boot ::                (v4.1.1)

2026-09-09T03:09:42.133Z  INFO 2852263 --- [kivvi-click] [           main] click.kivvi.LandingApiIT                 : Starting LandingApiIT using Java 25.0.4.1 with PID 2852263 (started by muszkin in /home/muszkin/work/kivvi-click-wt/integration/backend)
2026-09-09T03:09:42.134Z  INFO 2852263 --- [kivvi-click] [           main] click.kivvi.LandingApiIT                 : No active profile set, falling back to 1 default profile: "default"
2026-09-09T03:09:42.259Z  INFO 2852263 --- [kivvi-click] [           main] o.s.boot.tomcat.TomcatWebServer          : Tomcat initialized with port 0 (http)
2026-09-09T03:09:42.260Z  INFO 2852263 --- [kivvi-click] [           main] o.apache.catalina.core.StandardService   : Starting service [Tomcat]
2026-09-09T03:09:42.260Z  INFO 2852263 --- [kivvi-click] [           main] o.apache.catalina.core.StandardEngine    : Starting Servlet engine: [Apache Tomcat/11.0.24]
2026-09-09T03:09:42.265Z  INFO 2852263 --- [kivvi-click] [           main] b.w.c.s.WebApplicationContextInitializer : Root WebApplicationContext: initialization completed in 131 ms
2026-09-09T03:09:42.336Z  INFO 2852263 --- [kivvi-click] [           main] org.flywaydb.core.FlywayExecutor         : Database: jdbc:postgresql://localhost:34107/test?loggerLevel=OFF (PostgreSQL 18.6)
2026-09-09T03:09:42.348Z  INFO 2852263 --- [kivvi-click] [           main] o.f.c.i.s.JdbcTableSchemaHistory         : Schema history table "public"."flyway_schema_history" does not exist yet
2026-09-09T03:09:42.349Z  INFO 2852263 --- [kivvi-click] [           main] o.f.core.internal.command.DbValidate     : Successfully validated 1 migration (execution time 00:00.002s)
2026-09-09T03:09:42.356Z  INFO 2852263 --- [kivvi-click] [           main] o.f.c.i.s.JdbcTableSchemaHistory         : Creating Schema History table "public"."flyway_schema_history" ...
2026-09-09T03:09:42.376Z  INFO 2852263 --- [kivvi-click] [           main] o.f.core.internal.command.DbMigrate      : Current version of schema "public": << Empty Schema >>
2026-09-09T03:09:42.379Z  INFO 2852263 --- [kivvi-click] [           main] o.f.core.internal.command.DbMigrate      : Migrating schema "public" to version "1 - baseline"
2026-09-09T03:09:42.396Z  INFO 2852263 --- [kivvi-click] [           main] o.f.core.internal.command.DbMigrate      : Successfully applied 1 migration to schema "public", now at version v1 (execution time 00:00.015s)
2026-09-09T03:09:42.420Z  INFO 2852263 --- [kivvi-click] [           main] o.s.b.w.a.WelcomePageHandlerMapping      : Adding welcome page: class path resource [static/index.html]
2026-09-09T03:09:42.461Z  INFO 2852263 --- [kivvi-click] [           main] com.zaxxer.hikari.HikariDataSource       : HikariPool-4 - Starting...
2026-09-09T03:09:42.467Z  INFO 2852263 --- [kivvi-click] [           main] com.zaxxer.hikari.pool.HikariPool        : HikariPool-4 - Added connection org.postgresql.jdbc.PgConnection@36e8e3e1
2026-09-09T03:09:42.468Z  INFO 2852263 --- [kivvi-click] [           main] com.zaxxer.hikari.HikariDataSource       : HikariPool-4 - Start completed.
2026-09-09T03:09:42.471Z  INFO 2852263 --- [kivvi-click] [           main] o.s.b.a.e.web.EndpointLinksResolver      : Exposing 1 endpoint beneath base path '/actuator'
2026-09-09T03:09:42.477Z  INFO 2852263 --- [kivvi-click] [           main] o.s.boot.tomcat.TomcatWebServer          : Tomcat started on port 37497 (http) with context path '/'
2026-09-09T03:09:42.482Z  INFO 2852263 --- [kivvi-click] [           main] click.kivvi.LandingApiIT                 : Started LandingApiIT in 0.359 seconds (process running for 12.449)
2026-09-09T03:09:42.484Z  INFO 2852263 --- [kivvi-click] [eat-scheduler-1] c.k.i.scheduling.HeartbeatJob            : Scheduler heartbeat tick.
2026-09-09T03:09:42.487Z  INFO 2852263 --- [kivvi-click] [eat-scheduler-1] c.k.i.tracking.EventDedupCleanupJob      : Event dedup cleanup removed 0 expired row(s).
2026-09-09T03:09:42.490Z  INFO 2852263 --- [kivvi-click] [o-auto-3-exec-1] o.a.c.c.C.[Tomcat-2].[localhost].[/]     : Initializing Spring DispatcherServlet 'dispatcherServlet'
2026-09-09T03:09:42.490Z  INFO 2852263 --- [kivvi-click] [o-auto-3-exec-1] o.s.web.servlet.DispatcherServlet        : Initializing Servlet 'dispatcherServlet'
2026-09-09T03:09:42.490Z  INFO 2852263 --- [kivvi-click] [o-auto-3-exec-1] o.s.web.servlet.DispatcherServlet        : Completed initialization in 0 ms
2026-09-09T03:09:42.707Z  INFO 2852263 --- [kivvi-click] [           main] tc.postgres:18-alpine                    : Creating container for image: postgres:18-alpine
2026-09-09T03:09:42.722Z  INFO 2852263 --- [kivvi-click] [           main] tc.postgres:18-alpine                    : Container postgres:18-alpine is starting: afca06448d2960eac8d7eccee6e27faf8ea356ed6cd130137461ee0940f59bf7
2026-09-09T03:09:44.042Z  INFO 2852263 --- [kivvi-click] [           main] tc.postgres:18-alpine                    : Container postgres:18-alpine started in PT1.33510662S
2026-09-09T03:09:44.042Z  INFO 2852263 --- [kivvi-click] [           main] tc.postgres:18-alpine                    : Container is started (JDBC URL: jdbc:postgresql://localhost:34108/test?loggerLevel=OFF)
2026-09-09T03:09:44.043Z  INFO 2852263 --- [kivvi-click] [           main] t.c.s.AnnotationConfigContextLoaderUtils : Could not detect default configuration classes for test class [click.kivvi.SettingsApiIT]: SettingsApiIT does not declare any static, non-private, non-final, nested classes annotated with @Configuration.
2026-09-09T03:09:44.046Z  INFO 2852263 --- [kivvi-click] [           main] .b.t.c.SpringBootTestContextBootstrapper : Found @SpringBootConfiguration click.kivvi.KivviApplication for test class click.kivvi.SettingsApiIT
2026-09-09T03:09:44.046Z  INFO 2852263 --- [kivvi-click] [           main] t.c.s.AnnotationConfigContextLoaderUtils : Could not detect default configuration classes for test class [click.kivvi.SettingsApiIT]: SettingsApiIT does not declare any static, non-private, non-final, nested classes annotated with @Configuration.
2026-09-09T03:09:44.048Z  INFO 2852263 --- [kivvi-click] [           main] .b.t.c.SpringBootTestContextBootstrapper : Found @SpringBootConfiguration click.kivvi.KivviApplication for test class click.kivvi.SettingsApiIT

  .   ____          _            __ _ _
 /\\ / ___'_ __ _ _(_)_ __  __ _ \ \ \ \
( ( )\___ | '_ | '_| | '_ \/ _` | \ \ \ \
 \\/  ___)| |_)| | | | | || (_| |  ) ) ) )
  '  |____| .__|_| |_|_| |_\__, | / / / /
 =========|_|==============|___/=/_/_/_/

 :: Spring Boot ::                (v4.1.1)

2026-09-09T03:09:44.059Z  INFO 2852263 --- [kivvi-click] [           main] click.kivvi.SettingsApiIT                : Starting SettingsApiIT using Java 25.0.4.1 with PID 2852263 (started by muszkin in /home/muszkin/work/kivvi-click-wt/integration/backend)
2026-09-09T03:09:44.059Z  INFO 2852263 --- [kivvi-click] [           main] click.kivvi.SettingsApiIT                : No active profile set, falling back to 1 default profile: "default"
2026-09-09T03:09:44.180Z  INFO 2852263 --- [kivvi-click] [           main] o.s.boot.tomcat.TomcatWebServer          : Tomcat initialized with port 0 (http)
2026-09-09T03:09:44.181Z  INFO 2852263 --- [kivvi-click] [           main] o.apache.catalina.core.StandardService   : Starting service [Tomcat]
2026-09-09T03:09:44.181Z  INFO 2852263 --- [kivvi-click] [           main] o.apache.catalina.core.StandardEngine    : Starting Servlet engine: [Apache Tomcat/11.0.24]
2026-09-09T03:09:44.186Z  INFO 2852263 --- [kivvi-click] [           main] b.w.c.s.WebApplicationContextInitializer : Root WebApplicationContext: initialization completed in 126 ms
2026-09-09T03:09:44.249Z  INFO 2852263 --- [kivvi-click] [           main] org.flywaydb.core.FlywayExecutor         : Database: jdbc:postgresql://localhost:34108/test?loggerLevel=OFF (PostgreSQL 18.6)
2026-09-09T03:09:44.261Z  INFO 2852263 --- [kivvi-click] [           main] o.f.c.i.s.JdbcTableSchemaHistory         : Schema history table "public"."flyway_schema_history" does not exist yet
2026-09-09T03:09:44.262Z  INFO 2852263 --- [kivvi-click] [           main] o.f.core.internal.command.DbValidate     : Successfully validated 1 migration (execution time 00:00.003s)
2026-09-09T03:09:44.269Z  INFO 2852263 --- [kivvi-click] [           main] o.f.c.i.s.JdbcTableSchemaHistory         : Creating Schema History table "public"."flyway_schema_history" ...
2026-09-09T03:09:44.289Z  INFO 2852263 --- [kivvi-click] [           main] o.f.core.internal.command.DbMigrate      : Current version of schema "public": << Empty Schema >>
2026-09-09T03:09:44.292Z  INFO 2852263 --- [kivvi-click] [           main] o.f.core.internal.command.DbMigrate      : Migrating schema "public" to version "1 - baseline"
2026-09-09T03:09:44.308Z  INFO 2852263 --- [kivvi-click] [           main] o.f.core.internal.command.DbMigrate      : Successfully applied 1 migration to schema "public", now at version v1 (execution time 00:00.013s)
2026-09-09T03:09:44.333Z  INFO 2852263 --- [kivvi-click] [           main] o.s.b.w.a.WelcomePageHandlerMapping      : Adding welcome page: class path resource [static/index.html]
2026-09-09T03:09:44.373Z  INFO 2852263 --- [kivvi-click] [           main] com.zaxxer.hikari.HikariDataSource       : HikariPool-5 - Starting...
2026-09-09T03:09:44.379Z  INFO 2852263 --- [kivvi-click] [           main] com.zaxxer.hikari.pool.HikariPool        : HikariPool-5 - Added connection org.postgresql.jdbc.PgConnection@46a2eca6
2026-09-09T03:09:44.379Z  INFO 2852263 --- [kivvi-click] [           main] com.zaxxer.hikari.HikariDataSource       : HikariPool-5 - Start completed.
2026-09-09T03:09:44.383Z  INFO 2852263 --- [kivvi-click] [           main] o.s.b.a.e.web.EndpointLinksResolver      : Exposing 1 endpoint beneath base path '/actuator'
2026-09-09T03:09:44.389Z  INFO 2852263 --- [kivvi-click] [           main] o.s.boot.tomcat.TomcatWebServer          : Tomcat started on port 38339 (http) with context path '/'
2026-09-09T03:09:44.394Z  INFO 2852263 --- [kivvi-click] [           main] click.kivvi.SettingsApiIT                : Started SettingsApiIT in 0.345 seconds (process running for 14.36)
2026-09-09T03:09:44.396Z  INFO 2852263 --- [kivvi-click] [eat-scheduler-1] c.k.i.scheduling.HeartbeatJob            : Scheduler heartbeat tick.
2026-09-09T03:09:44.399Z  INFO 2852263 --- [kivvi-click] [eat-scheduler-1] c.k.i.tracking.EventDedupCleanupJob      : Event dedup cleanup removed 0 expired row(s).
2026-09-09T03:09:44.399Z  INFO 2852263 --- [kivvi-click] [o-auto-4-exec-1] o.a.c.c.C.[Tomcat-3].[localhost].[/]     : Initializing Spring DispatcherServlet 'dispatcherServlet'
2026-09-09T03:09:44.399Z  INFO 2852263 --- [kivvi-click] [o-auto-4-exec-1] o.s.web.servlet.DispatcherServlet        : Initializing Servlet 'dispatcherServlet'
2026-09-09T03:09:44.400Z  INFO 2852263 --- [kivvi-click] [o-auto-4-exec-1] o.s.web.servlet.DispatcherServlet        : Completed initialization in 1 ms
2026-09-09T03:09:44.709Z  INFO 2852263 --- [kivvi-click] [           main] tc.postgres:18-alpine                    : Creating container for image: postgres:18-alpine
2026-09-09T03:09:44.723Z  INFO 2852263 --- [kivvi-click] [           main] tc.postgres:18-alpine                    : Container postgres:18-alpine is starting: 81edd0b38253939495b7c629aefadda9b9d2f3fe9c833a64aa91fa463508dfc7
2026-09-09T03:09:46.069Z  INFO 2852263 --- [kivvi-click] [           main] tc.postgres:18-alpine                    : Container postgres:18-alpine started in PT1.360225939S
2026-09-09T03:09:46.070Z  INFO 2852263 --- [kivvi-click] [           main] tc.postgres:18-alpine                    : Container is started (JDBC URL: jdbc:postgresql://localhost:34109/test?loggerLevel=OFF)
2026-09-09T03:09:46.071Z  INFO 2852263 --- [kivvi-click] [           main] t.c.s.AnnotationConfigContextLoaderUtils : Could not detect default configuration classes for test class [click.kivvi.CollectApiIT]: CollectApiIT does not declare any static, non-private, non-final, nested classes annotated with @Configuration.
2026-09-09T03:09:46.075Z  INFO 2852263 --- [kivvi-click] [           main] .b.t.c.SpringBootTestContextBootstrapper : Found @SpringBootConfiguration click.kivvi.KivviApplication for test class click.kivvi.CollectApiIT
2026-09-09T03:09:46.076Z  INFO 2852263 --- [kivvi-click] [           main] t.c.s.AnnotationConfigContextLoaderUtils : Could not detect default configuration classes for test class [click.kivvi.CollectApiIT]: CollectApiIT does not declare any static, non-private, non-final, nested classes annotated with @Configuration.
2026-09-09T03:09:46.078Z  INFO 2852263 --- [kivvi-click] [           main] .b.t.c.SpringBootTestContextBootstrapper : Found @SpringBootConfiguration click.kivvi.KivviApplication for test class click.kivvi.CollectApiIT

  .   ____          _            __ _ _
 /\\ / ___'_ __ _ _(_)_ __  __ _ \ \ \ \
( ( )\___ | '_ | '_| | '_ \/ _` | \ \ \ \
 \\/  ___)| |_)| | | | | || (_| |  ) ) ) )
  '  |____| .__|_| |_|_| |_\__, | / / / /
 =========|_|==============|___/=/_/_/_/

 :: Spring Boot ::                (v4.1.1)

2026-09-09T03:09:46.093Z  INFO 2852263 --- [kivvi-click] [           main] click.kivvi.CollectApiIT                 : Starting CollectApiIT using Java 25.0.4.1 with PID 2852263 (started by muszkin in /home/muszkin/work/kivvi-click-wt/integration/backend)
2026-09-09T03:09:46.093Z  INFO 2852263 --- [kivvi-click] [           main] click.kivvi.CollectApiIT                 : No active profile set, falling back to 1 default profile: "default"
2026-09-09T03:09:46.219Z  INFO 2852263 --- [kivvi-click] [           main] o.s.boot.tomcat.TomcatWebServer          : Tomcat initialized with port 0 (http)
2026-09-09T03:09:46.220Z  INFO 2852263 --- [kivvi-click] [           main] o.apache.catalina.core.StandardService   : Starting service [Tomcat]
2026-09-09T03:09:46.220Z  INFO 2852263 --- [kivvi-click] [           main] o.apache.catalina.core.StandardEngine    : Starting Servlet engine: [Apache Tomcat/11.0.24]
2026-09-09T03:09:46.225Z  INFO 2852263 --- [kivvi-click] [           main] b.w.c.s.WebApplicationContextInitializer : Root WebApplicationContext: initialization completed in 131 ms
2026-09-09T03:09:46.288Z  INFO 2852263 --- [kivvi-click] [           main] org.flywaydb.core.FlywayExecutor         : Database: jdbc:postgresql://localhost:34109/test?loggerLevel=OFF (PostgreSQL 18.6)
2026-09-09T03:09:46.297Z  INFO 2852263 --- [kivvi-click] [           main] o.f.c.i.s.JdbcTableSchemaHistory         : Schema history table "public"."flyway_schema_history" does not exist yet
2026-09-09T03:09:46.298Z  INFO 2852263 --- [kivvi-click] [           main] o.f.core.internal.command.DbValidate     : Successfully validated 1 migration (execution time 00:00.002s)
2026-09-09T03:09:46.303Z  INFO 2852263 --- [kivvi-click] [           main] o.f.c.i.s.JdbcTableSchemaHistory         : Creating Schema History table "public"."flyway_schema_history" ...
2026-09-09T03:09:46.322Z  INFO 2852263 --- [kivvi-click] [           main] o.f.core.internal.command.DbMigrate      : Current version of schema "public": << Empty Schema >>
2026-09-09T03:09:46.324Z  INFO 2852263 --- [kivvi-click] [           main] o.f.core.internal.command.DbMigrate      : Migrating schema "public" to version "1 - baseline"
2026-09-09T03:09:46.340Z  INFO 2852263 --- [kivvi-click] [           main] o.f.core.internal.command.DbMigrate      : Successfully applied 1 migration to schema "public", now at version v1 (execution time 00:00.013s)
2026-09-09T03:09:46.365Z  INFO 2852263 --- [kivvi-click] [           main] o.s.b.w.a.WelcomePageHandlerMapping      : Adding welcome page: class path resource [static/index.html]
2026-09-09T03:09:46.402Z  INFO 2852263 --- [kivvi-click] [           main] com.zaxxer.hikari.HikariDataSource       : HikariPool-6 - Starting...
2026-09-09T03:09:46.409Z  INFO 2852263 --- [kivvi-click] [           main] com.zaxxer.hikari.pool.HikariPool        : HikariPool-6 - Added connection org.postgresql.jdbc.PgConnection@7d1647d5
2026-09-09T03:09:46.409Z  INFO 2852263 --- [kivvi-click] [           main] com.zaxxer.hikari.HikariDataSource       : HikariPool-6 - Start completed.
2026-09-09T03:09:46.412Z  INFO 2852263 --- [kivvi-click] [           main] o.s.b.a.e.web.EndpointLinksResolver      : Exposing 1 endpoint beneath base path '/actuator'
2026-09-09T03:09:46.419Z  INFO 2852263 --- [kivvi-click] [           main] o.s.boot.tomcat.TomcatWebServer          : Tomcat started on port 33721 (http) with context path '/'
2026-09-09T03:09:46.424Z  INFO 2852263 --- [kivvi-click] [           main] click.kivvi.CollectApiIT                 : Started CollectApiIT in 0.343 seconds (process running for 16.391)
2026-09-09T03:09:46.426Z  INFO 2852263 --- [kivvi-click] [eat-scheduler-1] c.k.i.scheduling.HeartbeatJob            : Scheduler heartbeat tick.
2026-09-09T03:09:46.429Z  INFO 2852263 --- [kivvi-click] [eat-scheduler-1] c.k.i.tracking.EventDedupCleanupJob      : Event dedup cleanup removed 0 expired row(s).
2026-09-09T03:09:46.433Z  INFO 2852263 --- [kivvi-click] [o-auto-5-exec-1] o.a.c.c.C.[Tomcat-4].[localhost].[/]     : Initializing Spring DispatcherServlet 'dispatcherServlet'
2026-09-09T03:09:46.433Z  INFO 2852263 --- [kivvi-click] [o-auto-5-exec-1] o.s.web.servlet.DispatcherServlet        : Initializing Servlet 'dispatcherServlet'
2026-09-09T03:09:46.434Z  INFO 2852263 --- [kivvi-click] [o-auto-5-exec-1] o.s.web.servlet.DispatcherServlet        : Completed initialization in 1 ms
2026-09-09T03:09:46.678Z  INFO 2852263 --- [kivvi-click] [           main] tc.postgres:18-alpine                    : Creating container for image: postgres:18-alpine
2026-09-09T03:09:46.691Z  INFO 2852263 --- [kivvi-click] [           main] tc.postgres:18-alpine                    : Container postgres:18-alpine is starting: f924b3bc3b2297b1e888459178be2e7e5c34bbd68d741b3857c3445139275608
2026-09-09T03:09:48.018Z  INFO 2852263 --- [kivvi-click] [           main] tc.postgres:18-alpine                    : Container postgres:18-alpine started in PT1.340489523S
2026-09-09T03:09:48.019Z  INFO 2852263 --- [kivvi-click] [           main] tc.postgres:18-alpine                    : Container is started (JDBC URL: jdbc:postgresql://localhost:34110/test?loggerLevel=OFF)
2026-09-09T03:09:48.019Z  INFO 2852263 --- [kivvi-click] [           main] t.c.s.AnnotationConfigContextLoaderUtils : Could not detect default configuration classes for test class [click.kivvi.CustomersApiIT]: CustomersApiIT does not declare any static, non-private, non-final, nested classes annotated with @Configuration.
2026-09-09T03:09:48.022Z  INFO 2852263 --- [kivvi-click] [           main] .b.t.c.SpringBootTestContextBootstrapper : Found @SpringBootConfiguration click.kivvi.KivviApplication for test class click.kivvi.CustomersApiIT
2026-09-09T03:09:48.022Z  INFO 2852263 --- [kivvi-click] [           main] t.c.s.AnnotationConfigContextLoaderUtils : Could not detect default configuration classes for test class [click.kivvi.CustomersApiIT]: CustomersApiIT does not declare any static, non-private, non-final, nested classes annotated with @Configuration.
2026-09-09T03:09:48.024Z  INFO 2852263 --- [kivvi-click] [           main] .b.t.c.SpringBootTestContextBootstrapper : Found @SpringBootConfiguration click.kivvi.KivviApplication for test class click.kivvi.CustomersApiIT

  .   ____          _            __ _ _
 /\\ / ___'_ __ _ _(_)_ __  __ _ \ \ \ \
( ( )\___ | '_ | '_| | '_ \/ _` | \ \ \ \
 \\/  ___)| |_)| | | | | || (_| |  ) ) ) )
  '  |____| .__|_| |_|_| |_\__, | / / / /
 =========|_|==============|___/=/_/_/_/

 :: Spring Boot ::                (v4.1.1)

2026-09-09T03:09:48.035Z  INFO 2852263 --- [kivvi-click] [           main] click.kivvi.CustomersApiIT               : Starting CustomersApiIT using Java 25.0.4.1 with PID 2852263 (started by muszkin in /home/muszkin/work/kivvi-click-wt/integration/backend)
2026-09-09T03:09:48.035Z  INFO 2852263 --- [kivvi-click] [           main] click.kivvi.CustomersApiIT               : No active profile set, falling back to 1 default profile: "default"
2026-09-09T03:09:48.140Z  INFO 2852263 --- [kivvi-click] [           main] o.s.boot.tomcat.TomcatWebServer          : Tomcat initialized with port 0 (http)
2026-09-09T03:09:48.141Z  INFO 2852263 --- [kivvi-click] [           main] o.apache.catalina.core.StandardService   : Starting service [Tomcat]
2026-09-09T03:09:48.141Z  INFO 2852263 --- [kivvi-click] [           main] o.apache.catalina.core.StandardEngine    : Starting Servlet engine: [Apache Tomcat/11.0.24]
2026-09-09T03:09:48.146Z  INFO 2852263 --- [kivvi-click] [           main] b.w.c.s.WebApplicationContextInitializer : Root WebApplicationContext: initialization completed in 111 ms
2026-09-09T03:09:48.209Z  INFO 2852263 --- [kivvi-click] [           main] org.flywaydb.core.FlywayExecutor         : Database: jdbc:postgresql://localhost:34110/test?loggerLevel=OFF (PostgreSQL 18.6)
2026-09-09T03:09:48.220Z  INFO 2852263 --- [kivvi-click] [           main] o.f.c.i.s.JdbcTableSchemaHistory         : Schema history table "public"."flyway_schema_history" does not exist yet
2026-09-09T03:09:48.220Z  INFO 2852263 --- [kivvi-click] [           main] o.f.core.internal.command.DbValidate     : Successfully validated 1 migration (execution time 00:00.002s)
2026-09-09T03:09:48.226Z  INFO 2852263 --- [kivvi-click] [           main] o.f.c.i.s.JdbcTableSchemaHistory         : Creating Schema History table "public"."flyway_schema_history" ...
2026-09-09T03:09:48.244Z  INFO 2852263 --- [kivvi-click] [           main] o.f.core.internal.command.DbMigrate      : Current version of schema "public": << Empty Schema >>
2026-09-09T03:09:48.246Z  INFO 2852263 --- [kivvi-click] [           main] o.f.core.internal.command.DbMigrate      : Migrating schema "public" to version "1 - baseline"
2026-09-09T03:09:48.262Z  INFO 2852263 --- [kivvi-click] [           main] o.f.core.internal.command.DbMigrate      : Successfully applied 1 migration to schema "public", now at version v1 (execution time 00:00.013s)
2026-09-09T03:09:48.283Z  INFO 2852263 --- [kivvi-click] [           main] o.s.b.w.a.WelcomePageHandlerMapping      : Adding welcome page: class path resource [static/index.html]
2026-09-09T03:09:48.325Z  INFO 2852263 --- [kivvi-click] [           main] com.zaxxer.hikari.HikariDataSource       : HikariPool-7 - Starting...
2026-09-09T03:09:48.332Z  INFO 2852263 --- [kivvi-click] [           main] com.zaxxer.hikari.pool.HikariPool        : HikariPool-7 - Added connection org.postgresql.jdbc.PgConnection@6bb37a5
2026-09-09T03:09:48.332Z  INFO 2852263 --- [kivvi-click] [           main] com.zaxxer.hikari.HikariDataSource       : HikariPool-7 - Start completed.
2026-09-09T03:09:48.335Z  INFO 2852263 --- [kivvi-click] [           main] o.s.b.a.e.web.EndpointLinksResolver      : Exposing 1 endpoint beneath base path '/actuator'
2026-09-09T03:09:48.341Z  INFO 2852263 --- [kivvi-click] [           main] o.s.boot.tomcat.TomcatWebServer          : Tomcat started on port 41349 (http) with context path '/'
2026-09-09T03:09:48.345Z  INFO 2852263 --- [kivvi-click] [           main] click.kivvi.CustomersApiIT               : Started CustomersApiIT in 0.319 seconds (process running for 18.312)
2026-09-09T03:09:48.347Z  INFO 2852263 --- [kivvi-click] [eat-scheduler-1] c.k.i.scheduling.HeartbeatJob            : Scheduler heartbeat tick.
2026-09-09T03:09:48.350Z  INFO 2852263 --- [kivvi-click] [eat-scheduler-1] c.k.i.tracking.EventDedupCleanupJob      : Event dedup cleanup removed 0 expired row(s).
2026-09-09T03:09:48.350Z  INFO 2852263 --- [kivvi-click] [o-auto-6-exec-1] o.a.c.c.C.[Tomcat-5].[localhost].[/]     : Initializing Spring DispatcherServlet 'dispatcherServlet'
2026-09-09T03:09:48.350Z  INFO 2852263 --- [kivvi-click] [o-auto-6-exec-1] o.s.web.servlet.DispatcherServlet        : Initializing Servlet 'dispatcherServlet'
2026-09-09T03:09:48.351Z  INFO 2852263 --- [kivvi-click] [o-auto-6-exec-1] o.s.web.servlet.DispatcherServlet        : Completed initialization in 1 ms
2026-09-09T03:09:48.591Z  INFO 2852263 --- [kivvi-click] [           main] tc.postgres:18-alpine                    : Creating container for image: postgres:18-alpine
2026-09-09T03:09:48.605Z  INFO 2852263 --- [kivvi-click] [           main] tc.postgres:18-alpine                    : Container postgres:18-alpine is starting: 32071039a94ac7ce414a372e11da7e4283a4ab8b3a98c0774ba049b66b69b7bb
2026-09-09T03:09:49.931Z  INFO 2852263 --- [kivvi-click] [           main] tc.postgres:18-alpine                    : Container postgres:18-alpine started in PT1.340020053S
2026-09-09T03:09:49.931Z  INFO 2852263 --- [kivvi-click] [           main] tc.postgres:18-alpine                    : Container is started (JDBC URL: jdbc:postgresql://localhost:34111/test?loggerLevel=OFF)
2026-09-09T03:09:49.932Z  INFO 2852263 --- [kivvi-click] [           main] t.c.s.AnnotationConfigContextLoaderUtils : Could not detect default configuration classes for test class [click.kivvi.FeedsApiIT]: FeedsApiIT does not declare any static, non-private, non-final, nested classes annotated with @Configuration.
2026-09-09T03:09:49.935Z  INFO 2852263 --- [kivvi-click] [           main] .b.t.c.SpringBootTestContextBootstrapper : Found @SpringBootConfiguration click.kivvi.KivviApplication for test class click.kivvi.FeedsApiIT
2026-09-09T03:09:49.935Z  INFO 2852263 --- [kivvi-click] [           main] t.c.s.AnnotationConfigContextLoaderUtils : Could not detect default configuration classes for test class [click.kivvi.FeedsApiIT]: FeedsApiIT does not declare any static, non-private, non-final, nested classes annotated with @Configuration.
2026-09-09T03:09:49.937Z  INFO 2852263 --- [kivvi-click] [           main] .b.t.c.SpringBootTestContextBootstrapper : Found @SpringBootConfiguration click.kivvi.KivviApplication for test class click.kivvi.FeedsApiIT

  .   ____          _            __ _ _
 /\\ / ___'_ __ _ _(_)_ __  __ _ \ \ \ \
( ( )\___ | '_ | '_| | '_ \/ _` | \ \ \ \
 \\/  ___)| |_)| | | | | || (_| |  ) ) ) )
  '  |____| .__|_| |_|_| |_\__, | / / / /
 =========|_|==============|___/=/_/_/_/

 :: Spring Boot ::                (v4.1.1)

2026-09-09T03:09:49.947Z  INFO 2852263 --- [kivvi-click] [           main] click.kivvi.FeedsApiIT                   : Starting FeedsApiIT using Java 25.0.4.1 with PID 2852263 (started by muszkin in /home/muszkin/work/kivvi-click-wt/integration/backend)
2026-09-09T03:09:49.947Z  INFO 2852263 --- [kivvi-click] [           main] click.kivvi.FeedsApiIT                   : No active profile set, falling back to 1 default profile: "default"
2026-09-09T03:09:50.078Z  INFO 2852263 --- [kivvi-click] [           main] o.s.boot.tomcat.TomcatWebServer          : Tomcat initialized with port 0 (http)
2026-09-09T03:09:50.079Z  INFO 2852263 --- [kivvi-click] [           main] o.apache.catalina.core.StandardService   : Starting service [Tomcat]
2026-09-09T03:09:50.079Z  INFO 2852263 --- [kivvi-click] [           main] o.apache.catalina.core.StandardEngine    : Starting Servlet engine: [Apache Tomcat/11.0.24]
2026-09-09T03:09:50.084Z  INFO 2852263 --- [kivvi-click] [           main] b.w.c.s.WebApplicationContextInitializer : Root WebApplicationContext: initialization completed in 136 ms
2026-09-09T03:09:50.146Z  INFO 2852263 --- [kivvi-click] [           main] org.flywaydb.core.FlywayExecutor         : Database: jdbc:postgresql://localhost:34111/test?loggerLevel=OFF (PostgreSQL 18.6)
2026-09-09T03:09:50.155Z  INFO 2852263 --- [kivvi-click] [           main] o.f.c.i.s.JdbcTableSchemaHistory         : Schema history table "public"."flyway_schema_history" does not exist yet
2026-09-09T03:09:50.155Z  INFO 2852263 --- [kivvi-click] [           main] o.f.core.internal.command.DbValidate     : Successfully validated 1 migration (execution time 00:00.002s)
2026-09-09T03:09:50.161Z  INFO 2852263 --- [kivvi-click] [           main] o.f.c.i.s.JdbcTableSchemaHistory         : Creating Schema History table "public"."flyway_schema_history" ...
2026-09-09T03:09:50.179Z  INFO 2852263 --- [kivvi-click] [           main] o.f.core.internal.command.DbMigrate      : Current version of schema "public": << Empty Schema >>
2026-09-09T03:09:50.181Z  INFO 2852263 --- [kivvi-click] [           main] o.f.core.internal.command.DbMigrate      : Migrating schema "public" to version "1 - baseline"
2026-09-09T03:09:50.197Z  INFO 2852263 --- [kivvi-click] [           main] o.f.core.internal.command.DbMigrate      : Successfully applied 1 migration to schema "public", now at version v1 (execution time 00:00.013s)
2026-09-09T03:09:50.222Z  INFO 2852263 --- [kivvi-click] [           main] o.s.b.w.a.WelcomePageHandlerMapping      : Adding welcome page: class path resource [static/index.html]
2026-09-09T03:09:50.266Z  INFO 2852263 --- [kivvi-click] [           main] com.zaxxer.hikari.HikariDataSource       : HikariPool-8 - Starting...
2026-09-09T03:09:50.272Z  INFO 2852263 --- [kivvi-click] [           main] com.zaxxer.hikari.pool.HikariPool        : HikariPool-8 - Added connection org.postgresql.jdbc.PgConnection@6130156b
2026-09-09T03:09:50.272Z  INFO 2852263 --- [kivvi-click] [           main] com.zaxxer.hikari.HikariDataSource       : HikariPool-8 - Start completed.
2026-09-09T03:09:50.277Z  INFO 2852263 --- [kivvi-click] [           main] o.s.b.a.e.web.EndpointLinksResolver      : Exposing 1 endpoint beneath base path '/actuator'
2026-09-09T03:09:50.284Z  INFO 2852263 --- [kivvi-click] [           main] o.s.boot.tomcat.TomcatWebServer          : Tomcat started on port 39679 (http) with context path '/'
2026-09-09T03:09:50.289Z  INFO 2852263 --- [kivvi-click] [           main] click.kivvi.FeedsApiIT                   : Started FeedsApiIT in 0.35 seconds (process running for 20.256)
2026-09-09T03:09:50.291Z  INFO 2852263 --- [kivvi-click] [eat-scheduler-1] c.k.i.scheduling.HeartbeatJob            : Scheduler heartbeat tick.
2026-09-09T03:09:50.294Z  INFO 2852263 --- [kivvi-click] [eat-scheduler-1] c.k.i.tracking.EventDedupCleanupJob      : Event dedup cleanup removed 0 expired row(s).
2026-09-09T03:09:50.295Z  INFO 2852263 --- [kivvi-click] [o-auto-7-exec-1] o.a.c.c.C.[Tomcat-6].[localhost].[/]     : Initializing Spring DispatcherServlet 'dispatcherServlet'
2026-09-09T03:09:50.295Z  INFO 2852263 --- [kivvi-click] [o-auto-7-exec-1] o.s.web.servlet.DispatcherServlet        : Initializing Servlet 'dispatcherServlet'
2026-09-09T03:09:50.296Z  INFO 2852263 --- [kivvi-click] [o-auto-7-exec-1] o.s.web.servlet.DispatcherServlet        : Completed initialization in 1 ms
2026-09-09T03:09:50.492Z  INFO 2852263 --- [kivvi-click] [           main] tc.postgres:18-alpine                    : Creating container for image: postgres:18-alpine
2026-09-09T03:09:50.505Z  INFO 2852263 --- [kivvi-click] [           main] tc.postgres:18-alpine                    : Container postgres:18-alpine is starting: c64977156286deeb9be42d45ecc8629cf1e72b857d39931f243cd4cad9f4429c
2026-09-09T03:09:51.858Z  INFO 2852263 --- [kivvi-click] [           main] tc.postgres:18-alpine                    : Container postgres:18-alpine started in PT1.366609958S
2026-09-09T03:09:51.858Z  INFO 2852263 --- [kivvi-click] [           main] tc.postgres:18-alpine                    : Container is started (JDBC URL: jdbc:postgresql://localhost:34112/test?loggerLevel=OFF)
2026-09-09T03:09:51.859Z  INFO 2852263 --- [kivvi-click] [           main] t.c.s.AnnotationConfigContextLoaderUtils : Could not detect default configuration classes for test class [click.kivvi.SessionRoundTripIT]: SessionRoundTripIT does not declare any static, non-private, non-final, nested classes annotated with @Configuration.
2026-09-09T03:09:51.862Z  INFO 2852263 --- [kivvi-click] [           main] .b.t.c.SpringBootTestContextBootstrapper : Found @SpringBootConfiguration click.kivvi.KivviApplication for test class click.kivvi.SessionRoundTripIT
2026-09-09T03:09:51.863Z  INFO 2852263 --- [kivvi-click] [           main] t.c.s.AnnotationConfigContextLoaderUtils : Could not detect default configuration classes for test class [click.kivvi.SessionRoundTripIT]: SessionRoundTripIT does not declare any static, non-private, non-final, nested classes annotated with @Configuration.
2026-09-09T03:09:51.865Z  INFO 2852263 --- [kivvi-click] [           main] .b.t.c.SpringBootTestContextBootstrapper : Found @SpringBootConfiguration click.kivvi.KivviApplication for test class click.kivvi.SessionRoundTripIT

  .   ____          _            __ _ _
 /\\ / ___'_ __ _ _(_)_ __  __ _ \ \ \ \
( ( )\___ | '_ | '_| | '_ \/ _` | \ \ \ \
 \\/  ___)| |_)| | | | | || (_| |  ) ) ) )
  '  |____| .__|_| |_|_| |_\__, | / / / /
 =========|_|==============|___/=/_/_/_/

 :: Spring Boot ::                (v4.1.1)

2026-09-09T03:09:51.876Z  INFO 2852263 --- [kivvi-click] [           main] click.kivvi.SessionRoundTripIT           : Starting SessionRoundTripIT using Java 25.0.4.1 with PID 2852263 (started by muszkin in /home/muszkin/work/kivvi-click-wt/integration/backend)
2026-09-09T03:09:51.877Z  INFO 2852263 --- [kivvi-click] [           main] click.kivvi.SessionRoundTripIT           : No active profile set, falling back to 1 default profile: "default"
2026-09-09T03:09:52.022Z  INFO 2852263 --- [kivvi-click] [           main] o.s.boot.tomcat.TomcatWebServer          : Tomcat initialized with port 0 (http)
2026-09-09T03:09:52.023Z  INFO 2852263 --- [kivvi-click] [           main] o.apache.catalina.core.StandardService   : Starting service [Tomcat]
2026-09-09T03:09:52.023Z  INFO 2852263 --- [kivvi-click] [           main] o.apache.catalina.core.StandardEngine    : Starting Servlet engine: [Apache Tomcat/11.0.24]
2026-09-09T03:09:52.029Z  INFO 2852263 --- [kivvi-click] [           main] b.w.c.s.WebApplicationContextInitializer : Root WebApplicationContext: initialization completed in 152 ms
2026-09-09T03:09:52.126Z  INFO 2852263 --- [kivvi-click] [           main] org.flywaydb.core.FlywayExecutor         : Database: jdbc:postgresql://localhost:34112/test?loggerLevel=OFF (PostgreSQL 18.6)
2026-09-09T03:09:52.138Z  INFO 2852263 --- [kivvi-click] [           main] o.f.c.i.s.JdbcTableSchemaHistory         : Schema history table "public"."flyway_schema_history" does not exist yet
2026-09-09T03:09:52.138Z  INFO 2852263 --- [kivvi-click] [           main] o.f.core.internal.command.DbValidate     : Successfully validated 1 migration (execution time 00:00.002s)
2026-09-09T03:09:52.145Z  INFO 2852263 --- [kivvi-click] [           main] o.f.c.i.s.JdbcTableSchemaHistory         : Creating Schema History table "public"."flyway_schema_history" ...
2026-09-09T03:09:52.165Z  INFO 2852263 --- [kivvi-click] [           main] o.f.core.internal.command.DbMigrate      : Current version of schema "public": << Empty Schema >>
2026-09-09T03:09:52.168Z  INFO 2852263 --- [kivvi-click] [           main] o.f.core.internal.command.DbMigrate      : Migrating schema "public" to version "1 - baseline"
2026-09-09T03:09:52.185Z  INFO 2852263 --- [kivvi-click] [           main] o.f.core.internal.command.DbMigrate      : Successfully applied 1 migration to schema "public", now at version v1 (execution time 00:00.014s)
2026-09-09T03:09:52.211Z  INFO 2852263 --- [kivvi-click] [           main] o.s.b.w.a.WelcomePageHandlerMapping      : Adding welcome page: class path resource [static/index.html]
2026-09-09T03:09:52.262Z  INFO 2852263 --- [kivvi-click] [           main] com.zaxxer.hikari.HikariDataSource       : HikariPool-9 - Starting...
2026-09-09T03:09:52.269Z  INFO 2852263 --- [kivvi-click] [           main] com.zaxxer.hikari.pool.HikariPool        : HikariPool-9 - Added connection org.postgresql.jdbc.PgConnection@254c4757
2026-09-09T03:09:52.269Z  INFO 2852263 --- [kivvi-click] [           main] com.zaxxer.hikari.HikariDataSource       : HikariPool-9 - Start completed.
2026-09-09T03:09:52.273Z  INFO 2852263 --- [kivvi-click] [           main] o.s.b.a.e.web.EndpointLinksResolver      : Exposing 1 endpoint beneath base path '/actuator'
2026-09-09T03:09:52.283Z  INFO 2852263 --- [kivvi-click] [           main] o.s.boot.tomcat.TomcatWebServer          : Tomcat started on port 35887 (http) with context path '/'
2026-09-09T03:09:52.288Z  INFO 2852263 --- [kivvi-click] [           main] click.kivvi.SessionRoundTripIT           : Started SessionRoundTripIT in 0.421 seconds (process running for 22.255)
2026-09-09T03:09:52.290Z  INFO 2852263 --- [kivvi-click] [eat-scheduler-1] c.k.i.scheduling.HeartbeatJob            : Scheduler heartbeat tick.
2026-09-09T03:09:52.294Z  INFO 2852263 --- [kivvi-click] [eat-scheduler-1] c.k.i.tracking.EventDedupCleanupJob      : Event dedup cleanup removed 0 expired row(s).
2026-09-09T03:09:52.296Z  INFO 2852263 --- [kivvi-click] [o-auto-8-exec-1] o.a.c.c.C.[Tomcat-7].[localhost].[/]     : Initializing Spring DispatcherServlet 'dispatcherServlet'
2026-09-09T03:09:52.296Z  INFO 2852263 --- [kivvi-click] [o-auto-8-exec-1] o.s.web.servlet.DispatcherServlet        : Initializing Servlet 'dispatcherServlet'
2026-09-09T03:09:52.297Z  INFO 2852263 --- [kivvi-click] [o-auto-8-exec-1] o.s.web.servlet.DispatcherServlet        : Completed initialization in 1 ms
2026-09-09T03:09:52.580Z  INFO 2852263 --- [kivvi-click] [           main] tc.postgres:18-alpine                    : Creating container for image: postgres:18-alpine
2026-09-09T03:09:52.594Z  INFO 2852263 --- [kivvi-click] [           main] tc.postgres:18-alpine                    : Container postgres:18-alpine is starting: e8780447df63089387622ebcb8873eb1a1c77d042780ecafe8d433255a6502d8
2026-09-09T03:09:53.911Z  INFO 2852263 --- [kivvi-click] [           main] tc.postgres:18-alpine                    : Container postgres:18-alpine started in PT1.331005185S
2026-09-09T03:09:53.911Z  INFO 2852263 --- [kivvi-click] [           main] tc.postgres:18-alpine                    : Container is started (JDBC URL: jdbc:postgresql://localhost:34113/test?loggerLevel=OFF)
2026-09-09T03:09:53.912Z  INFO 2852263 --- [kivvi-click] [           main] t.c.s.AnnotationConfigContextLoaderUtils : Could not detect default configuration classes for test class [click.kivvi.ShellApiIT]: ShellApiIT does not declare any static, non-private, non-final, nested classes annotated with @Configuration.
2026-09-09T03:09:53.915Z  INFO 2852263 --- [kivvi-click] [           main] .b.t.c.SpringBootTestContextBootstrapper : Found @SpringBootConfiguration click.kivvi.KivviApplication for test class click.kivvi.ShellApiIT
2026-09-09T03:09:53.915Z  INFO 2852263 --- [kivvi-click] [           main] t.c.s.AnnotationConfigContextLoaderUtils : Could not detect default configuration classes for test class [click.kivvi.ShellApiIT]: ShellApiIT does not declare any static, non-private, non-final, nested classes annotated with @Configuration.
2026-09-09T03:09:53.917Z  INFO 2852263 --- [kivvi-click] [           main] .b.t.c.SpringBootTestContextBootstrapper : Found @SpringBootConfiguration click.kivvi.KivviApplication for test class click.kivvi.ShellApiIT

  .   ____          _            __ _ _
 /\\ / ___'_ __ _ _(_)_ __  __ _ \ \ \ \
( ( )\___ | '_ | '_| | '_ \/ _` | \ \ \ \
 \\/  ___)| |_)| | | | | || (_| |  ) ) ) )
  '  |____| .__|_| |_|_| |_\__, | / / / /
 =========|_|==============|___/=/_/_/_/

 :: Spring Boot ::                (v4.1.1)

2026-09-09T03:09:53.928Z  INFO 2852263 --- [kivvi-click] [           main] click.kivvi.ShellApiIT                   : Starting ShellApiIT using Java 25.0.4.1 with PID 2852263 (started by muszkin in /home/muszkin/work/kivvi-click-wt/integration/backend)
2026-09-09T03:09:53.928Z  INFO 2852263 --- [kivvi-click] [           main] click.kivvi.ShellApiIT                   : No active profile set, falling back to 1 default profile: "default"
2026-09-09T03:09:54.056Z  INFO 2852263 --- [kivvi-click] [           main] o.s.boot.tomcat.TomcatWebServer          : Tomcat initialized with port 0 (http)
2026-09-09T03:09:54.057Z  INFO 2852263 --- [kivvi-click] [           main] o.apache.catalina.core.StandardService   : Starting service [Tomcat]
2026-09-09T03:09:54.057Z  INFO 2852263 --- [kivvi-click] [           main] o.apache.catalina.core.StandardEngine    : Starting Servlet engine: [Apache Tomcat/11.0.24]
2026-09-09T03:09:54.062Z  INFO 2852263 --- [kivvi-click] [           main] b.w.c.s.WebApplicationContextInitializer : Root WebApplicationContext: initialization completed in 133 ms
2026-09-09T03:09:54.124Z  INFO 2852263 --- [kivvi-click] [           main] org.flywaydb.core.FlywayExecutor         : Database: jdbc:postgresql://localhost:34113/test?loggerLevel=OFF (PostgreSQL 18.6)
2026-09-09T03:09:54.135Z  INFO 2852263 --- [kivvi-click] [           main] o.f.c.i.s.JdbcTableSchemaHistory         : Schema history table "public"."flyway_schema_history" does not exist yet
2026-09-09T03:09:54.135Z  INFO 2852263 --- [kivvi-click] [           main] o.f.core.internal.command.DbValidate     : Successfully validated 1 migration (execution time 00:00.002s)
2026-09-09T03:09:54.141Z  INFO 2852263 --- [kivvi-click] [           main] o.f.c.i.s.JdbcTableSchemaHistory         : Creating Schema History table "public"."flyway_schema_history" ...
2026-09-09T03:09:54.160Z  INFO 2852263 --- [kivvi-click] [           main] o.f.core.internal.command.DbMigrate      : Current version of schema "public": << Empty Schema >>
2026-09-09T03:09:54.162Z  INFO 2852263 --- [kivvi-click] [           main] o.f.core.internal.command.DbMigrate      : Migrating schema "public" to version "1 - baseline"
2026-09-09T03:09:54.178Z  INFO 2852263 --- [kivvi-click] [           main] o.f.core.internal.command.DbMigrate      : Successfully applied 1 migration to schema "public", now at version v1 (execution time 00:00.013s)
2026-09-09T03:09:54.202Z  INFO 2852263 --- [kivvi-click] [           main] o.s.b.w.a.WelcomePageHandlerMapping      : Adding welcome page: class path resource [static/index.html]
2026-09-09T03:09:54.244Z  INFO 2852263 --- [kivvi-click] [           main] com.zaxxer.hikari.HikariDataSource       : HikariPool-10 - Starting...
2026-09-09T03:09:54.250Z  INFO 2852263 --- [kivvi-click] [           main] com.zaxxer.hikari.pool.HikariPool        : HikariPool-10 - Added connection org.postgresql.jdbc.PgConnection@30dc642d
2026-09-09T03:09:54.250Z  INFO 2852263 --- [kivvi-click] [           main] com.zaxxer.hikari.HikariDataSource       : HikariPool-10 - Start completed.
2026-09-09T03:09:54.254Z  INFO 2852263 --- [kivvi-click] [           main] o.s.b.a.e.web.EndpointLinksResolver      : Exposing 1 endpoint beneath base path '/actuator'
2026-09-09T03:09:54.261Z  INFO 2852263 --- [kivvi-click] [           main] o.s.boot.tomcat.TomcatWebServer          : Tomcat started on port 34741 (http) with context path '/'
2026-09-09T03:09:54.266Z  INFO 2852263 --- [kivvi-click] [           main] click.kivvi.ShellApiIT                   : Started ShellApiIT in 0.347 seconds (process running for 24.232)
2026-09-09T03:09:54.267Z  INFO 2852263 --- [kivvi-click] [eat-scheduler-1] c.k.i.scheduling.HeartbeatJob            : Scheduler heartbeat tick.
2026-09-09T03:09:54.270Z  INFO 2852263 --- [kivvi-click] [eat-scheduler-1] c.k.i.tracking.EventDedupCleanupJob      : Event dedup cleanup removed 0 expired row(s).
2026-09-09T03:09:54.271Z  INFO 2852263 --- [kivvi-click] [o-auto-9-exec-1] o.a.c.c.C.[Tomcat-8].[localhost].[/]     : Initializing Spring DispatcherServlet 'dispatcherServlet'
2026-09-09T03:09:54.271Z  INFO 2852263 --- [kivvi-click] [o-auto-9-exec-1] o.s.web.servlet.DispatcherServlet        : Initializing Servlet 'dispatcherServlet'
2026-09-09T03:09:54.272Z  INFO 2852263 --- [kivvi-click] [o-auto-9-exec-1] o.s.web.servlet.DispatcherServlet        : Completed initialization in 1 ms
2026-09-09T03:09:54.502Z  INFO 2852263 --- [kivvi-click] [           main] tc.postgres:18-alpine                    : Creating container for image: postgres:18-alpine
2026-09-09T03:09:54.515Z  INFO 2852263 --- [kivvi-click] [           main] tc.postgres:18-alpine                    : Container postgres:18-alpine is starting: b3867467715270636f4bf7555a866b2820404ad678b32ebd8dd0e7684227889d
2026-09-09T03:09:55.835Z  INFO 2852263 --- [kivvi-click] [           main] tc.postgres:18-alpine                    : Container postgres:18-alpine started in PT1.332825077S
2026-09-09T03:09:55.835Z  INFO 2852263 --- [kivvi-click] [           main] tc.postgres:18-alpine                    : Container is started (JDBC URL: jdbc:postgresql://localhost:34114/test?loggerLevel=OFF)
2026-09-09T03:09:55.836Z  INFO 2852263 --- [kivvi-click] [           main] t.c.s.AnnotationConfigContextLoaderUtils : Could not detect default configuration classes for test class [click.kivvi.AutomationsApiIT]: AutomationsApiIT does not declare any static, non-private, non-final, nested classes annotated with @Configuration.
2026-09-09T03:09:55.838Z  INFO 2852263 --- [kivvi-click] [           main] .b.t.c.SpringBootTestContextBootstrapper : Found @SpringBootConfiguration click.kivvi.KivviApplication for test class click.kivvi.AutomationsApiIT
2026-09-09T03:09:55.839Z  INFO 2852263 --- [kivvi-click] [           main] t.c.s.AnnotationConfigContextLoaderUtils : Could not detect default configuration classes for test class [click.kivvi.AutomationsApiIT]: AutomationsApiIT does not declare any static, non-private, non-final, nested classes annotated with @Configuration.
2026-09-09T03:09:55.841Z  INFO 2852263 --- [kivvi-click] [           main] .b.t.c.SpringBootTestContextBootstrapper : Found @SpringBootConfiguration click.kivvi.KivviApplication for test class click.kivvi.AutomationsApiIT

  .   ____          _            __ _ _
 /\\ / ___'_ __ _ _(_)_ __  __ _ \ \ \ \
( ( )\___ | '_ | '_| | '_ \/ _` | \ \ \ \
 \\/  ___)| |_)| | | | | || (_| |  ) ) ) )
  '  |____| .__|_| |_|_| |_\__, | / / / /
 =========|_|==============|___/=/_/_/_/

 :: Spring Boot ::                (v4.1.1)

2026-09-09T03:09:55.851Z  INFO 2852263 --- [kivvi-click] [           main] click.kivvi.AutomationsApiIT             : Starting AutomationsApiIT using Java 25.0.4.1 with PID 2852263 (started by muszkin in /home/muszkin/work/kivvi-click-wt/integration/backend)
2026-09-09T03:09:55.851Z  INFO 2852263 --- [kivvi-click] [           main] click.kivvi.AutomationsApiIT             : No active profile set, falling back to 1 default profile: "default"
2026-09-09T03:09:55.970Z  INFO 2852263 --- [kivvi-click] [           main] o.s.boot.tomcat.TomcatWebServer          : Tomcat initialized with port 0 (http)
2026-09-09T03:09:55.970Z  INFO 2852263 --- [kivvi-click] [           main] o.apache.catalina.core.StandardService   : Starting service [Tomcat]
2026-09-09T03:09:55.971Z  INFO 2852263 --- [kivvi-click] [           main] o.apache.catalina.core.StandardEngine    : Starting Servlet engine: [Apache Tomcat/11.0.24]
2026-09-09T03:09:55.976Z  INFO 2852263 --- [kivvi-click] [           main] b.w.c.s.WebApplicationContextInitializer : Root WebApplicationContext: initialization completed in 124 ms
2026-09-09T03:09:56.037Z  INFO 2852263 --- [kivvi-click] [           main] org.flywaydb.core.FlywayExecutor         : Database: jdbc:postgresql://localhost:34114/test?loggerLevel=OFF (PostgreSQL 18.6)
2026-09-09T03:09:56.047Z  INFO 2852263 --- [kivvi-click] [           main] o.f.c.i.s.JdbcTableSchemaHistory         : Schema history table "public"."flyway_schema_history" does not exist yet
2026-09-09T03:09:56.047Z  INFO 2852263 --- [kivvi-click] [           main] o.f.core.internal.command.DbValidate     : Successfully validated 1 migration (execution time 00:00.002s)
2026-09-09T03:09:56.053Z  INFO 2852263 --- [kivvi-click] [           main] o.f.c.i.s.JdbcTableSchemaHistory         : Creating Schema History table "public"."flyway_schema_history" ...
2026-09-09T03:09:56.071Z  INFO 2852263 --- [kivvi-click] [           main] o.f.core.internal.command.DbMigrate      : Current version of schema "public": << Empty Schema >>
2026-09-09T03:09:56.073Z  INFO 2852263 --- [kivvi-click] [           main] o.f.core.internal.command.DbMigrate      : Migrating schema "public" to version "1 - baseline"
2026-09-09T03:09:56.090Z  INFO 2852263 --- [kivvi-click] [           main] o.f.core.internal.command.DbMigrate      : Successfully applied 1 migration to schema "public", now at version v1 (execution time 00:00.013s)
2026-09-09T03:09:56.116Z  INFO 2852263 --- [kivvi-click] [           main] o.s.b.w.a.WelcomePageHandlerMapping      : Adding welcome page: class path resource [static/index.html]
2026-09-09T03:09:56.161Z  INFO 2852263 --- [kivvi-click] [           main] com.zaxxer.hikari.HikariDataSource       : HikariPool-11 - Starting...
2026-09-09T03:09:56.168Z  INFO 2852263 --- [kivvi-click] [           main] com.zaxxer.hikari.pool.HikariPool        : HikariPool-11 - Added connection org.postgresql.jdbc.PgConnection@29c26959
2026-09-09T03:09:56.168Z  INFO 2852263 --- [kivvi-click] [           main] com.zaxxer.hikari.HikariDataSource       : HikariPool-11 - Start completed.
2026-09-09T03:09:56.172Z  INFO 2852263 --- [kivvi-click] [           main] o.s.b.a.e.web.EndpointLinksResolver      : Exposing 1 endpoint beneath base path '/actuator'
2026-09-09T03:09:56.180Z  INFO 2852263 --- [kivvi-click] [           main] o.s.boot.tomcat.TomcatWebServer          : Tomcat started on port 35417 (http) with context path '/'
2026-09-09T03:09:56.185Z  INFO 2852263 --- [kivvi-click] [           main] click.kivvi.AutomationsApiIT             : Started AutomationsApiIT in 0.343 seconds (process running for 26.151)
2026-09-09T03:09:56.186Z  INFO 2852263 --- [kivvi-click] [eat-scheduler-1] c.k.i.scheduling.HeartbeatJob            : Scheduler heartbeat tick.
2026-09-09T03:09:56.191Z  INFO 2852263 --- [kivvi-click] [eat-scheduler-1] c.k.i.tracking.EventDedupCleanupJob      : Event dedup cleanup removed 0 expired row(s).
2026-09-09T03:09:56.191Z  INFO 2852263 --- [kivvi-click] [-auto-10-exec-1] o.a.c.c.C.[Tomcat-9].[localhost].[/]     : Initializing Spring DispatcherServlet 'dispatcherServlet'
2026-09-09T03:09:56.191Z  INFO 2852263 --- [kivvi-click] [-auto-10-exec-1] o.s.web.servlet.DispatcherServlet        : Initializing Servlet 'dispatcherServlet'
2026-09-09T03:09:56.192Z  INFO 2852263 --- [kivvi-click] [-auto-10-exec-1] o.s.web.servlet.DispatcherServlet        : Completed initialization in 1 ms
2026-09-09T03:09:56.444Z  INFO 2852263 --- [kivvi-click] [           main] tc.postgres:18-alpine                    : Creating container for image: postgres:18-alpine
2026-09-09T03:09:56.459Z  INFO 2852263 --- [kivvi-click] [           main] tc.postgres:18-alpine                    : Container postgres:18-alpine is starting: cad63429a87d7a1a17efbedb011477e7b24fc6f4837e742d6694092abb7839c4
2026-09-09T03:09:57.780Z  INFO 2852263 --- [kivvi-click] [           main] tc.postgres:18-alpine                    : Container postgres:18-alpine started in PT1.33601604S
2026-09-09T03:09:57.780Z  INFO 2852263 --- [kivvi-click] [           main] tc.postgres:18-alpine                    : Container is started (JDBC URL: jdbc:postgresql://localhost:34115/test?loggerLevel=OFF)
2026-09-09T03:09:57.781Z  INFO 2852263 --- [kivvi-click] [           main] t.c.s.AnnotationConfigContextLoaderUtils : Could not detect default configuration classes for test class [click.kivvi.EventsApiIT]: EventsApiIT does not declare any static, non-private, non-final, nested classes annotated with @Configuration.
2026-09-09T03:09:57.783Z  INFO 2852263 --- [kivvi-click] [           main] .b.t.c.SpringBootTestContextBootstrapper : Found @SpringBootConfiguration click.kivvi.KivviApplication for test class click.kivvi.EventsApiIT
2026-09-09T03:09:57.784Z  INFO 2852263 --- [kivvi-click] [           main] t.c.s.AnnotationConfigContextLoaderUtils : Could not detect default configuration classes for test class [click.kivvi.EventsApiIT]: EventsApiIT does not declare any static, non-private, non-final, nested classes annotated with @Configuration.
2026-09-09T03:09:57.786Z  INFO 2852263 --- [kivvi-click] [           main] .b.t.c.SpringBootTestContextBootstrapper : Found @SpringBootConfiguration click.kivvi.KivviApplication for test class click.kivvi.EventsApiIT

  .   ____          _            __ _ _
 /\\ / ___'_ __ _ _(_)_ __  __ _ \ \ \ \
( ( )\___ | '_ | '_| | '_ \/ _` | \ \ \ \
 \\/  ___)| |_)| | | | | || (_| |  ) ) ) )
  '  |____| .__|_| |_|_| |_\__, | / / / /
 =========|_|==============|___/=/_/_/_/

 :: Spring Boot ::                (v4.1.1)

2026-09-09T03:09:57.797Z  INFO 2852263 --- [kivvi-click] [           main] click.kivvi.EventsApiIT                  : Starting EventsApiIT using Java 25.0.4.1 with PID 2852263 (started by muszkin in /home/muszkin/work/kivvi-click-wt/integration/backend)
2026-09-09T03:09:57.797Z  INFO 2852263 --- [kivvi-click] [           main] click.kivvi.EventsApiIT                  : No active profile set, falling back to 1 default profile: "default"
2026-09-09T03:09:57.931Z  INFO 2852263 --- [kivvi-click] [           main] o.s.boot.tomcat.TomcatWebServer          : Tomcat initialized with port 0 (http)
2026-09-09T03:09:57.932Z  INFO 2852263 --- [kivvi-click] [           main] o.apache.catalina.core.StandardService   : Starting service [Tomcat]
2026-09-09T03:09:57.932Z  INFO 2852263 --- [kivvi-click] [           main] o.apache.catalina.core.StandardEngine    : Starting Servlet engine: [Apache Tomcat/11.0.24]
2026-09-09T03:09:57.938Z  INFO 2852263 --- [kivvi-click] [           main] b.w.c.s.WebApplicationContextInitializer : Root WebApplicationContext: initialization completed in 140 ms
2026-09-09T03:09:58.013Z  INFO 2852263 --- [kivvi-click] [           main] org.flywaydb.core.FlywayExecutor         : Database: jdbc:postgresql://localhost:34115/test?loggerLevel=OFF (PostgreSQL 18.6)
2026-09-09T03:09:58.026Z  INFO 2852263 --- [kivvi-click] [           main] o.f.c.i.s.JdbcTableSchemaHistory         : Schema history table "public"."flyway_schema_history" does not exist yet
2026-09-09T03:09:58.026Z  INFO 2852263 --- [kivvi-click] [           main] o.f.core.internal.command.DbValidate     : Successfully validated 1 migration (execution time 00:00.002s)
2026-09-09T03:09:58.033Z  INFO 2852263 --- [kivvi-click] [           main] o.f.c.i.s.JdbcTableSchemaHistory         : Creating Schema History table "public"."flyway_schema_history" ...
2026-09-09T03:09:58.055Z  INFO 2852263 --- [kivvi-click] [           main] o.f.core.internal.command.DbMigrate      : Current version of schema "public": << Empty Schema >>
2026-09-09T03:09:58.057Z  INFO 2852263 --- [kivvi-click] [           main] o.f.core.internal.command.DbMigrate      : Migrating schema "public" to version "1 - baseline"
2026-09-09T03:09:58.077Z  INFO 2852263 --- [kivvi-click] [           main] o.f.core.internal.command.DbMigrate      : Successfully applied 1 migration to schema "public", now at version v1 (execution time 00:00.016s)
2026-09-09T03:09:58.106Z  INFO 2852263 --- [kivvi-click] [           main] o.s.b.w.a.WelcomePageHandlerMapping      : Adding welcome page: class path resource [static/index.html]
2026-09-09T03:09:58.157Z  INFO 2852263 --- [kivvi-click] [           main] com.zaxxer.hikari.HikariDataSource       : HikariPool-12 - Starting...
2026-09-09T03:09:58.165Z  INFO 2852263 --- [kivvi-click] [           main] com.zaxxer.hikari.pool.HikariPool        : HikariPool-12 - Added connection org.postgresql.jdbc.PgConnection@53851bb9
2026-09-09T03:09:58.165Z  INFO 2852263 --- [kivvi-click] [           main] com.zaxxer.hikari.HikariDataSource       : HikariPool-12 - Start completed.
2026-09-09T03:09:58.169Z  INFO 2852263 --- [kivvi-click] [           main] o.s.b.a.e.web.EndpointLinksResolver      : Exposing 1 endpoint beneath base path '/actuator'
2026-09-09T03:09:58.176Z  INFO 2852263 --- [kivvi-click] [           main] o.s.boot.tomcat.TomcatWebServer          : Tomcat started on port 38685 (http) with context path '/'
2026-09-09T03:09:58.182Z  INFO 2852263 --- [kivvi-click] [           main] click.kivvi.EventsApiIT                  : Started EventsApiIT in 0.395 seconds (process running for 28.148)
2026-09-09T03:09:58.183Z  INFO 2852263 --- [kivvi-click] [eat-scheduler-1] c.k.i.scheduling.HeartbeatJob            : Scheduler heartbeat tick.
2026-09-09T03:09:58.186Z  INFO 2852263 --- [kivvi-click] [eat-scheduler-1] c.k.i.tracking.EventDedupCleanupJob      : Event dedup cleanup removed 0 expired row(s).
2026-09-09T03:09:58.187Z  INFO 2852263 --- [kivvi-click] [-auto-11-exec-1] o.a.c.c.C.[Tomcat-10].[localhost].[/]    : Initializing Spring DispatcherServlet 'dispatcherServlet'
2026-09-09T03:09:58.187Z  INFO 2852263 --- [kivvi-click] [-auto-11-exec-1] o.s.web.servlet.DispatcherServlet        : Initializing Servlet 'dispatcherServlet'
2026-09-09T03:09:58.188Z  INFO 2852263 --- [kivvi-click] [-auto-11-exec-1] o.s.web.servlet.DispatcherServlet        : Completed initialization in 1 ms
