WARNING: A terminally deprecated method in sun.misc.Unsafe has been called
WARNING: sun.misc.Unsafe::staticFieldBase has been called by com.google.inject.internal.aop.HiddenClassDefiner (file:/home/muszkin/.m2/wrapper/dists/apache-maven-3.9.11/a2d47e15/lib/guice-5.1.0-classes.jar)
WARNING: Please consider reporting this to the maintainers of class com.google.inject.internal.aop.HiddenClassDefiner
WARNING: sun.misc.Unsafe::staticFieldBase will be removed in a future release
06:42:59.368 [main] INFO click.kivvi.infrastructure.scheduling.HeartbeatJob -- Scheduler heartbeat tick.
06:42:59.373 [main] INFO click.kivvi.infrastructure.tracking.EventDedupCleanupJob -- Event dedup cleanup removed 3 expired row(s).
06:42:59.523 [main] INFO com.tngtech.archunit.core.PluginLoader -- Detected Java version 25.0.4.1
06:43:01.348 [main] INFO org.springframework.test.context.support.AnnotationConfigContextLoaderUtils -- Could not detect default configuration classes for test class [click.kivvi.web.SettingsControllerTest]: SettingsControllerTest does not declare any static, non-private, non-final, nested classes annotated with @Configuration.
06:43:01.477 [main] INFO org.springframework.boot.test.context.SpringBootTestContextBootstrapper -- Found @SpringBootConfiguration click.kivvi.KivviApplication for test class click.kivvi.web.SettingsControllerTest
06:43:01.479 [main] INFO org.springframework.test.context.support.AnnotationConfigContextLoaderUtils -- Could not detect default configuration classes for test class [click.kivvi.web.SettingsControllerTest]: SettingsControllerTest does not declare any static, non-private, non-final, nested classes annotated with @Configuration.
06:43:01.486 [main] INFO org.springframework.boot.test.context.SpringBootTestContextBootstrapper -- Found @SpringBootConfiguration click.kivvi.KivviApplication for test class click.kivvi.web.SettingsControllerTest

  .   ____          _            __ _ _
 /\\ / ___'_ __ _ _(_)_ __  __ _ \ \ \ \
( ( )\___ | '_ | '_| | '_ \/ _` | \ \ \ \
 \\/  ___)| |_)| | | | | || (_| |  ) ) ) )
  '  |____| .__|_| |_|_| |_\__, | / / / /
 =========|_|==============|___/=/_/_/_/

 :: Spring Boot ::                (v4.1.1)

2026-09-09T06:43:01.796Z  INFO 4121074 --- [kivvi-click] [           main] click.kivvi.web.SettingsControllerTest   : Starting SettingsControllerTest using Java 25.0.4.1 with PID 4121074 (started by muszkin in /home/muszkin/work/kivvi-click-wt/integration/backend)
2026-09-09T06:43:01.797Z  INFO 4121074 --- [kivvi-click] [           main] click.kivvi.web.SettingsControllerTest   : No active profile set, falling back to 1 default profile: "default"
2026-09-09T06:43:02.260Z  INFO 4121074 --- [kivvi-click] [           main] o.s.b.w.a.WelcomePageHandlerMapping      : Adding welcome page: class path resource [static/index.html]
2026-09-09T06:43:02.436Z  INFO 4121074 --- [kivvi-click] [           main] o.s.b.t.m.w.SpringBootMockServletContext : Initializing Spring TestDispatcherServlet ''
2026-09-09T06:43:02.436Z  INFO 4121074 --- [kivvi-click] [           main] o.s.t.web.servlet.TestDispatcherServlet  : Initializing Servlet ''
2026-09-09T06:43:02.439Z  INFO 4121074 --- [kivvi-click] [           main] o.s.t.web.servlet.TestDispatcherServlet  : Completed initialization in 3 ms
2026-09-09T06:43:02.461Z  INFO 4121074 --- [kivvi-click] [           main] click.kivvi.web.SettingsControllerTest   : Started SettingsControllerTest in 0.943 seconds (process running for 4.912)
OpenJDK 64-Bit Server VM warning: Sharing is only supported for boot loader classes because bootstrap classpath has been appended
2026-09-09T06:43:03.064Z  INFO 4121074 --- [kivvi-click] [           main] t.c.s.AnnotationConfigContextLoaderUtils : Could not detect default configuration classes for test class [click.kivvi.web.CampaignsControllerTest]: CampaignsControllerTest does not declare any static, non-private, non-final, nested classes annotated with @Configuration.
2026-09-09T06:43:03.071Z  INFO 4121074 --- [kivvi-click] [           main] .b.t.c.SpringBootTestContextBootstrapper : Found @SpringBootConfiguration click.kivvi.KivviApplication for test class click.kivvi.web.CampaignsControllerTest
2026-09-09T06:43:03.071Z  INFO 4121074 --- [kivvi-click] [           main] t.c.s.AnnotationConfigContextLoaderUtils : Could not detect default configuration classes for test class [click.kivvi.web.CampaignsControllerTest]: CampaignsControllerTest does not declare any static, non-private, non-final, nested classes annotated with @Configuration.
2026-09-09T06:43:03.076Z  INFO 4121074 --- [kivvi-click] [           main] .b.t.c.SpringBootTestContextBootstrapper : Found @SpringBootConfiguration click.kivvi.KivviApplication for test class click.kivvi.web.CampaignsControllerTest

  .   ____          _            __ _ _
 /\\ / ___'_ __ _ _(_)_ __  __ _ \ \ \ \
( ( )\___ | '_ | '_| | '_ \/ _` | \ \ \ \
 \\/  ___)| |_)| | | | | || (_| |  ) ) ) )
  '  |____| .__|_| |_|_| |_\__, | / / / /
 =========|_|==============|___/=/_/_/_/

 :: Spring Boot ::                (v4.1.1)

2026-09-09T06:43:03.102Z  INFO 4121074 --- [kivvi-click] [           main] c.kivvi.web.CampaignsControllerTest      : Starting CampaignsControllerTest using Java 25.0.4.1 with PID 4121074 (started by muszkin in /home/muszkin/work/kivvi-click-wt/integration/backend)
2026-09-09T06:43:03.102Z  INFO 4121074 --- [kivvi-click] [           main] c.kivvi.web.CampaignsControllerTest      : No active profile set, falling back to 1 default profile: "default"
2026-09-09T06:43:03.217Z  INFO 4121074 --- [kivvi-click] [           main] o.s.b.w.a.WelcomePageHandlerMapping      : Adding welcome page: class path resource [static/index.html]
2026-09-09T06:43:03.250Z  INFO 4121074 --- [kivvi-click] [           main] o.s.b.t.m.w.SpringBootMockServletContext : Initializing Spring TestDispatcherServlet ''
2026-09-09T06:43:03.251Z  INFO 4121074 --- [kivvi-click] [           main] o.s.t.web.servlet.TestDispatcherServlet  : Initializing Servlet ''
2026-09-09T06:43:03.251Z  INFO 4121074 --- [kivvi-click] [           main] o.s.t.web.servlet.TestDispatcherServlet  : Completed initialization in 0 ms
2026-09-09T06:43:03.256Z  INFO 4121074 --- [kivvi-click] [           main] c.kivvi.web.CampaignsControllerTest      : Started CampaignsControllerTest in 0.175 seconds (process running for 5.707)
2026-09-09T06:43:03.326Z  INFO 4121074 --- [kivvi-click] [           main] .b.t.c.SpringBootTestContextBootstrapper : Found @SpringBootConfiguration click.kivvi.KivviApplication for test class click.kivvi.web.CollectControllerTest
2026-09-09T06:43:03.332Z  INFO 4121074 --- [kivvi-click] [           main] .b.t.c.SpringBootTestContextBootstrapper : Found @SpringBootConfiguration click.kivvi.KivviApplication for test class click.kivvi.web.CollectControllerTest

  .   ____          _            __ _ _
 /\\ / ___'_ __ _ _(_)_ __  __ _ \ \ \ \
( ( )\___ | '_ | '_| | '_ \/ _` | \ \ \ \
 \\/  ___)| |_)| | | | | || (_| |  ) ) ) )
  '  |____| .__|_| |_|_| |_\__, | / / / /
 =========|_|==============|___/=/_/_/_/

 :: Spring Boot ::                (v4.1.1)

2026-09-09T06:43:03.354Z  INFO 4121074 --- [kivvi-click] [           main] click.kivvi.web.CollectControllerTest    : Starting CollectControllerTest using Java 25.0.4.1 with PID 4121074 (started by muszkin in /home/muszkin/work/kivvi-click-wt/integration/backend)
2026-09-09T06:43:03.354Z  INFO 4121074 --- [kivvi-click] [           main] click.kivvi.web.CollectControllerTest    : No active profile set, falling back to 1 default profile: "default"
2026-09-09T06:43:03.512Z  INFO 4121074 --- [kivvi-click] [           main] o.s.b.w.a.WelcomePageHandlerMapping      : Adding welcome page: class path resource [static/index.html]
2026-09-09T06:43:03.532Z  INFO 4121074 --- [kivvi-click] [           main] o.s.b.t.m.w.SpringBootMockServletContext : Initializing Spring TestDispatcherServlet ''
2026-09-09T06:43:03.533Z  INFO 4121074 --- [kivvi-click] [           main] o.s.t.web.servlet.TestDispatcherServlet  : Initializing Servlet ''
2026-09-09T06:43:03.533Z  INFO 4121074 --- [kivvi-click] [           main] o.s.t.web.servlet.TestDispatcherServlet  : Completed initialization in 0 ms
2026-09-09T06:43:03.539Z  INFO 4121074 --- [kivvi-click] [           main] click.kivvi.web.CollectControllerTest    : Started CollectControllerTest in 0.205 seconds (process running for 5.99)
2026-09-09T06:43:03.613Z  INFO 4121074 --- [kivvi-click] [           main] t.c.s.AnnotationConfigContextLoaderUtils : Could not detect default configuration classes for test class [click.kivvi.web.AutomationsControllerTest]: AutomationsControllerTest does not declare any static, non-private, non-final, nested classes annotated with @Configuration.
2026-09-09T06:43:03.618Z  INFO 4121074 --- [kivvi-click] [           main] .b.t.c.SpringBootTestContextBootstrapper : Found @SpringBootConfiguration click.kivvi.KivviApplication for test class click.kivvi.web.AutomationsControllerTest
2026-09-09T06:43:03.618Z  INFO 4121074 --- [kivvi-click] [           main] t.c.s.AnnotationConfigContextLoaderUtils : Could not detect default configuration classes for test class [click.kivvi.web.AutomationsControllerTest]: AutomationsControllerTest does not declare any static, non-private, non-final, nested classes annotated with @Configuration.
2026-09-09T06:43:03.622Z  INFO 4121074 --- [kivvi-click] [           main] .b.t.c.SpringBootTestContextBootstrapper : Found @SpringBootConfiguration click.kivvi.KivviApplication for test class click.kivvi.web.AutomationsControllerTest

  .   ____          _            __ _ _
 /\\ / ___'_ __ _ _(_)_ __  __ _ \ \ \ \
( ( )\___ | '_ | '_| | '_ \/ _` | \ \ \ \
 \\/  ___)| |_)| | | | | || (_| |  ) ) ) )
  '  |____| .__|_| |_|_| |_\__, | / / / /
 =========|_|==============|___/=/_/_/_/

 :: Spring Boot ::                (v4.1.1)

2026-09-09T06:43:03.640Z  INFO 4121074 --- [kivvi-click] [           main] c.kivvi.web.AutomationsControllerTest    : Starting AutomationsControllerTest using Java 25.0.4.1 with PID 4121074 (started by muszkin in /home/muszkin/work/kivvi-click-wt/integration/backend)
2026-09-09T06:43:03.640Z  INFO 4121074 --- [kivvi-click] [           main] c.kivvi.web.AutomationsControllerTest    : No active profile set, falling back to 1 default profile: "default"
2026-09-09T06:43:03.739Z  INFO 4121074 --- [kivvi-click] [           main] o.s.b.w.a.WelcomePageHandlerMapping      : Adding welcome page: class path resource [static/index.html]
2026-09-09T06:43:03.765Z  INFO 4121074 --- [kivvi-click] [           main] o.s.b.t.m.w.SpringBootMockServletContext : Initializing Spring TestDispatcherServlet ''
2026-09-09T06:43:03.765Z  INFO 4121074 --- [kivvi-click] [           main] o.s.t.web.servlet.TestDispatcherServlet  : Initializing Servlet ''
2026-09-09T06:43:03.765Z  INFO 4121074 --- [kivvi-click] [           main] o.s.t.web.servlet.TestDispatcherServlet  : Completed initialization in 0 ms
2026-09-09T06:43:03.769Z  INFO 4121074 --- [kivvi-click] [           main] c.kivvi.web.AutomationsControllerTest    : Started AutomationsControllerTest in 0.145 seconds (process running for 6.22)
2026-09-09T06:43:03.825Z  INFO 4121074 --- [kivvi-click] [           main] t.c.s.AnnotationConfigContextLoaderUtils : Could not detect default configuration classes for test class [click.kivvi.web.FeedsControllerTest]: FeedsControllerTest does not declare any static, non-private, non-final, nested classes annotated with @Configuration.
2026-09-09T06:43:03.830Z  INFO 4121074 --- [kivvi-click] [           main] .b.t.c.SpringBootTestContextBootstrapper : Found @SpringBootConfiguration click.kivvi.KivviApplication for test class click.kivvi.web.FeedsControllerTest
2026-09-09T06:43:03.831Z  INFO 4121074 --- [kivvi-click] [           main] t.c.s.AnnotationConfigContextLoaderUtils : Could not detect default configuration classes for test class [click.kivvi.web.FeedsControllerTest]: FeedsControllerTest does not declare any static, non-private, non-final, nested classes annotated with @Configuration.
2026-09-09T06:43:03.835Z  INFO 4121074 --- [kivvi-click] [           main] .b.t.c.SpringBootTestContextBootstrapper : Found @SpringBootConfiguration click.kivvi.KivviApplication for test class click.kivvi.web.FeedsControllerTest

  .   ____          _            __ _ _
 /\\ / ___'_ __ _ _(_)_ __  __ _ \ \ \ \
( ( )\___ | '_ | '_| | '_ \/ _` | \ \ \ \
 \\/  ___)| |_)| | | | | || (_| |  ) ) ) )
  '  |____| .__|_| |_|_| |_\__, | / / / /
 =========|_|==============|___/=/_/_/_/

 :: Spring Boot ::                (v4.1.1)

2026-09-09T06:43:03.852Z  INFO 4121074 --- [kivvi-click] [           main] click.kivvi.web.FeedsControllerTest      : Starting FeedsControllerTest using Java 25.0.4.1 with PID 4121074 (started by muszkin in /home/muszkin/work/kivvi-click-wt/integration/backend)
2026-09-09T06:43:03.853Z  INFO 4121074 --- [kivvi-click] [           main] click.kivvi.web.FeedsControllerTest      : No active profile set, falling back to 1 default profile: "default"
2026-09-09T06:43:03.941Z  INFO 4121074 --- [kivvi-click] [           main] o.s.b.w.a.WelcomePageHandlerMapping      : Adding welcome page: class path resource [static/index.html]
2026-09-09T06:43:03.969Z  INFO 4121074 --- [kivvi-click] [           main] o.s.b.t.m.w.SpringBootMockServletContext : Initializing Spring TestDispatcherServlet ''
2026-09-09T06:43:03.969Z  INFO 4121074 --- [kivvi-click] [           main] o.s.t.web.servlet.TestDispatcherServlet  : Initializing Servlet ''
2026-09-09T06:43:03.970Z  INFO 4121074 --- [kivvi-click] [           main] o.s.t.web.servlet.TestDispatcherServlet  : Completed initialization in 1 ms
2026-09-09T06:43:03.975Z  INFO 4121074 --- [kivvi-click] [           main] click.kivvi.web.FeedsControllerTest      : Started FeedsControllerTest in 0.137 seconds (process running for 6.426)
2026-09-09T06:43:03.998Z  INFO 4121074 --- [kivvi-click] [           main] t.c.s.AnnotationConfigContextLoaderUtils : Could not detect default configuration classes for test class [click.kivvi.web.WidgetControllerTest]: WidgetControllerTest does not declare any static, non-private, non-final, nested classes annotated with @Configuration.
2026-09-09T06:43:04.004Z  INFO 4121074 --- [kivvi-click] [           main] .b.t.c.SpringBootTestContextBootstrapper : Found @SpringBootConfiguration click.kivvi.KivviApplication for test class click.kivvi.web.WidgetControllerTest
2026-09-09T06:43:04.004Z  INFO 4121074 --- [kivvi-click] [           main] t.c.s.AnnotationConfigContextLoaderUtils : Could not detect default configuration classes for test class [click.kivvi.web.WidgetControllerTest]: WidgetControllerTest does not declare any static, non-private, non-final, nested classes annotated with @Configuration.
2026-09-09T06:43:04.009Z  INFO 4121074 --- [kivvi-click] [           main] .b.t.c.SpringBootTestContextBootstrapper : Found @SpringBootConfiguration click.kivvi.KivviApplication for test class click.kivvi.web.WidgetControllerTest

  .   ____          _            __ _ _
 /\\ / ___'_ __ _ _(_)_ __  __ _ \ \ \ \
( ( )\___ | '_ | '_| | '_ \/ _` | \ \ \ \
 \\/  ___)| |_)| | | | | || (_| |  ) ) ) )
  '  |____| .__|_| |_|_| |_\__, | / / / /
 =========|_|==============|___/=/_/_/_/

 :: Spring Boot ::                (v4.1.1)

2026-09-09T06:43:04.029Z  INFO 4121074 --- [kivvi-click] [           main] click.kivvi.web.WidgetControllerTest     : Starting WidgetControllerTest using Java 25.0.4.1 with PID 4121074 (started by muszkin in /home/muszkin/work/kivvi-click-wt/integration/backend)
2026-09-09T06:43:04.029Z  INFO 4121074 --- [kivvi-click] [           main] click.kivvi.web.WidgetControllerTest     : No active profile set, falling back to 1 default profile: "default"
2026-09-09T06:43:04.121Z  INFO 4121074 --- [kivvi-click] [           main] o.s.b.w.a.WelcomePageHandlerMapping      : Adding welcome page: class path resource [static/index.html]
2026-09-09T06:43:04.142Z  INFO 4121074 --- [kivvi-click] [           main] o.s.b.t.m.w.SpringBootMockServletContext : Initializing Spring TestDispatcherServlet ''
2026-09-09T06:43:04.142Z  INFO 4121074 --- [kivvi-click] [           main] o.s.t.web.servlet.TestDispatcherServlet  : Initializing Servlet ''
2026-09-09T06:43:04.143Z  INFO 4121074 --- [kivvi-click] [           main] o.s.t.web.servlet.TestDispatcherServlet  : Completed initialization in 1 ms
2026-09-09T06:43:04.147Z  INFO 4121074 --- [kivvi-click] [           main] click.kivvi.web.WidgetControllerTest     : Started WidgetControllerTest in 0.134 seconds (process running for 6.598)
2026-09-09T06:43:04.199Z  INFO 4121074 --- [kivvi-click] [           main] t.c.s.AnnotationConfigContextLoaderUtils : Could not detect default configuration classes for test class [click.kivvi.web.LoginControllerTest]: LoginControllerTest does not declare any static, non-private, non-final, nested classes annotated with @Configuration.
2026-09-09T06:43:04.205Z  INFO 4121074 --- [kivvi-click] [           main] .b.t.c.SpringBootTestContextBootstrapper : Found @SpringBootConfiguration click.kivvi.KivviApplication for test class click.kivvi.web.LoginControllerTest
2026-09-09T06:43:04.205Z  INFO 4121074 --- [kivvi-click] [           main] t.c.s.AnnotationConfigContextLoaderUtils : Could not detect default configuration classes for test class [click.kivvi.web.LoginControllerTest]: LoginControllerTest does not declare any static, non-private, non-final, nested classes annotated with @Configuration.
2026-09-09T06:43:04.209Z  INFO 4121074 --- [kivvi-click] [           main] .b.t.c.SpringBootTestContextBootstrapper : Found @SpringBootConfiguration click.kivvi.KivviApplication for test class click.kivvi.web.LoginControllerTest

  .   ____          _            __ _ _
 /\\ / ___'_ __ _ _(_)_ __  __ _ \ \ \ \
( ( )\___ | '_ | '_| | '_ \/ _` | \ \ \ \
 \\/  ___)| |_)| | | | | || (_| |  ) ) ) )
  '  |____| .__|_| |_|_| |_\__, | / / / /
 =========|_|==============|___/=/_/_/_/

 :: Spring Boot ::                (v4.1.1)

2026-09-09T06:43:04.226Z  INFO 4121074 --- [kivvi-click] [           main] click.kivvi.web.LoginControllerTest      : Starting LoginControllerTest using Java 25.0.4.1 with PID 4121074 (started by muszkin in /home/muszkin/work/kivvi-click-wt/integration/backend)
2026-09-09T06:43:04.226Z  INFO 4121074 --- [kivvi-click] [           main] click.kivvi.web.LoginControllerTest      : No active profile set, falling back to 1 default profile: "default"
2026-09-09T06:43:04.305Z  INFO 4121074 --- [kivvi-click] [           main] o.s.b.w.a.WelcomePageHandlerMapping      : Adding welcome page: class path resource [static/index.html]
2026-09-09T06:43:04.329Z  INFO 4121074 --- [kivvi-click] [           main] o.s.b.t.m.w.SpringBootMockServletContext : Initializing Spring TestDispatcherServlet ''
2026-09-09T06:43:04.329Z  INFO 4121074 --- [kivvi-click] [           main] o.s.t.web.servlet.TestDispatcherServlet  : Initializing Servlet ''
2026-09-09T06:43:04.330Z  INFO 4121074 --- [kivvi-click] [           main] o.s.t.web.servlet.TestDispatcherServlet  : Completed initialization in 0 ms
2026-09-09T06:43:04.335Z  INFO 4121074 --- [kivvi-click] [           main] click.kivvi.web.LoginControllerTest      : Started LoginControllerTest in 0.123 seconds (process running for 6.786)
2026-09-09T06:43:04.362Z  INFO 4121074 --- [kivvi-click] [           main] t.c.s.AnnotationConfigContextLoaderUtils : Could not detect default configuration classes for test class [click.kivvi.web.ImportUploadControllerTest]: ImportUploadControllerTest does not declare any static, non-private, non-final, nested classes annotated with @Configuration.
2026-09-09T06:43:04.367Z  INFO 4121074 --- [kivvi-click] [           main] .b.t.c.SpringBootTestContextBootstrapper : Found @SpringBootConfiguration click.kivvi.KivviApplication for test class click.kivvi.web.ImportUploadControllerTest
2026-09-09T06:43:04.367Z  INFO 4121074 --- [kivvi-click] [           main] t.c.s.AnnotationConfigContextLoaderUtils : Could not detect default configuration classes for test class [click.kivvi.web.ImportUploadControllerTest]: ImportUploadControllerTest does not declare any static, non-private, non-final, nested classes annotated with @Configuration.
2026-09-09T06:43:04.370Z  INFO 4121074 --- [kivvi-click] [           main] .b.t.c.SpringBootTestContextBootstrapper : Found @SpringBootConfiguration click.kivvi.KivviApplication for test class click.kivvi.web.ImportUploadControllerTest

  .   ____          _            __ _ _
 /\\ / ___'_ __ _ _(_)_ __  __ _ \ \ \ \
( ( )\___ | '_ | '_| | '_ \/ _` | \ \ \ \
 \\/  ___)| |_)| | | | | || (_| |  ) ) ) )
  '  |____| .__|_| |_|_| |_\__, | / / / /
 =========|_|==============|___/=/_/_/_/

 :: Spring Boot ::                (v4.1.1)

2026-09-09T06:43:04.387Z  INFO 4121074 --- [kivvi-click] [           main] c.kivvi.web.ImportUploadControllerTest   : Starting ImportUploadControllerTest using Java 25.0.4.1 with PID 4121074 (started by muszkin in /home/muszkin/work/kivvi-click-wt/integration/backend)
2026-09-09T06:43:04.387Z  INFO 4121074 --- [kivvi-click] [           main] c.kivvi.web.ImportUploadControllerTest   : No active profile set, falling back to 1 default profile: "default"
2026-09-09T06:43:04.476Z  INFO 4121074 --- [kivvi-click] [           main] o.s.b.w.a.WelcomePageHandlerMapping      : Adding welcome page: class path resource [static/index.html]
2026-09-09T06:43:04.497Z  INFO 4121074 --- [kivvi-click] [           main] o.s.b.t.m.w.SpringBootMockServletContext : Initializing Spring TestDispatcherServlet ''
2026-09-09T06:43:04.498Z  INFO 4121074 --- [kivvi-click] [           main] o.s.t.web.servlet.TestDispatcherServlet  : Initializing Servlet ''
2026-09-09T06:43:04.498Z  INFO 4121074 --- [kivvi-click] [           main] o.s.t.web.servlet.TestDispatcherServlet  : Completed initialization in 0 ms
2026-09-09T06:43:04.501Z  INFO 4121074 --- [kivvi-click] [           main] c.kivvi.web.ImportUploadControllerTest   : Started ImportUploadControllerTest in 0.129 seconds (process running for 6.952)
2026-09-09T06:43:04.521Z  INFO 4121074 --- [kivvi-click] [           main] t.c.s.AnnotationConfigContextLoaderUtils : Could not detect default configuration classes for test class [click.kivvi.web.ImportControllerTest]: ImportControllerTest does not declare any static, non-private, non-final, nested classes annotated with @Configuration.
2026-09-09T06:43:04.526Z  INFO 4121074 --- [kivvi-click] [           main] .b.t.c.SpringBootTestContextBootstrapper : Found @SpringBootConfiguration click.kivvi.KivviApplication for test class click.kivvi.web.ImportControllerTest
2026-09-09T06:43:04.526Z  INFO 4121074 --- [kivvi-click] [           main] t.c.s.AnnotationConfigContextLoaderUtils : Could not detect default configuration classes for test class [click.kivvi.web.ImportControllerTest]: ImportControllerTest does not declare any static, non-private, non-final, nested classes annotated with @Configuration.
2026-09-09T06:43:04.531Z  INFO 4121074 --- [kivvi-click] [           main] .b.t.c.SpringBootTestContextBootstrapper : Found @SpringBootConfiguration click.kivvi.KivviApplication for test class click.kivvi.web.ImportControllerTest

  .   ____          _            __ _ _
 /\\ / ___'_ __ _ _(_)_ __  __ _ \ \ \ \
( ( )\___ | '_ | '_| | '_ \/ _` | \ \ \ \
 \\/  ___)| |_)| | | | | || (_| |  ) ) ) )
  '  |____| .__|_| |_|_| |_\__, | / / / /
 =========|_|==============|___/=/_/_/_/

 :: Spring Boot ::                (v4.1.1)

2026-09-09T06:43:04.545Z  INFO 4121074 --- [kivvi-click] [           main] click.kivvi.web.ImportControllerTest     : Starting ImportControllerTest using Java 25.0.4.1 with PID 4121074 (started by muszkin in /home/muszkin/work/kivvi-click-wt/integration/backend)
2026-09-09T06:43:04.546Z  INFO 4121074 --- [kivvi-click] [           main] click.kivvi.web.ImportControllerTest     : No active profile set, falling back to 1 default profile: "default"
2026-09-09T06:43:04.618Z  INFO 4121074 --- [kivvi-click] [           main] o.s.b.w.a.WelcomePageHandlerMapping      : Adding welcome page: class path resource [static/index.html]
2026-09-09T06:43:04.635Z  INFO 4121074 --- [kivvi-click] [           main] o.s.b.t.m.w.SpringBootMockServletContext : Initializing Spring TestDispatcherServlet ''
2026-09-09T06:43:04.635Z  INFO 4121074 --- [kivvi-click] [           main] o.s.t.web.servlet.TestDispatcherServlet  : Initializing Servlet ''
2026-09-09T06:43:04.636Z  INFO 4121074 --- [kivvi-click] [           main] o.s.t.web.servlet.TestDispatcherServlet  : Completed initialization in 1 ms
2026-09-09T06:43:04.638Z  INFO 4121074 --- [kivvi-click] [           main] click.kivvi.web.ImportControllerTest     : Started ImportControllerTest in 0.105 seconds (process running for 7.089)
2026-09-09T06:43:04.676Z  INFO 4121074 --- [kivvi-click] [           main] t.c.s.AnnotationConfigContextLoaderUtils : Could not detect default configuration classes for test class [click.kivvi.web.CustomersControllerTest]: CustomersControllerTest does not declare any static, non-private, non-final, nested classes annotated with @Configuration.
2026-09-09T06:43:04.680Z  INFO 4121074 --- [kivvi-click] [           main] .b.t.c.SpringBootTestContextBootstrapper : Found @SpringBootConfiguration click.kivvi.KivviApplication for test class click.kivvi.web.CustomersControllerTest
2026-09-09T06:43:04.680Z  INFO 4121074 --- [kivvi-click] [           main] t.c.s.AnnotationConfigContextLoaderUtils : Could not detect default configuration classes for test class [click.kivvi.web.CustomersControllerTest]: CustomersControllerTest does not declare any static, non-private, non-final, nested classes annotated with @Configuration.
2026-09-09T06:43:04.683Z  INFO 4121074 --- [kivvi-click] [           main] .b.t.c.SpringBootTestContextBootstrapper : Found @SpringBootConfiguration click.kivvi.KivviApplication for test class click.kivvi.web.CustomersControllerTest

  .   ____          _            __ _ _
 /\\ / ___'_ __ _ _(_)_ __  __ _ \ \ \ \
( ( )\___ | '_ | '_| | '_ \/ _` | \ \ \ \
 \\/  ___)| |_)| | | | | || (_| |  ) ) ) )
  '  |____| .__|_| |_|_| |_\__, | / / / /
 =========|_|==============|___/=/_/_/_/

 :: Spring Boot ::                (v4.1.1)

2026-09-09T06:43:04.697Z  INFO 4121074 --- [kivvi-click] [           main] c.kivvi.web.CustomersControllerTest      : Starting CustomersControllerTest using Java 25.0.4.1 with PID 4121074 (started by muszkin in /home/muszkin/work/kivvi-click-wt/integration/backend)
2026-09-09T06:43:04.698Z  INFO 4121074 --- [kivvi-click] [           main] c.kivvi.web.CustomersControllerTest      : No active profile set, falling back to 1 default profile: "default"
2026-09-09T06:43:04.775Z  INFO 4121074 --- [kivvi-click] [           main] o.s.b.w.a.WelcomePageHandlerMapping      : Adding welcome page: class path resource [static/index.html]
2026-09-09T06:43:04.793Z  INFO 4121074 --- [kivvi-click] [           main] o.s.b.t.m.w.SpringBootMockServletContext : Initializing Spring TestDispatcherServlet ''
2026-09-09T06:43:04.793Z  INFO 4121074 --- [kivvi-click] [           main] o.s.t.web.servlet.TestDispatcherServlet  : Initializing Servlet ''
2026-09-09T06:43:04.793Z  INFO 4121074 --- [kivvi-click] [           main] o.s.t.web.servlet.TestDispatcherServlet  : Completed initialization in 0 ms
2026-09-09T06:43:04.796Z  INFO 4121074 --- [kivvi-click] [           main] c.kivvi.web.CustomersControllerTest      : Started CustomersControllerTest in 0.111 seconds (process running for 7.247)
2026-09-09T06:43:04.836Z  INFO 4121074 --- [kivvi-click] [           main] t.c.s.AnnotationConfigContextLoaderUtils : Could not detect default configuration classes for test class [click.kivvi.web.LandingControllerTest]: LandingControllerTest does not declare any static, non-private, non-final, nested classes annotated with @Configuration.
2026-09-09T06:43:04.839Z  INFO 4121074 --- [kivvi-click] [           main] .b.t.c.SpringBootTestContextBootstrapper : Found @SpringBootConfiguration click.kivvi.KivviApplication for test class click.kivvi.web.LandingControllerTest
2026-09-09T06:43:04.840Z  INFO 4121074 --- [kivvi-click] [           main] t.c.s.AnnotationConfigContextLoaderUtils : Could not detect default configuration classes for test class [click.kivvi.web.LandingControllerTest]: LandingControllerTest does not declare any static, non-private, non-final, nested classes annotated with @Configuration.
2026-09-09T06:43:04.843Z  INFO 4121074 --- [kivvi-click] [           main] .b.t.c.SpringBootTestContextBootstrapper : Found @SpringBootConfiguration click.kivvi.KivviApplication for test class click.kivvi.web.LandingControllerTest

  .   ____          _            __ _ _
 /\\ / ___'_ __ _ _(_)_ __  __ _ \ \ \ \
( ( )\___ | '_ | '_| | '_ \/ _` | \ \ \ \
 \\/  ___)| |_)| | | | | || (_| |  ) ) ) )
  '  |____| .__|_| |_|_| |_\__, | / / / /
 =========|_|==============|___/=/_/_/_/

 :: Spring Boot ::                (v4.1.1)

2026-09-09T06:43:04.856Z  INFO 4121074 --- [kivvi-click] [           main] click.kivvi.web.LandingControllerTest    : Starting LandingControllerTest using Java 25.0.4.1 with PID 4121074 (started by muszkin in /home/muszkin/work/kivvi-click-wt/integration/backend)
2026-09-09T06:43:04.856Z  INFO 4121074 --- [kivvi-click] [           main] click.kivvi.web.LandingControllerTest    : No active profile set, falling back to 1 default profile: "default"
2026-09-09T06:43:04.912Z  INFO 4121074 --- [kivvi-click] [           main] o.s.b.w.a.WelcomePageHandlerMapping      : Adding welcome page: class path resource [static/index.html]
2026-09-09T06:43:04.929Z  INFO 4121074 --- [kivvi-click] [           main] o.s.b.t.m.w.SpringBootMockServletContext : Initializing Spring TestDispatcherServlet ''
2026-09-09T06:43:04.929Z  INFO 4121074 --- [kivvi-click] [           main] o.s.t.web.servlet.TestDispatcherServlet  : Initializing Servlet ''
2026-09-09T06:43:04.929Z  INFO 4121074 --- [kivvi-click] [           main] o.s.t.web.servlet.TestDispatcherServlet  : Completed initialization in 0 ms
2026-09-09T06:43:04.932Z  INFO 4121074 --- [kivvi-click] [           main] click.kivvi.web.LandingControllerTest    : Started LandingControllerTest in 0.087 seconds (process running for 7.383)
2026-09-09T06:43:04.955Z  INFO 4121074 --- [kivvi-click] [           main] t.c.s.AnnotationConfigContextLoaderUtils : Could not detect default configuration classes for test class [click.kivvi.web.EventsControllerTest]: EventsControllerTest does not declare any static, non-private, non-final, nested classes annotated with @Configuration.
2026-09-09T06:43:04.959Z  INFO 4121074 --- [kivvi-click] [           main] .b.t.c.SpringBootTestContextBootstrapper : Found @SpringBootConfiguration click.kivvi.KivviApplication for test class click.kivvi.web.EventsControllerTest
2026-09-09T06:43:04.960Z  INFO 4121074 --- [kivvi-click] [           main] t.c.s.AnnotationConfigContextLoaderUtils : Could not detect default configuration classes for test class [click.kivvi.web.EventsControllerTest]: EventsControllerTest does not declare any static, non-private, non-final, nested classes annotated with @Configuration.
2026-09-09T06:43:04.962Z  INFO 4121074 --- [kivvi-click] [           main] .b.t.c.SpringBootTestContextBootstrapper : Found @SpringBootConfiguration click.kivvi.KivviApplication for test class click.kivvi.web.EventsControllerTest

  .   ____          _            __ _ _
 /\\ / ___'_ __ _ _(_)_ __  __ _ \ \ \ \
( ( )\___ | '_ | '_| | '_ \/ _` | \ \ \ \
 \\/  ___)| |_)| | | | | || (_| |  ) ) ) )
  '  |____| .__|_| |_|_| |_\__, | / / / /
 =========|_|==============|___/=/_/_/_/

 :: Spring Boot ::                (v4.1.1)

2026-09-09T06:43:04.976Z  INFO 4121074 --- [kivvi-click] [           main] click.kivvi.web.EventsControllerTest     : Starting EventsControllerTest using Java 25.0.4.1 with PID 4121074 (started by muszkin in /home/muszkin/work/kivvi-click-wt/integration/backend)
2026-09-09T06:43:04.976Z  INFO 4121074 --- [kivvi-click] [           main] click.kivvi.web.EventsControllerTest     : No active profile set, falling back to 1 default profile: "default"
2026-09-09T06:43:05.038Z  INFO 4121074 --- [kivvi-click] [           main] o.s.b.w.a.WelcomePageHandlerMapping      : Adding welcome page: class path resource [static/index.html]
2026-09-09T06:43:05.062Z  INFO 4121074 --- [kivvi-click] [           main] o.s.b.t.m.w.SpringBootMockServletContext : Initializing Spring TestDispatcherServlet ''
2026-09-09T06:43:05.062Z  INFO 4121074 --- [kivvi-click] [           main] o.s.t.web.servlet.TestDispatcherServlet  : Initializing Servlet ''
2026-09-09T06:43:05.063Z  INFO 4121074 --- [kivvi-click] [           main] o.s.t.web.servlet.TestDispatcherServlet  : Completed initialization in 1 ms
2026-09-09T06:43:05.066Z  INFO 4121074 --- [kivvi-click] [           main] click.kivvi.web.EventsControllerTest     : Started EventsControllerTest in 0.102 seconds (process running for 7.517)
2026-09-09T06:43:05.101Z  INFO 4121074 --- [kivvi-click] [           main] t.c.s.AnnotationConfigContextLoaderUtils : Could not detect default configuration classes for test class [click.kivvi.web.SpaDocumentControllerTest]: SpaDocumentControllerTest does not declare any static, non-private, non-final, nested classes annotated with @Configuration.
2026-09-09T06:43:05.107Z  INFO 4121074 --- [kivvi-click] [           main] .b.t.c.SpringBootTestContextBootstrapper : Found @SpringBootConfiguration click.kivvi.KivviApplication for test class click.kivvi.web.SpaDocumentControllerTest
2026-09-09T06:43:05.107Z  INFO 4121074 --- [kivvi-click] [           main] t.c.s.AnnotationConfigContextLoaderUtils : Could not detect default configuration classes for test class [click.kivvi.web.SpaDocumentControllerTest]: SpaDocumentControllerTest does not declare any static, non-private, non-final, nested classes annotated with @Configuration.
2026-09-09T06:43:05.111Z  INFO 4121074 --- [kivvi-click] [           main] .b.t.c.SpringBootTestContextBootstrapper : Found @SpringBootConfiguration click.kivvi.KivviApplication for test class click.kivvi.web.SpaDocumentControllerTest

  .   ____          _            __ _ _
 /\\ / ___'_ __ _ _(_)_ __  __ _ \ \ \ \
( ( )\___ | '_ | '_| | '_ \/ _` | \ \ \ \
 \\/  ___)| |_)| | | | | || (_| |  ) ) ) )
  '  |____| .__|_| |_|_| |_\__, | / / / /
 =========|_|==============|___/=/_/_/_/

 :: Spring Boot ::                (v4.1.1)

2026-09-09T06:43:05.130Z  INFO 4121074 --- [kivvi-click] [           main] c.kivvi.web.SpaDocumentControllerTest    : Starting SpaDocumentControllerTest using Java 25.0.4.1 with PID 4121074 (started by muszkin in /home/muszkin/work/kivvi-click-wt/integration/backend)
2026-09-09T06:43:05.131Z  INFO 4121074 --- [kivvi-click] [           main] c.kivvi.web.SpaDocumentControllerTest    : No active profile set, falling back to 1 default profile: "default"
2026-09-09T06:43:05.190Z  INFO 4121074 --- [kivvi-click] [           main] o.s.b.w.a.WelcomePageHandlerMapping      : Adding welcome page: class path resource [static/index.html]
2026-09-09T06:43:05.206Z  INFO 4121074 --- [kivvi-click] [           main] o.s.b.t.m.w.SpringBootMockServletContext : Initializing Spring TestDispatcherServlet ''
2026-09-09T06:43:05.206Z  INFO 4121074 --- [kivvi-click] [           main] o.s.t.web.servlet.TestDispatcherServlet  : Initializing Servlet ''
2026-09-09T06:43:05.207Z  INFO 4121074 --- [kivvi-click] [           main] o.s.t.web.servlet.TestDispatcherServlet  : Completed initialization in 0 ms
2026-09-09T06:43:05.209Z  INFO 4121074 --- [kivvi-click] [           main] c.kivvi.web.SpaDocumentControllerTest    : Started SpaDocumentControllerTest in 0.097 seconds (process running for 7.661)
2026-09-09T06:43:05.284Z  INFO 4121074 --- [kivvi-click] [           main] t.c.s.AnnotationConfigContextLoaderUtils : Could not detect default configuration classes for test class [click.kivvi.web.PreferencesControllerTest]: PreferencesControllerTest does not declare any static, non-private, non-final, nested classes annotated with @Configuration.
2026-09-09T06:43:05.287Z  INFO 4121074 --- [kivvi-click] [           main] .b.t.c.SpringBootTestContextBootstrapper : Found @SpringBootConfiguration click.kivvi.KivviApplication for test class click.kivvi.web.PreferencesControllerTest
2026-09-09T06:43:05.288Z  INFO 4121074 --- [kivvi-click] [           main] t.c.s.AnnotationConfigContextLoaderUtils : Could not detect default configuration classes for test class [click.kivvi.web.PreferencesControllerTest]: PreferencesControllerTest does not declare any static, non-private, non-final, nested classes annotated with @Configuration.
2026-09-09T06:43:05.290Z  INFO 4121074 --- [kivvi-click] [           main] .b.t.c.SpringBootTestContextBootstrapper : Found @SpringBootConfiguration click.kivvi.KivviApplication for test class click.kivvi.web.PreferencesControllerTest

  .   ____          _            __ _ _
 /\\ / ___'_ __ _ _(_)_ __  __ _ \ \ \ \
( ( )\___ | '_ | '_| | '_ \/ _` | \ \ \ \
 \\/  ___)| |_)| | | | | || (_| |  ) ) ) )
  '  |____| .__|_| |_|_| |_\__, | / / / /
 =========|_|==============|___/=/_/_/_/

 :: Spring Boot ::                (v4.1.1)

2026-09-09T06:43:05.300Z  INFO 4121074 --- [kivvi-click] [           main] c.kivvi.web.PreferencesControllerTest    : Starting PreferencesControllerTest using Java 25.0.4.1 with PID 4121074 (started by muszkin in /home/muszkin/work/kivvi-click-wt/integration/backend)
2026-09-09T06:43:05.300Z  INFO 4121074 --- [kivvi-click] [           main] c.kivvi.web.PreferencesControllerTest    : No active profile set, falling back to 1 default profile: "default"
2026-09-09T06:43:05.358Z  INFO 4121074 --- [kivvi-click] [           main] o.s.b.w.a.WelcomePageHandlerMapping      : Adding welcome page: class path resource [static/index.html]
2026-09-09T06:43:05.367Z  INFO 4121074 --- [kivvi-click] [           main] o.s.b.t.m.w.SpringBootMockServletContext : Initializing Spring TestDispatcherServlet ''
2026-09-09T06:43:05.368Z  INFO 4121074 --- [kivvi-click] [           main] o.s.t.web.servlet.TestDispatcherServlet  : Initializing Servlet ''
2026-09-09T06:43:05.368Z  INFO 4121074 --- [kivvi-click] [           main] o.s.t.web.servlet.TestDispatcherServlet  : Completed initialization in 0 ms
2026-09-09T06:43:05.371Z  INFO 4121074 --- [kivvi-click] [           main] c.kivvi.web.PreferencesControllerTest    : Started PreferencesControllerTest in 0.079 seconds (process running for 7.822)
06:43:06.786 [main] INFO org.testcontainers.images.PullPolicy -- Image pull policy will be performed by: DefaultPullPolicy()
06:43:06.789 [main] INFO org.testcontainers.utility.ImageNameSubstitutor -- Image name substitution will be performed by: DefaultImageNameSubstitutor (composite of 'ConfigurationFileImageNameSubstitutor' and 'PrefixingImageNameSubstitutor')
06:43:06.809 [main] INFO org.testcontainers.DockerClientFactory -- Testcontainers version: 2.0.5
06:43:06.916 [main] INFO org.testcontainers.dockerclient.DockerClientProviderStrategy -- Loaded org.testcontainers.dockerclient.UnixSocketClientProviderStrategy from ~/.testcontainers.properties, will try it first
06:43:07.222 [main] INFO org.testcontainers.dockerclient.DockerClientProviderStrategy -- Found Docker environment with local Unix socket (unix:///var/run/docker.sock)
06:43:07.223 [main] INFO org.testcontainers.DockerClientFactory -- Docker host IP address is localhost
06:43:07.234 [main] INFO org.testcontainers.DockerClientFactory -- Connected to docker: 
  Server Version: 29.8.0
  API Version: 1.56
  Operating System: Ubuntu 24.04.4 LTS
  Total Memory: 128182 MB
06:43:07.263 [main] INFO tc.testcontainers/ryuk:0.14.0 -- Creating container for image: testcontainers/ryuk:0.14.0
06:43:07.267 [main] INFO org.testcontainers.utility.RegistryAuthLocator -- Failure when attempting to lookup auth config. Please ignore if you don't have images in an authenticated registry. Details: (dockerImageName: testcontainers/ryuk:0.14.0, configFile: /home/muszkin/.docker/config.json, configEnv: DOCKER_AUTH_CONFIG). Falling back to docker-java default behaviour. Exception message: Status 404: No config supplied. Checked in order: /home/muszkin/.docker/config.json (file not found), DOCKER_AUTH_CONFIG (not set)
06:43:07.354 [main] INFO tc.testcontainers/ryuk:0.14.0 -- Container testcontainers/ryuk:0.14.0 is starting: f5192162dda8a531e6bb2b03a591bec5d442450681c1383819e68f8a039e1882
06:43:07.613 [main] INFO tc.testcontainers/ryuk:0.14.0 -- Container testcontainers/ryuk:0.14.0 started in PT0.350281954S
06:43:07.616 [main] INFO org.testcontainers.utility.RyukResourceReaper -- Ryuk started - will monitor and terminate Testcontainers containers on JVM exit
06:43:07.617 [main] INFO org.testcontainers.DockerClientFactory -- Checking the system...
06:43:07.617 [main] INFO org.testcontainers.DockerClientFactory -- ✔︎ Docker server version should be at least 1.6.0
06:43:07.617 [main] INFO tc.postgres:18-alpine -- Creating container for image: postgres:18-alpine
06:43:07.645 [main] INFO tc.postgres:18-alpine -- Container postgres:18-alpine is starting: bad0c93b4c9db206299868703bb678e6a27e5da3b75c2af89226b48873a5b345
06:43:08.977 [main] INFO tc.postgres:18-alpine -- Container postgres:18-alpine started in PT1.359486505S
06:43:08.978 [main] INFO tc.postgres:18-alpine -- Container is started (JDBC URL: jdbc:postgresql://localhost:34518/test?loggerLevel=OFF)
06:43:09.052 [main] INFO org.springframework.test.context.support.AnnotationConfigContextLoaderUtils -- Could not detect default configuration classes for test class [click.kivvi.CampaignsApiIT]: CampaignsApiIT does not declare any static, non-private, non-final, nested classes annotated with @Configuration.
06:43:09.155 [main] INFO org.springframework.boot.test.context.SpringBootTestContextBootstrapper -- Found @SpringBootConfiguration click.kivvi.KivviApplication for test class click.kivvi.CampaignsApiIT
06:43:09.204 [main] INFO org.springframework.test.context.support.AnnotationConfigContextLoaderUtils -- Could not detect default configuration classes for test class [click.kivvi.CampaignsApiIT]: CampaignsApiIT does not declare any static, non-private, non-final, nested classes annotated with @Configuration.
06:43:09.208 [main] INFO org.springframework.boot.test.context.SpringBootTestContextBootstrapper -- Found @SpringBootConfiguration click.kivvi.KivviApplication for test class click.kivvi.CampaignsApiIT

  .   ____          _            __ _ _
 /\\ / ___'_ __ _ _(_)_ __  __ _ \ \ \ \
( ( )\___ | '_ | '_| | '_ \/ _` | \ \ \ \
 \\/  ___)| |_)| | | | | || (_| |  ) ) ) )
  '  |____| .__|_| |_|_| |_\__, | / / / /
 =========|_|==============|___/=/_/_/_/

 :: Spring Boot ::                (v4.1.1)

2026-09-09T06:43:09.462Z  INFO 4122026 --- [kivvi-click] [           main] click.kivvi.CampaignsApiIT               : Starting CampaignsApiIT using Java 25.0.4.1 with PID 4122026 (started by muszkin in /home/muszkin/work/kivvi-click-wt/integration/backend)
2026-09-09T06:43:09.466Z  INFO 4122026 --- [kivvi-click] [           main] click.kivvi.CampaignsApiIT               : No active profile set, falling back to 1 default profile: "default"
2026-09-09T06:43:10.561Z  INFO 4122026 --- [kivvi-click] [           main] o.s.boot.tomcat.TomcatWebServer          : Tomcat initialized with port 0 (http)
2026-09-09T06:43:10.575Z  INFO 4122026 --- [kivvi-click] [           main] o.apache.catalina.core.StandardService   : Starting service [Tomcat]
2026-09-09T06:43:10.576Z  INFO 4122026 --- [kivvi-click] [           main] o.apache.catalina.core.StandardEngine    : Starting Servlet engine: [Apache Tomcat/11.0.24]
2026-09-09T06:43:10.615Z  INFO 4122026 --- [kivvi-click] [           main] b.w.c.s.WebApplicationContextInitializer : Root WebApplicationContext: initialization completed in 1135 ms
2026-09-09T06:43:11.106Z  INFO 4122026 --- [kivvi-click] [           main] org.flywaydb.core.FlywayExecutor         : Database: jdbc:postgresql://localhost:34518/test?loggerLevel=OFF (PostgreSQL 18.6)
2026-09-09T06:43:11.152Z  INFO 4122026 --- [kivvi-click] [           main] o.f.c.i.s.JdbcTableSchemaHistory         : Schema history table "public"."flyway_schema_history" does not exist yet
2026-09-09T06:43:11.154Z  INFO 4122026 --- [kivvi-click] [           main] o.f.core.internal.command.DbValidate     : Successfully validated 1 migration (execution time 00:00.012s)
2026-09-09T06:43:11.166Z  INFO 4122026 --- [kivvi-click] [           main] o.f.c.i.s.JdbcTableSchemaHistory         : Creating Schema History table "public"."flyway_schema_history" ...
2026-09-09T06:43:11.213Z  INFO 4122026 --- [kivvi-click] [           main] o.f.core.internal.command.DbMigrate      : Current version of schema "public": << Empty Schema >>
2026-09-09T06:43:11.221Z  INFO 4122026 --- [kivvi-click] [           main] o.f.core.internal.command.DbMigrate      : Migrating schema "public" to version "1 - baseline"
2026-09-09T06:43:11.257Z  INFO 4122026 --- [kivvi-click] [           main] o.f.core.internal.command.DbMigrate      : Successfully applied 1 migration to schema "public", now at version v1 (execution time 00:00.026s)
2026-09-09T06:43:11.414Z  INFO 4122026 --- [kivvi-click] [           main] o.s.b.w.a.WelcomePageHandlerMapping      : Adding welcome page: class path resource [static/index.html]
2026-09-09T06:43:11.779Z  INFO 4122026 --- [kivvi-click] [           main] com.zaxxer.hikari.HikariDataSource       : HikariPool-1 - Starting...
2026-09-09T06:43:11.795Z  INFO 4122026 --- [kivvi-click] [           main] com.zaxxer.hikari.pool.HikariPool        : HikariPool-1 - Added connection org.postgresql.jdbc.PgConnection@6af02de0
2026-09-09T06:43:11.796Z  INFO 4122026 --- [kivvi-click] [           main] com.zaxxer.hikari.HikariDataSource       : HikariPool-1 - Start completed.
2026-09-09T06:43:11.830Z  INFO 4122026 --- [kivvi-click] [           main] o.s.b.a.e.web.EndpointLinksResolver      : Exposing 1 endpoint beneath base path '/actuator'
2026-09-09T06:43:11.871Z  INFO 4122026 --- [kivvi-click] [           main] o.s.boot.tomcat.TomcatWebServer          : Tomcat started on port 46695 (http) with context path '/'
2026-09-09T06:43:11.887Z  INFO 4122026 --- [kivvi-click] [           main] click.kivvi.CampaignsApiIT               : Started CampaignsApiIT in 2.635 seconds (process running for 5.762)
2026-09-09T06:43:11.900Z  INFO 4122026 --- [kivvi-click] [eat-scheduler-1] c.k.i.scheduling.HeartbeatJob            : Scheduler heartbeat tick.
2026-09-09T06:43:11.912Z  INFO 4122026 --- [kivvi-click] [eat-scheduler-1] c.k.i.tracking.EventDedupCleanupJob      : Event dedup cleanup removed 0 expired row(s).
OpenJDK 64-Bit Server VM warning: Sharing is only supported for boot loader classes because bootstrap classpath has been appended
2026-09-09T06:43:12.392Z  INFO 4122026 --- [kivvi-click] [o-auto-1-exec-1] o.a.c.c.C.[Tomcat].[localhost].[/]       : Initializing Spring DispatcherServlet 'dispatcherServlet'
2026-09-09T06:43:12.392Z  INFO 4122026 --- [kivvi-click] [o-auto-1-exec-1] o.s.web.servlet.DispatcherServlet        : Initializing Servlet 'dispatcherServlet'
2026-09-09T06:43:12.393Z  INFO 4122026 --- [kivvi-click] [o-auto-1-exec-1] o.s.web.servlet.DispatcherServlet        : Completed initialization in 1 ms
2026-09-09T06:43:12.808Z  INFO 4122026 --- [kivvi-click] [           main] tc.postgres:18-alpine                    : Creating container for image: postgres:18-alpine
2026-09-09T06:43:12.823Z  INFO 4122026 --- [kivvi-click] [           main] tc.postgres:18-alpine                    : Container postgres:18-alpine is starting: 297707110baac21ceca8e9f3c210e866690173c48c09581018fc2b8a5e66ce4e
2026-09-09T06:43:14.166Z  INFO 4122026 --- [kivvi-click] [           main] tc.postgres:18-alpine                    : Container postgres:18-alpine started in PT1.358239357S
2026-09-09T06:43:14.166Z  INFO 4122026 --- [kivvi-click] [           main] tc.postgres:18-alpine                    : Container is started (JDBC URL: jdbc:postgresql://localhost:34519/test?loggerLevel=OFF)
2026-09-09T06:43:14.169Z  INFO 4122026 --- [kivvi-click] [           main] t.c.s.AnnotationConfigContextLoaderUtils : Could not detect default configuration classes for test class [click.kivvi.infrastructure.scheduling.HeartbeatSchedulerIT]: HeartbeatSchedulerIT does not declare any static, non-private, non-final, nested classes annotated with @Configuration.
2026-09-09T06:43:14.182Z  INFO 4122026 --- [kivvi-click] [           main] .b.t.c.SpringBootTestContextBootstrapper : Found @SpringBootConfiguration click.kivvi.KivviApplication for test class click.kivvi.infrastructure.scheduling.HeartbeatSchedulerIT

  .   ____          _            __ _ _
 /\\ / ___'_ __ _ _(_)_ __  __ _ \ \ \ \
( ( )\___ | '_ | '_| | '_ \/ _` | \ \ \ \
 \\/  ___)| |_)| | | | | || (_| |  ) ) ) )
  '  |____| .__|_| |_|_| |_\__, | / / / /
 =========|_|==============|___/=/_/_/_/

 :: Spring Boot ::                (v4.1.1)

2026-09-09T06:43:14.202Z  INFO 4122026 --- [kivvi-click] [           main] c.k.i.scheduling.HeartbeatSchedulerIT    : Starting HeartbeatSchedulerIT using Java 25.0.4.1 with PID 4122026 (started by muszkin in /home/muszkin/work/kivvi-click-wt/integration/backend)
2026-09-09T06:43:14.202Z  INFO 4122026 --- [kivvi-click] [           main] c.k.i.scheduling.HeartbeatSchedulerIT    : No active profile set, falling back to 1 default profile: "default"
2026-09-09T06:43:14.448Z  INFO 4122026 --- [kivvi-click] [           main] o.s.boot.tomcat.TomcatWebServer          : Tomcat initialized with port 0 (http)
2026-09-09T06:43:14.449Z  INFO 4122026 --- [kivvi-click] [           main] o.apache.catalina.core.StandardService   : Starting service [Tomcat]
2026-09-09T06:43:14.449Z  INFO 4122026 --- [kivvi-click] [           main] o.apache.catalina.core.StandardEngine    : Starting Servlet engine: [Apache Tomcat/11.0.24]
2026-09-09T06:43:14.458Z  INFO 4122026 --- [kivvi-click] [           main] b.w.c.s.WebApplicationContextInitializer : Root WebApplicationContext: initialization completed in 254 ms
2026-09-09T06:43:14.584Z  INFO 4122026 --- [kivvi-click] [           main] org.flywaydb.core.FlywayExecutor         : Database: jdbc:postgresql://localhost:34519/test?loggerLevel=OFF (PostgreSQL 18.6)
2026-09-09T06:43:14.599Z  INFO 4122026 --- [kivvi-click] [           main] o.f.c.i.s.JdbcTableSchemaHistory         : Schema history table "public"."flyway_schema_history" does not exist yet
2026-09-09T06:43:14.599Z  INFO 4122026 --- [kivvi-click] [           main] o.f.core.internal.command.DbValidate     : Successfully validated 1 migration (execution time 00:00.003s)
2026-09-09T06:43:14.607Z  INFO 4122026 --- [kivvi-click] [           main] o.f.c.i.s.JdbcTableSchemaHistory         : Creating Schema History table "public"."flyway_schema_history" ...
2026-09-09T06:43:14.630Z  INFO 4122026 --- [kivvi-click] [           main] o.f.core.internal.command.DbMigrate      : Current version of schema "public": << Empty Schema >>
2026-09-09T06:43:14.634Z  INFO 4122026 --- [kivvi-click] [           main] o.f.core.internal.command.DbMigrate      : Migrating schema "public" to version "1 - baseline"
2026-09-09T06:43:14.653Z  INFO 4122026 --- [kivvi-click] [           main] o.f.core.internal.command.DbMigrate      : Successfully applied 1 migration to schema "public", now at version v1 (execution time 00:00.015s)
2026-09-09T06:43:14.701Z  INFO 4122026 --- [kivvi-click] [           main] o.s.b.w.a.WelcomePageHandlerMapping      : Adding welcome page: class path resource [static/index.html]
2026-09-09T06:43:14.766Z  INFO 4122026 --- [kivvi-click] [           main] com.zaxxer.hikari.HikariDataSource       : HikariPool-2 - Starting...
2026-09-09T06:43:14.773Z  INFO 4122026 --- [kivvi-click] [           main] com.zaxxer.hikari.pool.HikariPool        : HikariPool-2 - Added connection org.postgresql.jdbc.PgConnection@75be6796
2026-09-09T06:43:14.774Z  INFO 4122026 --- [kivvi-click] [           main] com.zaxxer.hikari.HikariDataSource       : HikariPool-2 - Start completed.
2026-09-09T06:43:14.778Z  INFO 4122026 --- [kivvi-click] [           main] o.s.b.a.e.web.EndpointLinksResolver      : Exposing 1 endpoint beneath base path '/actuator'
2026-09-09T06:43:14.786Z  INFO 4122026 --- [kivvi-click] [           main] o.s.boot.tomcat.TomcatWebServer          : Tomcat started on port 38499 (http) with context path '/'
2026-09-09T06:43:14.792Z  INFO 4122026 --- [kivvi-click] [           main] c.k.i.scheduling.HeartbeatSchedulerIT    : Started HeartbeatSchedulerIT in 0.606 seconds (process running for 8.668)
2026-09-09T06:43:14.794Z  INFO 4122026 --- [kivvi-click] [eat-scheduler-1] c.k.i.scheduling.HeartbeatJob            : Scheduler heartbeat tick.
2026-09-09T06:43:14.798Z  INFO 4122026 --- [kivvi-click] [eat-scheduler-1] c.k.i.tracking.EventDedupCleanupJob      : Event dedup cleanup removed 0 expired row(s).
2026-09-09T06:43:15.082Z  INFO 4122026 --- [kivvi-click] [           main] tc.postgres:18-alpine                    : Creating container for image: postgres:18-alpine
2026-09-09T06:43:15.098Z  INFO 4122026 --- [kivvi-click] [           main] tc.postgres:18-alpine                    : Container postgres:18-alpine is starting: 10bf440b1e6a4cb9bfc321ed46eda1b44140f82bfe1b805a9fbd627b1c9964c4
2026-09-09T06:43:16.444Z  INFO 4122026 --- [kivvi-click] [           main] tc.postgres:18-alpine                    : Container postgres:18-alpine started in PT1.362506838S
2026-09-09T06:43:16.444Z  INFO 4122026 --- [kivvi-click] [           main] tc.postgres:18-alpine                    : Container is started (JDBC URL: jdbc:postgresql://localhost:34520/test?loggerLevel=OFF)
2026-09-09T06:43:16.445Z  INFO 4122026 --- [kivvi-click] [           main] t.c.s.AnnotationConfigContextLoaderUtils : Could not detect default configuration classes for test class [click.kivvi.infrastructure.tracking.EventDedupStoreIT]: EventDedupStoreIT does not declare any static, non-private, non-final, nested classes annotated with @Configuration.
2026-09-09T06:43:16.455Z  INFO 4122026 --- [kivvi-click] [           main] .b.t.c.SpringBootTestContextBootstrapper : Found @SpringBootConfiguration click.kivvi.KivviApplication for test class click.kivvi.infrastructure.tracking.EventDedupStoreIT
2026-09-09T06:43:16.456Z  INFO 4122026 --- [kivvi-click] [           main] t.c.s.AnnotationConfigContextLoaderUtils : Could not detect default configuration classes for test class [click.kivvi.infrastructure.tracking.EventDedupStoreIT]: EventDedupStoreIT does not declare any static, non-private, non-final, nested classes annotated with @Configuration.
2026-09-09T06:43:16.458Z  INFO 4122026 --- [kivvi-click] [           main] .b.t.c.SpringBootTestContextBootstrapper : Found @SpringBootConfiguration click.kivvi.KivviApplication for test class click.kivvi.infrastructure.tracking.EventDedupStoreIT

  .   ____          _            __ _ _
 /\\ / ___'_ __ _ _(_)_ __  __ _ \ \ \ \
( ( )\___ | '_ | '_| | '_ \/ _` | \ \ \ \
 \\/  ___)| |_)| | | | | || (_| |  ) ) ) )
  '  |____| .__|_| |_|_| |_\__, | / / / /
 =========|_|==============|___/=/_/_/_/

 :: Spring Boot ::                (v4.1.1)

2026-09-09T06:43:16.477Z  INFO 4122026 --- [kivvi-click] [           main] c.k.i.tracking.EventDedupStoreIT         : Starting EventDedupStoreIT using Java 25.0.4.1 with PID 4122026 (started by muszkin in /home/muszkin/work/kivvi-click-wt/integration/backend)
2026-09-09T06:43:16.477Z  INFO 4122026 --- [kivvi-click] [           main] c.k.i.tracking.EventDedupStoreIT         : No active profile set, falling back to 1 default profile: "default"
2026-09-09T06:43:16.729Z  INFO 4122026 --- [kivvi-click] [           main] org.flywaydb.core.FlywayExecutor         : Database: jdbc:postgresql://localhost:34520/test?loggerLevel=OFF (PostgreSQL 18.6)
2026-09-09T06:43:16.742Z  INFO 4122026 --- [kivvi-click] [           main] o.f.c.i.s.JdbcTableSchemaHistory         : Schema history table "public"."flyway_schema_history" does not exist yet
2026-09-09T06:43:16.742Z  INFO 4122026 --- [kivvi-click] [           main] o.f.core.internal.command.DbValidate     : Successfully validated 1 migration (execution time 00:00.003s)
2026-09-09T06:43:16.749Z  INFO 4122026 --- [kivvi-click] [           main] o.f.c.i.s.JdbcTableSchemaHistory         : Creating Schema History table "public"."flyway_schema_history" ...
2026-09-09T06:43:16.769Z  INFO 4122026 --- [kivvi-click] [           main] o.f.core.internal.command.DbMigrate      : Current version of schema "public": << Empty Schema >>
2026-09-09T06:43:16.773Z  INFO 4122026 --- [kivvi-click] [           main] o.f.core.internal.command.DbMigrate      : Migrating schema "public" to version "1 - baseline"
2026-09-09T06:43:16.790Z  INFO 4122026 --- [kivvi-click] [           main] o.f.core.internal.command.DbMigrate      : Successfully applied 1 migration to schema "public", now at version v1 (execution time 00:00.014s)
2026-09-09T06:43:16.840Z  INFO 4122026 --- [kivvi-click] [           main] o.s.b.w.a.WelcomePageHandlerMapping      : Adding welcome page: class path resource [static/index.html]
2026-09-09T06:43:16.929Z  INFO 4122026 --- [kivvi-click] [           main] com.zaxxer.hikari.HikariDataSource       : HikariPool-3 - Starting...
2026-09-09T06:43:16.936Z  INFO 4122026 --- [kivvi-click] [           main] com.zaxxer.hikari.pool.HikariPool        : HikariPool-3 - Added connection org.postgresql.jdbc.PgConnection@6044311a
2026-09-09T06:43:16.937Z  INFO 4122026 --- [kivvi-click] [           main] com.zaxxer.hikari.HikariDataSource       : HikariPool-3 - Start completed.
2026-09-09T06:43:16.954Z  INFO 4122026 --- [kivvi-click] [           main] o.s.b.a.e.web.EndpointLinksResolver      : Exposing 1 endpoint beneath base path '/actuator'
2026-09-09T06:43:16.969Z  INFO 4122026 --- [kivvi-click] [           main] c.k.i.tracking.EventDedupStoreIT         : Started EventDedupStoreIT in 0.507 seconds (process running for 10.845)
2026-09-09T06:43:16.971Z  INFO 4122026 --- [kivvi-click] [eat-scheduler-1] c.k.i.scheduling.HeartbeatJob            : Scheduler heartbeat tick.
2026-09-09T06:43:16.975Z  INFO 4122026 --- [kivvi-click] [eat-scheduler-1] c.k.i.tracking.EventDedupCleanupJob      : Event dedup cleanup removed 0 expired row(s).
2026-09-09T06:43:17.194Z  INFO 4122026 --- [kivvi-click] [           main] tc.postgres:18-alpine                    : Creating container for image: postgres:18-alpine
2026-09-09T06:43:17.211Z  INFO 4122026 --- [kivvi-click] [           main] tc.postgres:18-alpine                    : Container postgres:18-alpine is starting: 79dd0c9445154767b8ad4457b3a6e60ec98cdd64be88f5f35ba40467641ee658
2026-09-09T06:43:18.574Z  INFO 4122026 --- [kivvi-click] [           main] tc.postgres:18-alpine                    : Container postgres:18-alpine started in PT1.380386288S
2026-09-09T06:43:18.575Z  INFO 4122026 --- [kivvi-click] [           main] tc.postgres:18-alpine                    : Container is started (JDBC URL: jdbc:postgresql://localhost:34521/test?loggerLevel=OFF)
2026-09-09T06:43:18.576Z  INFO 4122026 --- [kivvi-click] [           main] t.c.s.AnnotationConfigContextLoaderUtils : Could not detect default configuration classes for test class [click.kivvi.LandingApiIT]: LandingApiIT does not declare any static, non-private, non-final, nested classes annotated with @Configuration.
2026-09-09T06:43:18.579Z  INFO 4122026 --- [kivvi-click] [           main] .b.t.c.SpringBootTestContextBootstrapper : Found @SpringBootConfiguration click.kivvi.KivviApplication for test class click.kivvi.LandingApiIT
2026-09-09T06:43:18.579Z  INFO 4122026 --- [kivvi-click] [           main] t.c.s.AnnotationConfigContextLoaderUtils : Could not detect default configuration classes for test class [click.kivvi.LandingApiIT]: LandingApiIT does not declare any static, non-private, non-final, nested classes annotated with @Configuration.
2026-09-09T06:43:18.581Z  INFO 4122026 --- [kivvi-click] [           main] .b.t.c.SpringBootTestContextBootstrapper : Found @SpringBootConfiguration click.kivvi.KivviApplication for test class click.kivvi.LandingApiIT

  .   ____          _            __ _ _
 /\\ / ___'_ __ _ _(_)_ __  __ _ \ \ \ \
( ( )\___ | '_ | '_| | '_ \/ _` | \ \ \ \
 \\/  ___)| |_)| | | | | || (_| |  ) ) ) )
  '  |____| .__|_| |_|_| |_\__, | / / / /
 =========|_|==============|___/=/_/_/_/

 :: Spring Boot ::                (v4.1.1)

2026-09-09T06:43:18.597Z  INFO 4122026 --- [kivvi-click] [           main] click.kivvi.LandingApiIT                 : Starting LandingApiIT using Java 25.0.4.1 with PID 4122026 (started by muszkin in /home/muszkin/work/kivvi-click-wt/integration/backend)
2026-09-09T06:43:18.597Z  INFO 4122026 --- [kivvi-click] [           main] click.kivvi.LandingApiIT                 : No active profile set, falling back to 1 default profile: "default"
2026-09-09T06:43:18.757Z  INFO 4122026 --- [kivvi-click] [           main] o.s.boot.tomcat.TomcatWebServer          : Tomcat initialized with port 0 (http)
2026-09-09T06:43:18.758Z  INFO 4122026 --- [kivvi-click] [           main] o.apache.catalina.core.StandardService   : Starting service [Tomcat]
2026-09-09T06:43:18.758Z  INFO 4122026 --- [kivvi-click] [           main] o.apache.catalina.core.StandardEngine    : Starting Servlet engine: [Apache Tomcat/11.0.24]
2026-09-09T06:43:18.764Z  INFO 4122026 --- [kivvi-click] [           main] b.w.c.s.WebApplicationContextInitializer : Root WebApplicationContext: initialization completed in 166 ms
2026-09-09T06:43:18.833Z  INFO 4122026 --- [kivvi-click] [           main] org.flywaydb.core.FlywayExecutor         : Database: jdbc:postgresql://localhost:34521/test?loggerLevel=OFF (PostgreSQL 18.6)
2026-09-09T06:43:18.843Z  INFO 4122026 --- [kivvi-click] [           main] o.f.c.i.s.JdbcTableSchemaHistory         : Schema history table "public"."flyway_schema_history" does not exist yet
2026-09-09T06:43:18.844Z  INFO 4122026 --- [kivvi-click] [           main] o.f.core.internal.command.DbValidate     : Successfully validated 1 migration (execution time 00:00.002s)
2026-09-09T06:43:18.849Z  INFO 4122026 --- [kivvi-click] [           main] o.f.c.i.s.JdbcTableSchemaHistory         : Creating Schema History table "public"."flyway_schema_history" ...
2026-09-09T06:43:18.869Z  INFO 4122026 --- [kivvi-click] [           main] o.f.core.internal.command.DbMigrate      : Current version of schema "public": << Empty Schema >>
2026-09-09T06:43:18.872Z  INFO 4122026 --- [kivvi-click] [           main] o.f.core.internal.command.DbMigrate      : Migrating schema "public" to version "1 - baseline"
2026-09-09T06:43:18.889Z  INFO 4122026 --- [kivvi-click] [           main] o.f.core.internal.command.DbMigrate      : Successfully applied 1 migration to schema "public", now at version v1 (execution time 00:00.014s)
2026-09-09T06:43:18.918Z  INFO 4122026 --- [kivvi-click] [           main] o.s.b.w.a.WelcomePageHandlerMapping      : Adding welcome page: class path resource [static/index.html]
2026-09-09T06:43:18.969Z  INFO 4122026 --- [kivvi-click] [           main] com.zaxxer.hikari.HikariDataSource       : HikariPool-4 - Starting...
2026-09-09T06:43:18.976Z  INFO 4122026 --- [kivvi-click] [           main] com.zaxxer.hikari.pool.HikariPool        : HikariPool-4 - Added connection org.postgresql.jdbc.PgConnection@569b57c4
2026-09-09T06:43:18.976Z  INFO 4122026 --- [kivvi-click] [           main] com.zaxxer.hikari.HikariDataSource       : HikariPool-4 - Start completed.
2026-09-09T06:43:18.980Z  INFO 4122026 --- [kivvi-click] [           main] o.s.b.a.e.web.EndpointLinksResolver      : Exposing 1 endpoint beneath base path '/actuator'
2026-09-09T06:43:18.987Z  INFO 4122026 --- [kivvi-click] [           main] o.s.boot.tomcat.TomcatWebServer          : Tomcat started on port 36209 (http) with context path '/'
2026-09-09T06:43:18.993Z  INFO 4122026 --- [kivvi-click] [           main] click.kivvi.LandingApiIT                 : Started LandingApiIT in 0.409 seconds (process running for 12.868)
2026-09-09T06:43:18.994Z  INFO 4122026 --- [kivvi-click] [eat-scheduler-1] c.k.i.scheduling.HeartbeatJob            : Scheduler heartbeat tick.
2026-09-09T06:43:18.997Z  INFO 4122026 --- [kivvi-click] [eat-scheduler-1] c.k.i.tracking.EventDedupCleanupJob      : Event dedup cleanup removed 0 expired row(s).
2026-09-09T06:43:18.999Z  INFO 4122026 --- [kivvi-click] [o-auto-3-exec-1] o.a.c.c.C.[Tomcat-2].[localhost].[/]     : Initializing Spring DispatcherServlet 'dispatcherServlet'
2026-09-09T06:43:18.999Z  INFO 4122026 --- [kivvi-click] [o-auto-3-exec-1] o.s.web.servlet.DispatcherServlet        : Initializing Servlet 'dispatcherServlet'
2026-09-09T06:43:19.000Z  INFO 4122026 --- [kivvi-click] [o-auto-3-exec-1] o.s.web.servlet.DispatcherServlet        : Completed initialization in 1 ms
2026-09-09T06:43:19.228Z  INFO 4122026 --- [kivvi-click] [           main] tc.postgres:18-alpine                    : Creating container for image: postgres:18-alpine
2026-09-09T06:43:19.244Z  INFO 4122026 --- [kivvi-click] [           main] tc.postgres:18-alpine                    : Container postgres:18-alpine is starting: 5c720b4ac1dc0c341ea2d9ad5a7d4d27683a236f6313bb5a9df3a098455df575
2026-09-09T06:43:20.583Z  INFO 4122026 --- [kivvi-click] [           main] tc.postgres:18-alpine                    : Container postgres:18-alpine started in PT1.355689187S
2026-09-09T06:43:20.584Z  INFO 4122026 --- [kivvi-click] [           main] tc.postgres:18-alpine                    : Container is started (JDBC URL: jdbc:postgresql://localhost:34522/test?loggerLevel=OFF)
2026-09-09T06:43:20.585Z  INFO 4122026 --- [kivvi-click] [           main] t.c.s.AnnotationConfigContextLoaderUtils : Could not detect default configuration classes for test class [click.kivvi.SettingsApiIT]: SettingsApiIT does not declare any static, non-private, non-final, nested classes annotated with @Configuration.
2026-09-09T06:43:20.588Z  INFO 4122026 --- [kivvi-click] [           main] .b.t.c.SpringBootTestContextBootstrapper : Found @SpringBootConfiguration click.kivvi.KivviApplication for test class click.kivvi.SettingsApiIT
2026-09-09T06:43:20.588Z  INFO 4122026 --- [kivvi-click] [           main] t.c.s.AnnotationConfigContextLoaderUtils : Could not detect default configuration classes for test class [click.kivvi.SettingsApiIT]: SettingsApiIT does not declare any static, non-private, non-final, nested classes annotated with @Configuration.
2026-09-09T06:43:20.590Z  INFO 4122026 --- [kivvi-click] [           main] .b.t.c.SpringBootTestContextBootstrapper : Found @SpringBootConfiguration click.kivvi.KivviApplication for test class click.kivvi.SettingsApiIT

  .   ____          _            __ _ _
 /\\ / ___'_ __ _ _(_)_ __  __ _ \ \ \ \
( ( )\___ | '_ | '_| | '_ \/ _` | \ \ \ \
 \\/  ___)| |_)| | | | | || (_| |  ) ) ) )
  '  |____| .__|_| |_|_| |_\__, | / / / /
 =========|_|==============|___/=/_/_/_/

 :: Spring Boot ::                (v4.1.1)

2026-09-09T06:43:20.604Z  INFO 4122026 --- [kivvi-click] [           main] click.kivvi.SettingsApiIT                : Starting SettingsApiIT using Java 25.0.4.1 with PID 4122026 (started by muszkin in /home/muszkin/work/kivvi-click-wt/integration/backend)
2026-09-09T06:43:20.604Z  INFO 4122026 --- [kivvi-click] [           main] click.kivvi.SettingsApiIT                : No active profile set, falling back to 1 default profile: "default"
2026-09-09T06:43:20.756Z  INFO 4122026 --- [kivvi-click] [           main] o.s.boot.tomcat.TomcatWebServer          : Tomcat initialized with port 0 (http)
2026-09-09T06:43:20.756Z  INFO 4122026 --- [kivvi-click] [           main] o.apache.catalina.core.StandardService   : Starting service [Tomcat]
2026-09-09T06:43:20.756Z  INFO 4122026 --- [kivvi-click] [           main] o.apache.catalina.core.StandardEngine    : Starting Servlet engine: [Apache Tomcat/11.0.24]
2026-09-09T06:43:20.763Z  INFO 4122026 --- [kivvi-click] [           main] b.w.c.s.WebApplicationContextInitializer : Root WebApplicationContext: initialization completed in 158 ms
2026-09-09T06:43:20.836Z  INFO 4122026 --- [kivvi-click] [           main] org.flywaydb.core.FlywayExecutor         : Database: jdbc:postgresql://localhost:34522/test?loggerLevel=OFF (PostgreSQL 18.6)
2026-09-09T06:43:20.850Z  INFO 4122026 --- [kivvi-click] [           main] o.f.c.i.s.JdbcTableSchemaHistory         : Schema history table "public"."flyway_schema_history" does not exist yet
2026-09-09T06:43:20.850Z  INFO 4122026 --- [kivvi-click] [           main] o.f.core.internal.command.DbValidate     : Successfully validated 1 migration (execution time 00:00.002s)
2026-09-09T06:43:20.856Z  INFO 4122026 --- [kivvi-click] [           main] o.f.c.i.s.JdbcTableSchemaHistory         : Creating Schema History table "public"."flyway_schema_history" ...
2026-09-09T06:43:20.876Z  INFO 4122026 --- [kivvi-click] [           main] o.f.core.internal.command.DbMigrate      : Current version of schema "public": << Empty Schema >>
2026-09-09T06:43:20.878Z  INFO 4122026 --- [kivvi-click] [           main] o.f.core.internal.command.DbMigrate      : Migrating schema "public" to version "1 - baseline"
2026-09-09T06:43:20.894Z  INFO 4122026 --- [kivvi-click] [           main] o.f.core.internal.command.DbMigrate      : Successfully applied 1 migration to schema "public", now at version v1 (execution time 00:00.013s)
2026-09-09T06:43:20.921Z  INFO 4122026 --- [kivvi-click] [           main] o.s.b.w.a.WelcomePageHandlerMapping      : Adding welcome page: class path resource [static/index.html]
2026-09-09T06:43:20.972Z  INFO 4122026 --- [kivvi-click] [           main] com.zaxxer.hikari.HikariDataSource       : HikariPool-5 - Starting...
2026-09-09T06:43:20.978Z  INFO 4122026 --- [kivvi-click] [           main] com.zaxxer.hikari.pool.HikariPool        : HikariPool-5 - Added connection org.postgresql.jdbc.PgConnection@579c15a7
2026-09-09T06:43:20.979Z  INFO 4122026 --- [kivvi-click] [           main] com.zaxxer.hikari.HikariDataSource       : HikariPool-5 - Start completed.
2026-09-09T06:43:20.982Z  INFO 4122026 --- [kivvi-click] [           main] o.s.b.a.e.web.EndpointLinksResolver      : Exposing 1 endpoint beneath base path '/actuator'
2026-09-09T06:43:20.989Z  INFO 4122026 --- [kivvi-click] [           main] o.s.boot.tomcat.TomcatWebServer          : Tomcat started on port 38027 (http) with context path '/'
2026-09-09T06:43:20.994Z  INFO 4122026 --- [kivvi-click] [           main] click.kivvi.SettingsApiIT                : Started SettingsApiIT in 0.402 seconds (process running for 14.87)
2026-09-09T06:43:20.996Z  INFO 4122026 --- [kivvi-click] [eat-scheduler-1] c.k.i.scheduling.HeartbeatJob            : Scheduler heartbeat tick.
2026-09-09T06:43:20.998Z  INFO 4122026 --- [kivvi-click] [eat-scheduler-1] c.k.i.tracking.EventDedupCleanupJob      : Event dedup cleanup removed 0 expired row(s).
2026-09-09T06:43:20.999Z  INFO 4122026 --- [kivvi-click] [o-auto-4-exec-1] o.a.c.c.C.[Tomcat-3].[localhost].[/]     : Initializing Spring DispatcherServlet 'dispatcherServlet'
2026-09-09T06:43:20.999Z  INFO 4122026 --- [kivvi-click] [o-auto-4-exec-1] o.s.web.servlet.DispatcherServlet        : Initializing Servlet 'dispatcherServlet'
2026-09-09T06:43:21.000Z  INFO 4122026 --- [kivvi-click] [o-auto-4-exec-1] o.s.web.servlet.DispatcherServlet        : Completed initialization in 1 ms
2026-09-09T06:43:21.340Z  INFO 4122026 --- [kivvi-click] [           main] tc.postgres:18-alpine                    : Creating container for image: postgres:18-alpine
2026-09-09T06:43:21.355Z  INFO 4122026 --- [kivvi-click] [           main] tc.postgres:18-alpine                    : Container postgres:18-alpine is starting: 43e158e68981ebe2c511588b011263e3ebd383a89bf2ae87b11a1865dc3bb1f7
2026-09-09T06:43:22.675Z  INFO 4122026 --- [kivvi-click] [           main] tc.postgres:18-alpine                    : Container postgres:18-alpine started in PT1.334562398S
2026-09-09T06:43:22.675Z  INFO 4122026 --- [kivvi-click] [           main] tc.postgres:18-alpine                    : Container is started (JDBC URL: jdbc:postgresql://localhost:34523/test?loggerLevel=OFF)
2026-09-09T06:43:22.676Z  INFO 4122026 --- [kivvi-click] [           main] t.c.s.AnnotationConfigContextLoaderUtils : Could not detect default configuration classes for test class [click.kivvi.CollectApiIT]: CollectApiIT does not declare any static, non-private, non-final, nested classes annotated with @Configuration.
2026-09-09T06:43:22.679Z  INFO 4122026 --- [kivvi-click] [           main] .b.t.c.SpringBootTestContextBootstrapper : Found @SpringBootConfiguration click.kivvi.KivviApplication for test class click.kivvi.CollectApiIT
2026-09-09T06:43:22.680Z  INFO 4122026 --- [kivvi-click] [           main] t.c.s.AnnotationConfigContextLoaderUtils : Could not detect default configuration classes for test class [click.kivvi.CollectApiIT]: CollectApiIT does not declare any static, non-private, non-final, nested classes annotated with @Configuration.
2026-09-09T06:43:22.682Z  INFO 4122026 --- [kivvi-click] [           main] .b.t.c.SpringBootTestContextBootstrapper : Found @SpringBootConfiguration click.kivvi.KivviApplication for test class click.kivvi.CollectApiIT

  .   ____          _            __ _ _
 /\\ / ___'_ __ _ _(_)_ __  __ _ \ \ \ \
( ( )\___ | '_ | '_| | '_ \/ _` | \ \ \ \
 \\/  ___)| |_)| | | | | || (_| |  ) ) ) )
  '  |____| .__|_| |_|_| |_\__, | / / / /
 =========|_|==============|___/=/_/_/_/

 :: Spring Boot ::                (v4.1.1)

2026-09-09T06:43:22.697Z  INFO 4122026 --- [kivvi-click] [           main] click.kivvi.CollectApiIT                 : Starting CollectApiIT using Java 25.0.4.1 with PID 4122026 (started by muszkin in /home/muszkin/work/kivvi-click-wt/integration/backend)
2026-09-09T06:43:22.697Z  INFO 4122026 --- [kivvi-click] [           main] click.kivvi.CollectApiIT                 : No active profile set, falling back to 1 default profile: "default"
2026-09-09T06:43:22.850Z  INFO 4122026 --- [kivvi-click] [           main] o.s.boot.tomcat.TomcatWebServer          : Tomcat initialized with port 0 (http)
2026-09-09T06:43:22.850Z  INFO 4122026 --- [kivvi-click] [           main] o.apache.catalina.core.StandardService   : Starting service [Tomcat]
2026-09-09T06:43:22.851Z  INFO 4122026 --- [kivvi-click] [           main] o.apache.catalina.core.StandardEngine    : Starting Servlet engine: [Apache Tomcat/11.0.24]
2026-09-09T06:43:22.857Z  INFO 4122026 --- [kivvi-click] [           main] b.w.c.s.WebApplicationContextInitializer : Root WebApplicationContext: initialization completed in 159 ms
2026-09-09T06:43:22.926Z  INFO 4122026 --- [kivvi-click] [           main] org.flywaydb.core.FlywayExecutor         : Database: jdbc:postgresql://localhost:34523/test?loggerLevel=OFF (PostgreSQL 18.6)
2026-09-09T06:43:22.936Z  INFO 4122026 --- [kivvi-click] [           main] o.f.c.i.s.JdbcTableSchemaHistory         : Schema history table "public"."flyway_schema_history" does not exist yet
2026-09-09T06:43:22.936Z  INFO 4122026 --- [kivvi-click] [           main] o.f.core.internal.command.DbValidate     : Successfully validated 1 migration (execution time 00:00.002s)
2026-09-09T06:43:22.942Z  INFO 4122026 --- [kivvi-click] [           main] o.f.c.i.s.JdbcTableSchemaHistory         : Creating Schema History table "public"."flyway_schema_history" ...
2026-09-09T06:43:22.960Z  INFO 4122026 --- [kivvi-click] [           main] o.f.core.internal.command.DbMigrate      : Current version of schema "public": << Empty Schema >>
2026-09-09T06:43:22.962Z  INFO 4122026 --- [kivvi-click] [           main] o.f.core.internal.command.DbMigrate      : Migrating schema "public" to version "1 - baseline"
2026-09-09T06:43:22.978Z  INFO 4122026 --- [kivvi-click] [           main] o.f.core.internal.command.DbMigrate      : Successfully applied 1 migration to schema "public", now at version v1 (execution time 00:00.013s)
2026-09-09T06:43:23.004Z  INFO 4122026 --- [kivvi-click] [           main] o.s.b.w.a.WelcomePageHandlerMapping      : Adding welcome page: class path resource [static/index.html]
2026-09-09T06:43:23.052Z  INFO 4122026 --- [kivvi-click] [           main] com.zaxxer.hikari.HikariDataSource       : HikariPool-6 - Starting...
2026-09-09T06:43:23.059Z  INFO 4122026 --- [kivvi-click] [           main] com.zaxxer.hikari.pool.HikariPool        : HikariPool-6 - Added connection org.postgresql.jdbc.PgConnection@6d82a9bb
2026-09-09T06:43:23.059Z  INFO 4122026 --- [kivvi-click] [           main] com.zaxxer.hikari.HikariDataSource       : HikariPool-6 - Start completed.
2026-09-09T06:43:23.064Z  INFO 4122026 --- [kivvi-click] [           main] o.s.b.a.e.web.EndpointLinksResolver      : Exposing 1 endpoint beneath base path '/actuator'
2026-09-09T06:43:23.072Z  INFO 4122026 --- [kivvi-click] [           main] o.s.boot.tomcat.TomcatWebServer          : Tomcat started on port 37889 (http) with context path '/'
2026-09-09T06:43:23.079Z  INFO 4122026 --- [kivvi-click] [           main] click.kivvi.CollectApiIT                 : Started CollectApiIT in 0.394 seconds (process running for 16.954)
2026-09-09T06:43:23.080Z  INFO 4122026 --- [kivvi-click] [eat-scheduler-1] c.k.i.scheduling.HeartbeatJob            : Scheduler heartbeat tick.
2026-09-09T06:43:23.083Z  INFO 4122026 --- [kivvi-click] [eat-scheduler-1] c.k.i.tracking.EventDedupCleanupJob      : Event dedup cleanup removed 0 expired row(s).
2026-09-09T06:43:23.088Z  INFO 4122026 --- [kivvi-click] [o-auto-5-exec-1] o.a.c.c.C.[Tomcat-4].[localhost].[/]     : Initializing Spring DispatcherServlet 'dispatcherServlet'
2026-09-09T06:43:23.089Z  INFO 4122026 --- [kivvi-click] [o-auto-5-exec-1] o.s.web.servlet.DispatcherServlet        : Initializing Servlet 'dispatcherServlet'
2026-09-09T06:43:23.089Z  INFO 4122026 --- [kivvi-click] [o-auto-5-exec-1] o.s.web.servlet.DispatcherServlet        : Completed initialization in 0 ms
2026-09-09T06:43:23.357Z  INFO 4122026 --- [kivvi-click] [           main] tc.postgres:18-alpine                    : Creating container for image: postgres:18-alpine
2026-09-09T06:43:23.375Z  INFO 4122026 --- [kivvi-click] [           main] tc.postgres:18-alpine                    : Container postgres:18-alpine is starting: f657e5b49ebfde59bdf725f2f782ba918f380530710d8c46fe2b916c03c5ca3b
2026-09-09T06:43:24.718Z  INFO 4122026 --- [kivvi-click] [           main] tc.postgres:18-alpine                    : Container postgres:18-alpine started in PT1.361221618S
2026-09-09T06:43:24.718Z  INFO 4122026 --- [kivvi-click] [           main] tc.postgres:18-alpine                    : Container is started (JDBC URL: jdbc:postgresql://localhost:34524/test?loggerLevel=OFF)
2026-09-09T06:43:24.719Z  INFO 4122026 --- [kivvi-click] [           main] t.c.s.AnnotationConfigContextLoaderUtils : Could not detect default configuration classes for test class [click.kivvi.CustomersApiIT]: CustomersApiIT does not declare any static, non-private, non-final, nested classes annotated with @Configuration.
2026-09-09T06:43:24.722Z  INFO 4122026 --- [kivvi-click] [           main] .b.t.c.SpringBootTestContextBootstrapper : Found @SpringBootConfiguration click.kivvi.KivviApplication for test class click.kivvi.CustomersApiIT
2026-09-09T06:43:24.723Z  INFO 4122026 --- [kivvi-click] [           main] t.c.s.AnnotationConfigContextLoaderUtils : Could not detect default configuration classes for test class [click.kivvi.CustomersApiIT]: CustomersApiIT does not declare any static, non-private, non-final, nested classes annotated with @Configuration.
2026-09-09T06:43:24.725Z  INFO 4122026 --- [kivvi-click] [           main] .b.t.c.SpringBootTestContextBootstrapper : Found @SpringBootConfiguration click.kivvi.KivviApplication for test class click.kivvi.CustomersApiIT

  .   ____          _            __ _ _
 /\\ / ___'_ __ _ _(_)_ __  __ _ \ \ \ \
( ( )\___ | '_ | '_| | '_ \/ _` | \ \ \ \
 \\/  ___)| |_)| | | | | || (_| |  ) ) ) )
  '  |____| .__|_| |_|_| |_\__, | / / / /
 =========|_|==============|___/=/_/_/_/

 :: Spring Boot ::                (v4.1.1)

2026-09-09T06:43:24.737Z  INFO 4122026 --- [kivvi-click] [           main] click.kivvi.CustomersApiIT               : Starting CustomersApiIT using Java 25.0.4.1 with PID 4122026 (started by muszkin in /home/muszkin/work/kivvi-click-wt/integration/backend)
2026-09-09T06:43:24.737Z  INFO 4122026 --- [kivvi-click] [           main] click.kivvi.CustomersApiIT               : No active profile set, falling back to 1 default profile: "default"
2026-09-09T06:43:24.878Z  INFO 4122026 --- [kivvi-click] [           main] o.s.boot.tomcat.TomcatWebServer          : Tomcat initialized with port 0 (http)
2026-09-09T06:43:24.878Z  INFO 4122026 --- [kivvi-click] [           main] o.apache.catalina.core.StandardService   : Starting service [Tomcat]
2026-09-09T06:43:24.879Z  INFO 4122026 --- [kivvi-click] [           main] o.apache.catalina.core.StandardEngine    : Starting Servlet engine: [Apache Tomcat/11.0.24]
2026-09-09T06:43:24.886Z  INFO 4122026 --- [kivvi-click] [           main] b.w.c.s.WebApplicationContextInitializer : Root WebApplicationContext: initialization completed in 148 ms
2026-09-09T06:43:24.960Z  INFO 4122026 --- [kivvi-click] [           main] org.flywaydb.core.FlywayExecutor         : Database: jdbc:postgresql://localhost:34524/test?loggerLevel=OFF (PostgreSQL 18.6)
2026-09-09T06:43:24.970Z  INFO 4122026 --- [kivvi-click] [           main] o.f.c.i.s.JdbcTableSchemaHistory         : Schema history table "public"."flyway_schema_history" does not exist yet
2026-09-09T06:43:24.970Z  INFO 4122026 --- [kivvi-click] [           main] o.f.core.internal.command.DbValidate     : Successfully validated 1 migration (execution time 00:00.002s)
2026-09-09T06:43:24.976Z  INFO 4122026 --- [kivvi-click] [           main] o.f.c.i.s.JdbcTableSchemaHistory         : Creating Schema History table "public"."flyway_schema_history" ...
2026-09-09T06:43:24.995Z  INFO 4122026 --- [kivvi-click] [           main] o.f.core.internal.command.DbMigrate      : Current version of schema "public": << Empty Schema >>
2026-09-09T06:43:24.997Z  INFO 4122026 --- [kivvi-click] [           main] o.f.core.internal.command.DbMigrate      : Migrating schema "public" to version "1 - baseline"
2026-09-09T06:43:25.013Z  INFO 4122026 --- [kivvi-click] [           main] o.f.core.internal.command.DbMigrate      : Successfully applied 1 migration to schema "public", now at version v1 (execution time 00:00.013s)
2026-09-09T06:43:25.039Z  INFO 4122026 --- [kivvi-click] [           main] o.s.b.w.a.WelcomePageHandlerMapping      : Adding welcome page: class path resource [static/index.html]
2026-09-09T06:43:25.083Z  INFO 4122026 --- [kivvi-click] [           main] com.zaxxer.hikari.HikariDataSource       : HikariPool-7 - Starting...
2026-09-09T06:43:25.090Z  INFO 4122026 --- [kivvi-click] [           main] com.zaxxer.hikari.pool.HikariPool        : HikariPool-7 - Added connection org.postgresql.jdbc.PgConnection@517ef60
2026-09-09T06:43:25.090Z  INFO 4122026 --- [kivvi-click] [           main] com.zaxxer.hikari.HikariDataSource       : HikariPool-7 - Start completed.
2026-09-09T06:43:25.095Z  INFO 4122026 --- [kivvi-click] [           main] o.s.b.a.e.web.EndpointLinksResolver      : Exposing 1 endpoint beneath base path '/actuator'
2026-09-09T06:43:25.102Z  INFO 4122026 --- [kivvi-click] [           main] o.s.boot.tomcat.TomcatWebServer          : Tomcat started on port 41143 (http) with context path '/'
2026-09-09T06:43:25.107Z  INFO 4122026 --- [kivvi-click] [           main] click.kivvi.CustomersApiIT               : Started CustomersApiIT in 0.381 seconds (process running for 18.983)
2026-09-09T06:43:25.109Z  INFO 4122026 --- [kivvi-click] [eat-scheduler-1] c.k.i.scheduling.HeartbeatJob            : Scheduler heartbeat tick.
2026-09-09T06:43:25.112Z  INFO 4122026 --- [kivvi-click] [eat-scheduler-1] c.k.i.tracking.EventDedupCleanupJob      : Event dedup cleanup removed 0 expired row(s).
2026-09-09T06:43:25.112Z  INFO 4122026 --- [kivvi-click] [o-auto-6-exec-1] o.a.c.c.C.[Tomcat-5].[localhost].[/]     : Initializing Spring DispatcherServlet 'dispatcherServlet'
2026-09-09T06:43:25.112Z  INFO 4122026 --- [kivvi-click] [o-auto-6-exec-1] o.s.web.servlet.DispatcherServlet        : Initializing Servlet 'dispatcherServlet'
2026-09-09T06:43:25.113Z  INFO 4122026 --- [kivvi-click] [o-auto-6-exec-1] o.s.web.servlet.DispatcherServlet        : Completed initialization in 1 ms
2026-09-09T06:43:25.358Z  INFO 4122026 --- [kivvi-click] [           main] tc.postgres:18-alpine                    : Creating container for image: postgres:18-alpine
2026-09-09T06:43:25.372Z  INFO 4122026 --- [kivvi-click] [           main] tc.postgres:18-alpine                    : Container postgres:18-alpine is starting: 7e3eb9f7ef2eee639c036c89679ef129c2f0fcc4129adb80ebb5b256139d8f9f
2026-09-09T06:43:26.690Z  INFO 4122026 --- [kivvi-click] [           main] tc.postgres:18-alpine                    : Container postgres:18-alpine started in PT1.33261133S
2026-09-09T06:43:26.691Z  INFO 4122026 --- [kivvi-click] [           main] tc.postgres:18-alpine                    : Container is started (JDBC URL: jdbc:postgresql://localhost:34525/test?loggerLevel=OFF)
2026-09-09T06:43:26.691Z  INFO 4122026 --- [kivvi-click] [           main] t.c.s.AnnotationConfigContextLoaderUtils : Could not detect default configuration classes for test class [click.kivvi.ImportApiIT]: ImportApiIT does not declare any static, non-private, non-final, nested classes annotated with @Configuration.
2026-09-09T06:43:26.694Z  INFO 4122026 --- [kivvi-click] [           main] .b.t.c.SpringBootTestContextBootstrapper : Found @SpringBootConfiguration click.kivvi.KivviApplication for test class click.kivvi.ImportApiIT
2026-09-09T06:43:26.704Z  INFO 4122026 --- [kivvi-click] [           main] t.c.s.AnnotationConfigContextLoaderUtils : Could not detect default configuration classes for test class [click.kivvi.ImportApiIT]: ImportApiIT does not declare any static, non-private, non-final, nested classes annotated with @Configuration.
2026-09-09T06:43:26.706Z  INFO 4122026 --- [kivvi-click] [           main] .b.t.c.SpringBootTestContextBootstrapper : Found @SpringBootConfiguration click.kivvi.KivviApplication for test class click.kivvi.ImportApiIT

  .   ____          _            __ _ _
 /\\ / ___'_ __ _ _(_)_ __  __ _ \ \ \ \
( ( )\___ | '_ | '_| | '_ \/ _` | \ \ \ \
 \\/  ___)| |_)| | | | | || (_| |  ) ) ) )
  '  |____| .__|_| |_|_| |_\__, | / / / /
 =========|_|==============|___/=/_/_/_/

 :: Spring Boot ::                (v4.1.1)

2026-09-09T06:43:26.716Z  INFO 4122026 --- [kivvi-click] [           main] click.kivvi.ImportApiIT                  : Starting ImportApiIT using Java 25.0.4.1 with PID 4122026 (started by muszkin in /home/muszkin/work/kivvi-click-wt/integration/backend)
2026-09-09T06:43:26.717Z  INFO 4122026 --- [kivvi-click] [           main] click.kivvi.ImportApiIT                  : No active profile set, falling back to 1 default profile: "default"
2026-09-09T06:43:26.853Z  INFO 4122026 --- [kivvi-click] [           main] o.s.boot.tomcat.TomcatWebServer          : Tomcat initialized with port 0 (http)
2026-09-09T06:43:26.854Z  INFO 4122026 --- [kivvi-click] [           main] o.apache.catalina.core.StandardService   : Starting service [Tomcat]
2026-09-09T06:43:26.854Z  INFO 4122026 --- [kivvi-click] [           main] o.apache.catalina.core.StandardEngine    : Starting Servlet engine: [Apache Tomcat/11.0.24]
2026-09-09T06:43:26.860Z  INFO 4122026 --- [kivvi-click] [           main] b.w.c.s.WebApplicationContextInitializer : Root WebApplicationContext: initialization completed in 143 ms
2026-09-09T06:43:26.930Z  INFO 4122026 --- [kivvi-click] [           main] org.flywaydb.core.FlywayExecutor         : Database: jdbc:postgresql://localhost:34525/test?loggerLevel=OFF (PostgreSQL 18.6)
2026-09-09T06:43:26.942Z  INFO 4122026 --- [kivvi-click] [           main] o.f.c.i.s.JdbcTableSchemaHistory         : Schema history table "public"."flyway_schema_history" does not exist yet
2026-09-09T06:43:26.942Z  INFO 4122026 --- [kivvi-click] [           main] o.f.core.internal.command.DbValidate     : Successfully validated 1 migration (execution time 00:00.002s)
2026-09-09T06:43:26.949Z  INFO 4122026 --- [kivvi-click] [           main] o.f.c.i.s.JdbcTableSchemaHistory         : Creating Schema History table "public"."flyway_schema_history" ...
2026-09-09T06:43:26.969Z  INFO 4122026 --- [kivvi-click] [           main] o.f.core.internal.command.DbMigrate      : Current version of schema "public": << Empty Schema >>
2026-09-09T06:43:26.972Z  INFO 4122026 --- [kivvi-click] [           main] o.f.core.internal.command.DbMigrate      : Migrating schema "public" to version "1 - baseline"
2026-09-09T06:43:26.989Z  INFO 4122026 --- [kivvi-click] [           main] o.f.core.internal.command.DbMigrate      : Successfully applied 1 migration to schema "public", now at version v1 (execution time 00:00.014s)
2026-09-09T06:43:27.011Z  INFO 4122026 --- [kivvi-click] [           main] o.s.b.w.a.WelcomePageHandlerMapping      : Adding welcome page: class path resource [static/index.html]
2026-09-09T06:43:27.061Z  INFO 4122026 --- [kivvi-click] [           main] com.zaxxer.hikari.HikariDataSource       : HikariPool-8 - Starting...
2026-09-09T06:43:27.067Z  INFO 4122026 --- [kivvi-click] [           main] com.zaxxer.hikari.pool.HikariPool        : HikariPool-8 - Added connection org.postgresql.jdbc.PgConnection@7beb2da0
2026-09-09T06:43:27.068Z  INFO 4122026 --- [kivvi-click] [           main] com.zaxxer.hikari.HikariDataSource       : HikariPool-8 - Start completed.
2026-09-09T06:43:27.071Z  INFO 4122026 --- [kivvi-click] [           main] o.s.b.a.e.web.EndpointLinksResolver      : Exposing 1 endpoint beneath base path '/actuator'
2026-09-09T06:43:27.080Z  INFO 4122026 --- [kivvi-click] [           main] o.s.boot.tomcat.TomcatWebServer          : Tomcat started on port 42215 (http) with context path '/'
2026-09-09T06:43:27.086Z  INFO 4122026 --- [kivvi-click] [           main] click.kivvi.ImportApiIT                  : Started ImportApiIT in 0.378 seconds (process running for 20.962)
2026-09-09T06:43:27.088Z  INFO 4122026 --- [kivvi-click] [eat-scheduler-1] c.k.i.scheduling.HeartbeatJob            : Scheduler heartbeat tick.
2026-09-09T06:43:27.090Z  INFO 4122026 --- [kivvi-click] [eat-scheduler-1] c.k.i.tracking.EventDedupCleanupJob      : Event dedup cleanup removed 0 expired row(s).
2026-09-09T06:43:27.091Z  INFO 4122026 --- [kivvi-click] [o-auto-7-exec-1] o.a.c.c.C.[Tomcat-6].[localhost].[/]     : Initializing Spring DispatcherServlet 'dispatcherServlet'
2026-09-09T06:43:27.091Z  INFO 4122026 --- [kivvi-click] [o-auto-7-exec-1] o.s.web.servlet.DispatcherServlet        : Initializing Servlet 'dispatcherServlet'
2026-09-09T06:43:27.092Z  INFO 4122026 --- [kivvi-click] [o-auto-7-exec-1] o.s.web.servlet.DispatcherServlet        : Completed initialization in 1 ms
2026-09-09T06:43:27.379Z  INFO 4122026 --- [kivvi-click] [           main] tc.postgres:18-alpine                    : Creating container for image: postgres:18-alpine
2026-09-09T06:43:27.394Z  INFO 4122026 --- [kivvi-click] [           main] tc.postgres:18-alpine                    : Container postgres:18-alpine is starting: 362e7edc114352e29ea65f2af63bb456bbf830028b59611217da4d4c6b59520f
2026-09-09T06:43:28.714Z  INFO 4122026 --- [kivvi-click] [           main] tc.postgres:18-alpine                    : Container postgres:18-alpine started in PT1.334894811S
2026-09-09T06:43:28.714Z  INFO 4122026 --- [kivvi-click] [           main] tc.postgres:18-alpine                    : Container is started (JDBC URL: jdbc:postgresql://localhost:34526/test?loggerLevel=OFF)
2026-09-09T06:43:28.715Z  INFO 4122026 --- [kivvi-click] [           main] t.c.s.AnnotationConfigContextLoaderUtils : Could not detect default configuration classes for test class [click.kivvi.WidgetApiIT]: WidgetApiIT does not declare any static, non-private, non-final, nested classes annotated with @Configuration.
2026-09-09T06:43:28.718Z  INFO 4122026 --- [kivvi-click] [           main] .b.t.c.SpringBootTestContextBootstrapper : Found @SpringBootConfiguration click.kivvi.KivviApplication for test class click.kivvi.WidgetApiIT
2026-09-09T06:43:28.718Z  INFO 4122026 --- [kivvi-click] [           main] t.c.s.AnnotationConfigContextLoaderUtils : Could not detect default configuration classes for test class [click.kivvi.WidgetApiIT]: WidgetApiIT does not declare any static, non-private, non-final, nested classes annotated with @Configuration.
2026-09-09T06:43:28.720Z  INFO 4122026 --- [kivvi-click] [           main] .b.t.c.SpringBootTestContextBootstrapper : Found @SpringBootConfiguration click.kivvi.KivviApplication for test class click.kivvi.WidgetApiIT

  .   ____          _            __ _ _
 /\\ / ___'_ __ _ _(_)_ __  __ _ \ \ \ \
( ( )\___ | '_ | '_| | '_ \/ _` | \ \ \ \
 \\/  ___)| |_)| | | | | || (_| |  ) ) ) )
  '  |____| .__|_| |_|_| |_\__, | / / / /
 =========|_|==============|___/=/_/_/_/

 :: Spring Boot ::                (v4.1.1)

2026-09-09T06:43:28.730Z  INFO 4122026 --- [kivvi-click] [           main] click.kivvi.WidgetApiIT                  : Starting WidgetApiIT using Java 25.0.4.1 with PID 4122026 (started by muszkin in /home/muszkin/work/kivvi-click-wt/integration/backend)
2026-09-09T06:43:28.730Z  INFO 4122026 --- [kivvi-click] [           main] click.kivvi.WidgetApiIT                  : No active profile set, falling back to 1 default profile: "default"
2026-09-09T06:43:28.848Z  INFO 4122026 --- [kivvi-click] [           main] o.s.boot.tomcat.TomcatWebServer          : Tomcat initialized with port 0 (http)
2026-09-09T06:43:28.848Z  INFO 4122026 --- [kivvi-click] [           main] o.apache.catalina.core.StandardService   : Starting service [Tomcat]
2026-09-09T06:43:28.848Z  INFO 4122026 --- [kivvi-click] [           main] o.apache.catalina.core.StandardEngine    : Starting Servlet engine: [Apache Tomcat/11.0.24]
2026-09-09T06:43:28.853Z  INFO 4122026 --- [kivvi-click] [           main] b.w.c.s.WebApplicationContextInitializer : Root WebApplicationContext: initialization completed in 123 ms
2026-09-09T06:43:28.918Z  INFO 4122026 --- [kivvi-click] [           main] org.flywaydb.core.FlywayExecutor         : Database: jdbc:postgresql://localhost:34526/test?loggerLevel=OFF (PostgreSQL 18.6)
2026-09-09T06:43:28.929Z  INFO 4122026 --- [kivvi-click] [           main] o.f.c.i.s.JdbcTableSchemaHistory         : Schema history table "public"."flyway_schema_history" does not exist yet
2026-09-09T06:43:28.929Z  INFO 4122026 --- [kivvi-click] [           main] o.f.core.internal.command.DbValidate     : Successfully validated 1 migration (execution time 00:00.002s)
2026-09-09T06:43:28.935Z  INFO 4122026 --- [kivvi-click] [           main] o.f.c.i.s.JdbcTableSchemaHistory         : Creating Schema History table "public"."flyway_schema_history" ...
2026-09-09T06:43:28.955Z  INFO 4122026 --- [kivvi-click] [           main] o.f.core.internal.command.DbMigrate      : Current version of schema "public": << Empty Schema >>
2026-09-09T06:43:28.957Z  INFO 4122026 --- [kivvi-click] [           main] o.f.core.internal.command.DbMigrate      : Migrating schema "public" to version "1 - baseline"
2026-09-09T06:43:28.975Z  INFO 4122026 --- [kivvi-click] [           main] o.f.core.internal.command.DbMigrate      : Successfully applied 1 migration to schema "public", now at version v1 (execution time 00:00.014s)
2026-09-09T06:43:28.994Z  INFO 4122026 --- [kivvi-click] [           main] o.s.b.w.a.WelcomePageHandlerMapping      : Adding welcome page: class path resource [static/index.html]
2026-09-09T06:43:29.035Z  INFO 4122026 --- [kivvi-click] [           main] com.zaxxer.hikari.HikariDataSource       : HikariPool-9 - Starting...
2026-09-09T06:43:29.042Z  INFO 4122026 --- [kivvi-click] [           main] com.zaxxer.hikari.pool.HikariPool        : HikariPool-9 - Added connection org.postgresql.jdbc.PgConnection@4a8cddf5
2026-09-09T06:43:29.042Z  INFO 4122026 --- [kivvi-click] [           main] com.zaxxer.hikari.HikariDataSource       : HikariPool-9 - Start completed.
2026-09-09T06:43:29.045Z  INFO 4122026 --- [kivvi-click] [           main] o.s.b.a.e.web.EndpointLinksResolver      : Exposing 1 endpoint beneath base path '/actuator'
2026-09-09T06:43:29.051Z  INFO 4122026 --- [kivvi-click] [           main] o.s.boot.tomcat.TomcatWebServer          : Tomcat started on port 39997 (http) with context path '/'
2026-09-09T06:43:29.056Z  INFO 4122026 --- [kivvi-click] [           main] click.kivvi.WidgetApiIT                  : Started WidgetApiIT in 0.335 seconds (process running for 22.932)
2026-09-09T06:43:29.058Z  INFO 4122026 --- [kivvi-click] [eat-scheduler-1] c.k.i.scheduling.HeartbeatJob            : Scheduler heartbeat tick.
2026-09-09T06:43:29.060Z  INFO 4122026 --- [kivvi-click] [eat-scheduler-1] c.k.i.tracking.EventDedupCleanupJob      : Event dedup cleanup removed 0 expired row(s).
2026-09-09T06:43:29.061Z  INFO 4122026 --- [kivvi-click] [o-auto-8-exec-1] o.a.c.c.C.[Tomcat-7].[localhost].[/]     : Initializing Spring DispatcherServlet 'dispatcherServlet'
2026-09-09T06:43:29.061Z  INFO 4122026 --- [kivvi-click] [o-auto-8-exec-1] o.s.web.servlet.DispatcherServlet        : Initializing Servlet 'dispatcherServlet'
2026-09-09T06:43:29.062Z  INFO 4122026 --- [kivvi-click] [o-auto-8-exec-1] o.s.web.servlet.DispatcherServlet        : Completed initialization in 1 ms
2026-09-09T06:43:29.319Z  INFO 4122026 --- [kivvi-click] [           main] tc.postgres:18-alpine                    : Creating container for image: postgres:18-alpine
2026-09-09T06:43:29.336Z  INFO 4122026 --- [kivvi-click] [           main] tc.postgres:18-alpine                    : Container postgres:18-alpine is starting: a86c91f1cc517505693ca8bc5d4df7387faf7611a8474a326774eec7c35e39f6
2026-09-09T06:43:30.731Z  INFO 4122026 --- [kivvi-click] [           main] tc.postgres:18-alpine                    : Container postgres:18-alpine started in PT1.41262045S
2026-09-09T06:43:30.731Z  INFO 4122026 --- [kivvi-click] [           main] tc.postgres:18-alpine                    : Container is started (JDBC URL: jdbc:postgresql://localhost:34527/test?loggerLevel=OFF)
2026-09-09T06:43:30.732Z  INFO 4122026 --- [kivvi-click] [           main] t.c.s.AnnotationConfigContextLoaderUtils : Could not detect default configuration classes for test class [click.kivvi.FeedsApiIT]: FeedsApiIT does not declare any static, non-private, non-final, nested classes annotated with @Configuration.
2026-09-09T06:43:30.735Z  INFO 4122026 --- [kivvi-click] [           main] .b.t.c.SpringBootTestContextBootstrapper : Found @SpringBootConfiguration click.kivvi.KivviApplication for test class click.kivvi.FeedsApiIT
2026-09-09T06:43:30.735Z  INFO 4122026 --- [kivvi-click] [           main] t.c.s.AnnotationConfigContextLoaderUtils : Could not detect default configuration classes for test class [click.kivvi.FeedsApiIT]: FeedsApiIT does not declare any static, non-private, non-final, nested classes annotated with @Configuration.
2026-09-09T06:43:30.737Z  INFO 4122026 --- [kivvi-click] [           main] .b.t.c.SpringBootTestContextBootstrapper : Found @SpringBootConfiguration click.kivvi.KivviApplication for test class click.kivvi.FeedsApiIT

  .   ____          _            __ _ _
 /\\ / ___'_ __ _ _(_)_ __  __ _ \ \ \ \
( ( )\___ | '_ | '_| | '_ \/ _` | \ \ \ \
 \\/  ___)| |_)| | | | | || (_| |  ) ) ) )
  '  |____| .__|_| |_|_| |_\__, | / / / /
 =========|_|==============|___/=/_/_/_/

 :: Spring Boot ::                (v4.1.1)

2026-09-09T06:43:30.747Z  INFO 4122026 --- [kivvi-click] [           main] click.kivvi.FeedsApiIT                   : Starting FeedsApiIT using Java 25.0.4.1 with PID 4122026 (started by muszkin in /home/muszkin/work/kivvi-click-wt/integration/backend)
2026-09-09T06:43:30.747Z  INFO 4122026 --- [kivvi-click] [           main] click.kivvi.FeedsApiIT                   : No active profile set, falling back to 1 default profile: "default"
2026-09-09T06:43:30.856Z  INFO 4122026 --- [kivvi-click] [           main] o.s.boot.tomcat.TomcatWebServer          : Tomcat initialized with port 0 (http)
2026-09-09T06:43:30.857Z  INFO 4122026 --- [kivvi-click] [           main] o.apache.catalina.core.StandardService   : Starting service [Tomcat]
2026-09-09T06:43:30.857Z  INFO 4122026 --- [kivvi-click] [           main] o.apache.catalina.core.StandardEngine    : Starting Servlet engine: [Apache Tomcat/11.0.24]
2026-09-09T06:43:30.862Z  INFO 4122026 --- [kivvi-click] [           main] b.w.c.s.WebApplicationContextInitializer : Root WebApplicationContext: initialization completed in 114 ms
2026-09-09T06:43:30.919Z  INFO 4122026 --- [kivvi-click] [           main] org.flywaydb.core.FlywayExecutor         : Database: jdbc:postgresql://localhost:34527/test?loggerLevel=OFF (PostgreSQL 18.6)
2026-09-09T06:43:30.929Z  INFO 4122026 --- [kivvi-click] [           main] o.f.c.i.s.JdbcTableSchemaHistory         : Schema history table "public"."flyway_schema_history" does not exist yet
2026-09-09T06:43:30.929Z  INFO 4122026 --- [kivvi-click] [           main] o.f.core.internal.command.DbValidate     : Successfully validated 1 migration (execution time 00:00.001s)
2026-09-09T06:43:30.935Z  INFO 4122026 --- [kivvi-click] [           main] o.f.c.i.s.JdbcTableSchemaHistory         : Creating Schema History table "public"."flyway_schema_history" ...
2026-09-09T06:43:30.954Z  INFO 4122026 --- [kivvi-click] [           main] o.f.core.internal.command.DbMigrate      : Current version of schema "public": << Empty Schema >>
2026-09-09T06:43:30.956Z  INFO 4122026 --- [kivvi-click] [           main] o.f.core.internal.command.DbMigrate      : Migrating schema "public" to version "1 - baseline"
2026-09-09T06:43:30.972Z  INFO 4122026 --- [kivvi-click] [           main] o.f.core.internal.command.DbMigrate      : Successfully applied 1 migration to schema "public", now at version v1 (execution time 00:00.013s)
2026-09-09T06:43:30.992Z  INFO 4122026 --- [kivvi-click] [           main] o.s.b.w.a.WelcomePageHandlerMapping      : Adding welcome page: class path resource [static/index.html]
2026-09-09T06:43:31.029Z  INFO 4122026 --- [kivvi-click] [           main] com.zaxxer.hikari.HikariDataSource       : HikariPool-10 - Starting...
2026-09-09T06:43:31.035Z  INFO 4122026 --- [kivvi-click] [           main] com.zaxxer.hikari.pool.HikariPool        : HikariPool-10 - Added connection org.postgresql.jdbc.PgConnection@1e2aa6d0
2026-09-09T06:43:31.036Z  INFO 4122026 --- [kivvi-click] [           main] com.zaxxer.hikari.HikariDataSource       : HikariPool-10 - Start completed.
2026-09-09T06:43:31.039Z  INFO 4122026 --- [kivvi-click] [           main] o.s.b.a.e.web.EndpointLinksResolver      : Exposing 1 endpoint beneath base path '/actuator'
2026-09-09T06:43:31.045Z  INFO 4122026 --- [kivvi-click] [           main] o.s.boot.tomcat.TomcatWebServer          : Tomcat started on port 40057 (http) with context path '/'
2026-09-09T06:43:31.050Z  INFO 4122026 --- [kivvi-click] [           main] click.kivvi.FeedsApiIT                   : Started FeedsApiIT in 0.311 seconds (process running for 24.925)
2026-09-09T06:43:31.051Z  INFO 4122026 --- [kivvi-click] [eat-scheduler-1] c.k.i.scheduling.HeartbeatJob            : Scheduler heartbeat tick.
2026-09-09T06:43:31.054Z  INFO 4122026 --- [kivvi-click] [o-auto-9-exec-1] o.a.c.c.C.[Tomcat-8].[localhost].[/]     : Initializing Spring DispatcherServlet 'dispatcherServlet'
2026-09-09T06:43:31.054Z  INFO 4122026 --- [kivvi-click] [o-auto-9-exec-1] o.s.web.servlet.DispatcherServlet        : Initializing Servlet 'dispatcherServlet'
2026-09-09T06:43:31.054Z  INFO 4122026 --- [kivvi-click] [eat-scheduler-1] c.k.i.tracking.EventDedupCleanupJob      : Event dedup cleanup removed 0 expired row(s).
2026-09-09T06:43:31.055Z  INFO 4122026 --- [kivvi-click] [o-auto-9-exec-1] o.s.web.servlet.DispatcherServlet        : Completed initialization in 1 ms
2026-09-09T06:43:31.250Z  INFO 4122026 --- [kivvi-click] [           main] tc.postgres:18-alpine                    : Creating container for image: postgres:18-alpine
2026-09-09T06:43:31.264Z  INFO 4122026 --- [kivvi-click] [           main] tc.postgres:18-alpine                    : Container postgres:18-alpine is starting: a8838a3d4bef1a02cb9365fa7c634eb724d78d9759f011604ad175666f57f55b
2026-09-09T06:43:32.606Z  INFO 4122026 --- [kivvi-click] [           main] tc.postgres:18-alpine                    : Container postgres:18-alpine started in PT1.35606413S
2026-09-09T06:43:32.606Z  INFO 4122026 --- [kivvi-click] [           main] tc.postgres:18-alpine                    : Container is started (JDBC URL: jdbc:postgresql://localhost:34528/test?loggerLevel=OFF)
2026-09-09T06:43:32.607Z  INFO 4122026 --- [kivvi-click] [           main] t.c.s.AnnotationConfigContextLoaderUtils : Could not detect default configuration classes for test class [click.kivvi.SessionRoundTripIT]: SessionRoundTripIT does not declare any static, non-private, non-final, nested classes annotated with @Configuration.
2026-09-09T06:43:32.609Z  INFO 4122026 --- [kivvi-click] [           main] .b.t.c.SpringBootTestContextBootstrapper : Found @SpringBootConfiguration click.kivvi.KivviApplication for test class click.kivvi.SessionRoundTripIT
2026-09-09T06:43:32.610Z  INFO 4122026 --- [kivvi-click] [           main] t.c.s.AnnotationConfigContextLoaderUtils : Could not detect default configuration classes for test class [click.kivvi.SessionRoundTripIT]: SessionRoundTripIT does not declare any static, non-private, non-final, nested classes annotated with @Configuration.
2026-09-09T06:43:32.611Z  INFO 4122026 --- [kivvi-click] [           main] .b.t.c.SpringBootTestContextBootstrapper : Found @SpringBootConfiguration click.kivvi.KivviApplication for test class click.kivvi.SessionRoundTripIT

  .   ____          _            __ _ _
 /\\ / ___'_ __ _ _(_)_ __  __ _ \ \ \ \
( ( )\___ | '_ | '_| | '_ \/ _` | \ \ \ \
 \\/  ___)| |_)| | | | | || (_| |  ) ) ) )
  '  |____| .__|_| |_|_| |_\__, | / / / /
 =========|_|==============|___/=/_/_/_/

 :: Spring Boot ::                (v4.1.1)

2026-09-09T06:43:32.621Z  INFO 4122026 --- [kivvi-click] [           main] click.kivvi.SessionRoundTripIT           : Starting SessionRoundTripIT using Java 25.0.4.1 with PID 4122026 (started by muszkin in /home/muszkin/work/kivvi-click-wt/integration/backend)
2026-09-09T06:43:32.622Z  INFO 4122026 --- [kivvi-click] [           main] click.kivvi.SessionRoundTripIT           : No active profile set, falling back to 1 default profile: "default"
2026-09-09T06:43:32.726Z  INFO 4122026 --- [kivvi-click] [           main] o.s.boot.tomcat.TomcatWebServer          : Tomcat initialized with port 0 (http)
2026-09-09T06:43:32.727Z  INFO 4122026 --- [kivvi-click] [           main] o.apache.catalina.core.StandardService   : Starting service [Tomcat]
2026-09-09T06:43:32.727Z  INFO 4122026 --- [kivvi-click] [           main] o.apache.catalina.core.StandardEngine    : Starting Servlet engine: [Apache Tomcat/11.0.24]
2026-09-09T06:43:32.732Z  INFO 4122026 --- [kivvi-click] [           main] b.w.c.s.WebApplicationContextInitializer : Root WebApplicationContext: initialization completed in 110 ms
2026-09-09T06:43:32.792Z  INFO 4122026 --- [kivvi-click] [           main] org.flywaydb.core.FlywayExecutor         : Database: jdbc:postgresql://localhost:34528/test?loggerLevel=OFF (PostgreSQL 18.6)
2026-09-09T06:43:32.801Z  INFO 4122026 --- [kivvi-click] [           main] o.f.c.i.s.JdbcTableSchemaHistory         : Schema history table "public"."flyway_schema_history" does not exist yet
2026-09-09T06:43:32.801Z  INFO 4122026 --- [kivvi-click] [           main] o.f.core.internal.command.DbValidate     : Successfully validated 1 migration (execution time 00:00.001s)
2026-09-09T06:43:32.807Z  INFO 4122026 --- [kivvi-click] [           main] o.f.c.i.s.JdbcTableSchemaHistory         : Creating Schema History table "public"."flyway_schema_history" ...
2026-09-09T06:43:32.825Z  INFO 4122026 --- [kivvi-click] [           main] o.f.core.internal.command.DbMigrate      : Current version of schema "public": << Empty Schema >>
2026-09-09T06:43:32.826Z  INFO 4122026 --- [kivvi-click] [           main] o.f.core.internal.command.DbMigrate      : Migrating schema "public" to version "1 - baseline"
2026-09-09T06:43:32.842Z  INFO 4122026 --- [kivvi-click] [           main] o.f.core.internal.command.DbMigrate      : Successfully applied 1 migration to schema "public", now at version v1 (execution time 00:00.013s)
2026-09-09T06:43:32.863Z  INFO 4122026 --- [kivvi-click] [           main] o.s.b.w.a.WelcomePageHandlerMapping      : Adding welcome page: class path resource [static/index.html]
2026-09-09T06:43:32.897Z  INFO 4122026 --- [kivvi-click] [           main] com.zaxxer.hikari.HikariDataSource       : HikariPool-11 - Starting...
2026-09-09T06:43:32.903Z  INFO 4122026 --- [kivvi-click] [           main] com.zaxxer.hikari.pool.HikariPool        : HikariPool-11 - Added connection org.postgresql.jdbc.PgConnection@58e7de77
2026-09-09T06:43:32.903Z  INFO 4122026 --- [kivvi-click] [           main] com.zaxxer.hikari.HikariDataSource       : HikariPool-11 - Start completed.
2026-09-09T06:43:32.907Z  INFO 4122026 --- [kivvi-click] [           main] o.s.b.a.e.web.EndpointLinksResolver      : Exposing 1 endpoint beneath base path '/actuator'
2026-09-09T06:43:32.912Z  INFO 4122026 --- [kivvi-click] [           main] o.s.boot.tomcat.TomcatWebServer          : Tomcat started on port 44081 (http) with context path '/'
2026-09-09T06:43:32.917Z  INFO 4122026 --- [kivvi-click] [           main] click.kivvi.SessionRoundTripIT           : Started SessionRoundTripIT in 0.304 seconds (process running for 26.793)
2026-09-09T06:43:32.919Z  INFO 4122026 --- [kivvi-click] [eat-scheduler-1] c.k.i.scheduling.HeartbeatJob            : Scheduler heartbeat tick.
2026-09-09T06:43:32.921Z  INFO 4122026 --- [kivvi-click] [eat-scheduler-1] c.k.i.tracking.EventDedupCleanupJob      : Event dedup cleanup removed 0 expired row(s).
2026-09-09T06:43:32.923Z  INFO 4122026 --- [kivvi-click] [-auto-10-exec-1] o.a.c.c.C.[Tomcat-9].[localhost].[/]     : Initializing Spring DispatcherServlet 'dispatcherServlet'
2026-09-09T06:43:32.923Z  INFO 4122026 --- [kivvi-click] [-auto-10-exec-1] o.s.web.servlet.DispatcherServlet        : Initializing Servlet 'dispatcherServlet'
2026-09-09T06:43:32.924Z  INFO 4122026 --- [kivvi-click] [-auto-10-exec-1] o.s.web.servlet.DispatcherServlet        : Completed initialization in 1 ms
2026-09-09T06:43:33.177Z  INFO 4122026 --- [kivvi-click] [           main] tc.postgres:18-alpine                    : Creating container for image: postgres:18-alpine
2026-09-09T06:43:33.190Z  INFO 4122026 --- [kivvi-click] [           main] tc.postgres:18-alpine                    : Container postgres:18-alpine is starting: 1537540f2a0f06f6b693462110f256fe0895f9d69b8a4fea2f9d40d9dbf888a4
2026-09-09T06:43:34.517Z  INFO 4122026 --- [kivvi-click] [           main] tc.postgres:18-alpine                    : Container postgres:18-alpine started in PT1.340439827S
2026-09-09T06:43:34.517Z  INFO 4122026 --- [kivvi-click] [           main] tc.postgres:18-alpine                    : Container is started (JDBC URL: jdbc:postgresql://localhost:34529/test?loggerLevel=OFF)
2026-09-09T06:43:34.518Z  INFO 4122026 --- [kivvi-click] [           main] t.c.s.AnnotationConfigContextLoaderUtils : Could not detect default configuration classes for test class [click.kivvi.ShellApiIT]: ShellApiIT does not declare any static, non-private, non-final, nested classes annotated with @Configuration.
2026-09-09T06:43:34.521Z  INFO 4122026 --- [kivvi-click] [           main] .b.t.c.SpringBootTestContextBootstrapper : Found @SpringBootConfiguration click.kivvi.KivviApplication for test class click.kivvi.ShellApiIT
2026-09-09T06:43:34.521Z  INFO 4122026 --- [kivvi-click] [           main] t.c.s.AnnotationConfigContextLoaderUtils : Could not detect default configuration classes for test class [click.kivvi.ShellApiIT]: ShellApiIT does not declare any static, non-private, non-final, nested classes annotated with @Configuration.
2026-09-09T06:43:34.524Z  INFO 4122026 --- [kivvi-click] [           main] .b.t.c.SpringBootTestContextBootstrapper : Found @SpringBootConfiguration click.kivvi.KivviApplication for test class click.kivvi.ShellApiIT

  .   ____          _            __ _ _
 /\\ / ___'_ __ _ _(_)_ __  __ _ \ \ \ \
( ( )\___ | '_ | '_| | '_ \/ _` | \ \ \ \
 \\/  ___)| |_)| | | | | || (_| |  ) ) ) )
  '  |____| .__|_| |_|_| |_\__, | / / / /
 =========|_|==============|___/=/_/_/_/

 :: Spring Boot ::                (v4.1.1)

2026-09-09T06:43:34.533Z  INFO 4122026 --- [kivvi-click] [           main] click.kivvi.ShellApiIT                   : Starting ShellApiIT using Java 25.0.4.1 with PID 4122026 (started by muszkin in /home/muszkin/work/kivvi-click-wt/integration/backend)
2026-09-09T06:43:34.533Z  INFO 4122026 --- [kivvi-click] [           main] click.kivvi.ShellApiIT                   : No active profile set, falling back to 1 default profile: "default"
2026-09-09T06:43:34.634Z  INFO 4122026 --- [kivvi-click] [           main] o.s.boot.tomcat.TomcatWebServer          : Tomcat initialized with port 0 (http)
2026-09-09T06:43:34.634Z  INFO 4122026 --- [kivvi-click] [           main] o.apache.catalina.core.StandardService   : Starting service [Tomcat]
2026-09-09T06:43:34.634Z  INFO 4122026 --- [kivvi-click] [           main] o.apache.catalina.core.StandardEngine    : Starting Servlet engine: [Apache Tomcat/11.0.24]
2026-09-09T06:43:34.639Z  INFO 4122026 --- [kivvi-click] [           main] b.w.c.s.WebApplicationContextInitializer : Root WebApplicationContext: initialization completed in 106 ms
2026-09-09T06:43:34.697Z  INFO 4122026 --- [kivvi-click] [           main] org.flywaydb.core.FlywayExecutor         : Database: jdbc:postgresql://localhost:34529/test?loggerLevel=OFF (PostgreSQL 18.6)
2026-09-09T06:43:34.707Z  INFO 4122026 --- [kivvi-click] [           main] o.f.c.i.s.JdbcTableSchemaHistory         : Schema history table "public"."flyway_schema_history" does not exist yet
2026-09-09T06:43:34.707Z  INFO 4122026 --- [kivvi-click] [           main] o.f.core.internal.command.DbValidate     : Successfully validated 1 migration (execution time 00:00.002s)
2026-09-09T06:43:34.713Z  INFO 4122026 --- [kivvi-click] [           main] o.f.c.i.s.JdbcTableSchemaHistory         : Creating Schema History table "public"."flyway_schema_history" ...
2026-09-09T06:43:34.732Z  INFO 4122026 --- [kivvi-click] [           main] o.f.core.internal.command.DbMigrate      : Current version of schema "public": << Empty Schema >>
2026-09-09T06:43:34.734Z  INFO 4122026 --- [kivvi-click] [           main] o.f.core.internal.command.DbMigrate      : Migrating schema "public" to version "1 - baseline"
2026-09-09T06:43:34.751Z  INFO 4122026 --- [kivvi-click] [           main] o.f.core.internal.command.DbMigrate      : Successfully applied 1 migration to schema "public", now at version v1 (execution time 00:00.014s)
2026-09-09T06:43:34.774Z  INFO 4122026 --- [kivvi-click] [           main] o.s.b.w.a.WelcomePageHandlerMapping      : Adding welcome page: class path resource [static/index.html]
2026-09-09T06:43:34.814Z  INFO 4122026 --- [kivvi-click] [           main] com.zaxxer.hikari.HikariDataSource       : HikariPool-12 - Starting...
2026-09-09T06:43:34.820Z  INFO 4122026 --- [kivvi-click] [           main] com.zaxxer.hikari.pool.HikariPool        : HikariPool-12 - Added connection org.postgresql.jdbc.PgConnection@337ab4a2
2026-09-09T06:43:34.820Z  INFO 4122026 --- [kivvi-click] [           main] com.zaxxer.hikari.HikariDataSource       : HikariPool-12 - Start completed.
2026-09-09T06:43:34.824Z  INFO 4122026 --- [kivvi-click] [           main] o.s.b.a.e.web.EndpointLinksResolver      : Exposing 1 endpoint beneath base path '/actuator'
2026-09-09T06:43:34.831Z  INFO 4122026 --- [kivvi-click] [           main] o.s.boot.tomcat.TomcatWebServer          : Tomcat started on port 35111 (http) with context path '/'
2026-09-09T06:43:34.836Z  INFO 4122026 --- [kivvi-click] [           main] click.kivvi.ShellApiIT                   : Started ShellApiIT in 0.309 seconds (process running for 28.711)
2026-09-09T06:43:34.837Z  INFO 4122026 --- [kivvi-click] [eat-scheduler-1] c.k.i.scheduling.HeartbeatJob            : Scheduler heartbeat tick.
2026-09-09T06:43:34.840Z  INFO 4122026 --- [kivvi-click] [eat-scheduler-1] c.k.i.tracking.EventDedupCleanupJob      : Event dedup cleanup removed 0 expired row(s).
2026-09-09T06:43:34.841Z  INFO 4122026 --- [kivvi-click] [-auto-11-exec-1] o.a.c.c.C.[Tomcat-10].[localhost].[/]    : Initializing Spring DispatcherServlet 'dispatcherServlet'
2026-09-09T06:43:34.841Z  INFO 4122026 --- [kivvi-click] [-auto-11-exec-1] o.s.web.servlet.DispatcherServlet        : Initializing Servlet 'dispatcherServlet'
2026-09-09T06:43:34.841Z  INFO 4122026 --- [kivvi-click] [-auto-11-exec-1] o.s.web.servlet.DispatcherServlet        : Completed initialization in 0 ms
2026-09-09T06:43:35.075Z  INFO 4122026 --- [kivvi-click] [           main] tc.postgres:18-alpine                    : Creating container for image: postgres:18-alpine
2026-09-09T06:43:35.089Z  INFO 4122026 --- [kivvi-click] [           main] tc.postgres:18-alpine                    : Container postgres:18-alpine is starting: e836083fddda67fddcd70f49191916cc3f6d97213e435031cf3e119d6f797acd
2026-09-09T06:43:36.440Z  INFO 4122026 --- [kivvi-click] [           main] tc.postgres:18-alpine                    : Container postgres:18-alpine started in PT1.365522421S
2026-09-09T06:43:36.441Z  INFO 4122026 --- [kivvi-click] [           main] tc.postgres:18-alpine                    : Container is started (JDBC URL: jdbc:postgresql://localhost:34530/test?loggerLevel=OFF)
2026-09-09T06:43:36.441Z  INFO 4122026 --- [kivvi-click] [           main] t.c.s.AnnotationConfigContextLoaderUtils : Could not detect default configuration classes for test class [click.kivvi.AutomationsApiIT]: AutomationsApiIT does not declare any static, non-private, non-final, nested classes annotated with @Configuration.
2026-09-09T06:43:36.444Z  INFO 4122026 --- [kivvi-click] [           main] .b.t.c.SpringBootTestContextBootstrapper : Found @SpringBootConfiguration click.kivvi.KivviApplication for test class click.kivvi.AutomationsApiIT
2026-09-09T06:43:36.444Z  INFO 4122026 --- [kivvi-click] [           main] t.c.s.AnnotationConfigContextLoaderUtils : Could not detect default configuration classes for test class [click.kivvi.AutomationsApiIT]: AutomationsApiIT does not declare any static, non-private, non-final, nested classes annotated with @Configuration.
2026-09-09T06:43:36.446Z  INFO 4122026 --- [kivvi-click] [           main] .b.t.c.SpringBootTestContextBootstrapper : Found @SpringBootConfiguration click.kivvi.KivviApplication for test class click.kivvi.AutomationsApiIT

  .   ____          _            __ _ _
 /\\ / ___'_ __ _ _(_)_ __  __ _ \ \ \ \
( ( )\___ | '_ | '_| | '_ \/ _` | \ \ \ \
 \\/  ___)| |_)| | | | | || (_| |  ) ) ) )
  '  |____| .__|_| |_|_| |_\__, | / / / /
 =========|_|==============|___/=/_/_/_/

 :: Spring Boot ::                (v4.1.1)

2026-09-09T06:43:36.455Z  INFO 4122026 --- [kivvi-click] [           main] click.kivvi.AutomationsApiIT             : Starting AutomationsApiIT using Java 25.0.4.1 with PID 4122026 (started by muszkin in /home/muszkin/work/kivvi-click-wt/integration/backend)
2026-09-09T06:43:36.455Z  INFO 4122026 --- [kivvi-click] [           main] click.kivvi.AutomationsApiIT             : No active profile set, falling back to 1 default profile: "default"
2026-09-09T06:43:36.549Z  INFO 4122026 --- [kivvi-click] [           main] o.s.boot.tomcat.TomcatWebServer          : Tomcat initialized with port 0 (http)
2026-09-09T06:43:36.549Z  INFO 4122026 --- [kivvi-click] [           main] o.apache.catalina.core.StandardService   : Starting service [Tomcat]
2026-09-09T06:43:36.549Z  INFO 4122026 --- [kivvi-click] [           main] o.apache.catalina.core.StandardEngine    : Starting Servlet engine: [Apache Tomcat/11.0.24]
2026-09-09T06:43:36.554Z  INFO 4122026 --- [kivvi-click] [           main] b.w.c.s.WebApplicationContextInitializer : Root WebApplicationContext: initialization completed in 98 ms
2026-09-09T06:43:36.613Z  INFO 4122026 --- [kivvi-click] [           main] org.flywaydb.core.FlywayExecutor         : Database: jdbc:postgresql://localhost:34530/test?loggerLevel=OFF (PostgreSQL 18.6)
2026-09-09T06:43:36.623Z  INFO 4122026 --- [kivvi-click] [           main] o.f.c.i.s.JdbcTableSchemaHistory         : Schema history table "public"."flyway_schema_history" does not exist yet
2026-09-09T06:43:36.624Z  INFO 4122026 --- [kivvi-click] [           main] o.f.core.internal.command.DbValidate     : Successfully validated 1 migration (execution time 00:00.002s)
2026-09-09T06:43:36.630Z  INFO 4122026 --- [kivvi-click] [           main] o.f.c.i.s.JdbcTableSchemaHistory         : Creating Schema History table "public"."flyway_schema_history" ...
2026-09-09T06:43:36.647Z  INFO 4122026 --- [kivvi-click] [           main] o.f.core.internal.command.DbMigrate      : Current version of schema "public": << Empty Schema >>
2026-09-09T06:43:36.650Z  INFO 4122026 --- [kivvi-click] [           main] o.f.core.internal.command.DbMigrate      : Migrating schema "public" to version "1 - baseline"
2026-09-09T06:43:36.667Z  INFO 4122026 --- [kivvi-click] [           main] o.f.core.internal.command.DbMigrate      : Successfully applied 1 migration to schema "public", now at version v1 (execution time 00:00.014s)
2026-09-09T06:43:36.703Z  INFO 4122026 --- [kivvi-click] [           main] o.s.b.w.a.WelcomePageHandlerMapping      : Adding welcome page: class path resource [static/index.html]
2026-09-09T06:43:36.737Z  INFO 4122026 --- [kivvi-click] [           main] com.zaxxer.hikari.HikariDataSource       : HikariPool-13 - Starting...
2026-09-09T06:43:36.743Z  INFO 4122026 --- [kivvi-click] [           main] com.zaxxer.hikari.pool.HikariPool        : HikariPool-13 - Added connection org.postgresql.jdbc.PgConnection@1e97a037
2026-09-09T06:43:36.743Z  INFO 4122026 --- [kivvi-click] [           main] com.zaxxer.hikari.HikariDataSource       : HikariPool-13 - Start completed.
2026-09-09T06:43:36.746Z  INFO 4122026 --- [kivvi-click] [           main] o.s.b.a.e.web.EndpointLinksResolver      : Exposing 1 endpoint beneath base path '/actuator'
2026-09-09T06:43:36.751Z  INFO 4122026 --- [kivvi-click] [           main] o.s.boot.tomcat.TomcatWebServer          : Tomcat started on port 43117 (http) with context path '/'
2026-09-09T06:43:36.756Z  INFO 4122026 --- [kivvi-click] [           main] click.kivvi.AutomationsApiIT             : Started AutomationsApiIT in 0.309 seconds (process running for 30.632)
2026-09-09T06:43:36.757Z  INFO 4122026 --- [kivvi-click] [eat-scheduler-1] c.k.i.scheduling.HeartbeatJob            : Scheduler heartbeat tick.
2026-09-09T06:43:36.760Z  INFO 4122026 --- [kivvi-click] [eat-scheduler-1] c.k.i.tracking.EventDedupCleanupJob      : Event dedup cleanup removed 0 expired row(s).
2026-09-09T06:43:36.761Z  INFO 4122026 --- [kivvi-click] [-auto-12-exec-1] o.a.c.c.C.[Tomcat-11].[localhost].[/]    : Initializing Spring DispatcherServlet 'dispatcherServlet'
2026-09-09T06:43:36.761Z  INFO 4122026 --- [kivvi-click] [-auto-12-exec-1] o.s.web.servlet.DispatcherServlet        : Initializing Servlet 'dispatcherServlet'
2026-09-09T06:43:36.761Z  INFO 4122026 --- [kivvi-click] [-auto-12-exec-1] o.s.web.servlet.DispatcherServlet        : Completed initialization in 0 ms
2026-09-09T06:43:36.993Z  INFO 4122026 --- [kivvi-click] [           main] tc.postgres:18-alpine                    : Creating container for image: postgres:18-alpine
2026-09-09T06:43:37.007Z  INFO 4122026 --- [kivvi-click] [           main] tc.postgres:18-alpine                    : Container postgres:18-alpine is starting: 089dd790def5e0391cb9229ef8a57f8b914478d47d2bdfca2dcf638928e5bb1d
2026-09-09T06:43:38.339Z  INFO 4122026 --- [kivvi-click] [           main] tc.postgres:18-alpine                    : Container postgres:18-alpine started in PT1.345776352S
2026-09-09T06:43:38.339Z  INFO 4122026 --- [kivvi-click] [           main] tc.postgres:18-alpine                    : Container is started (JDBC URL: jdbc:postgresql://localhost:34531/test?loggerLevel=OFF)
2026-09-09T06:43:38.339Z  INFO 4122026 --- [kivvi-click] [           main] t.c.s.AnnotationConfigContextLoaderUtils : Could not detect default configuration classes for test class [click.kivvi.EventsApiIT]: EventsApiIT does not declare any static, non-private, non-final, nested classes annotated with @Configuration.
2026-09-09T06:43:38.342Z  INFO 4122026 --- [kivvi-click] [           main] .b.t.c.SpringBootTestContextBootstrapper : Found @SpringBootConfiguration click.kivvi.KivviApplication for test class click.kivvi.EventsApiIT
2026-09-09T06:43:38.342Z  INFO 4122026 --- [kivvi-click] [           main] t.c.s.AnnotationConfigContextLoaderUtils : Could not detect default configuration classes for test class [click.kivvi.EventsApiIT]: EventsApiIT does not declare any static, non-private, non-final, nested classes annotated with @Configuration.
2026-09-09T06:43:38.344Z  INFO 4122026 --- [kivvi-click] [           main] .b.t.c.SpringBootTestContextBootstrapper : Found @SpringBootConfiguration click.kivvi.KivviApplication for test class click.kivvi.EventsApiIT

  .   ____          _            __ _ _
 /\\ / ___'_ __ _ _(_)_ __  __ _ \ \ \ \
( ( )\___ | '_ | '_| | '_ \/ _` | \ \ \ \
 \\/  ___)| |_)| | | | | || (_| |  ) ) ) )
  '  |____| .__|_| |_|_| |_\__, | / / / /
 =========|_|==============|___/=/_/_/_/

 :: Spring Boot ::                (v4.1.1)

2026-09-09T06:43:38.353Z  INFO 4122026 --- [kivvi-click] [           main] click.kivvi.EventsApiIT                  : Starting EventsApiIT using Java 25.0.4.1 with PID 4122026 (started by muszkin in /home/muszkin/work/kivvi-click-wt/integration/backend)
2026-09-09T06:43:38.353Z  INFO 4122026 --- [kivvi-click] [           main] click.kivvi.EventsApiIT                  : No active profile set, falling back to 1 default profile: "default"
2026-09-09T06:43:38.446Z  INFO 4122026 --- [kivvi-click] [           main] o.s.boot.tomcat.TomcatWebServer          : Tomcat initialized with port 0 (http)
2026-09-09T06:43:38.446Z  INFO 4122026 --- [kivvi-click] [           main] o.apache.catalina.core.StandardService   : Starting service [Tomcat]
2026-09-09T06:43:38.446Z  INFO 4122026 --- [kivvi-click] [           main] o.apache.catalina.core.StandardEngine    : Starting Servlet engine: [Apache Tomcat/11.0.24]
2026-09-09T06:43:38.451Z  INFO 4122026 --- [kivvi-click] [           main] b.w.c.s.WebApplicationContextInitializer : Root WebApplicationContext: initialization completed in 97 ms
2026-09-09T06:43:38.507Z  INFO 4122026 --- [kivvi-click] [           main] org.flywaydb.core.FlywayExecutor         : Database: jdbc:postgresql://localhost:34531/test?loggerLevel=OFF (PostgreSQL 18.6)
2026-09-09T06:43:38.516Z  INFO 4122026 --- [kivvi-click] [           main] o.f.c.i.s.JdbcTableSchemaHistory         : Schema history table "public"."flyway_schema_history" does not exist yet
2026-09-09T06:43:38.517Z  INFO 4122026 --- [kivvi-click] [           main] o.f.core.internal.command.DbValidate     : Successfully validated 1 migration (execution time 00:00.001s)
2026-09-09T06:43:38.523Z  INFO 4122026 --- [kivvi-click] [           main] o.f.c.i.s.JdbcTableSchemaHistory         : Creating Schema History table "public"."flyway_schema_history" ...
2026-09-09T06:43:38.541Z  INFO 4122026 --- [kivvi-click] [           main] o.f.core.internal.command.DbMigrate      : Current version of schema "public": << Empty Schema >>
2026-09-09T06:43:38.543Z  INFO 4122026 --- [kivvi-click] [           main] o.f.core.internal.command.DbMigrate      : Migrating schema "public" to version "1 - baseline"
2026-09-09T06:43:38.561Z  INFO 4122026 --- [kivvi-click] [           main] o.f.core.internal.command.DbMigrate      : Successfully applied 1 migration to schema "public", now at version v1 (execution time 00:00.015s)
2026-09-09T06:43:38.581Z  INFO 4122026 --- [kivvi-click] [           main] o.s.b.w.a.WelcomePageHandlerMapping      : Adding welcome page: class path resource [static/index.html]
2026-09-09T06:43:38.616Z  INFO 4122026 --- [kivvi-click] [           main] com.zaxxer.hikari.HikariDataSource       : HikariPool-14 - Starting...
2026-09-09T06:43:38.622Z  INFO 4122026 --- [kivvi-click] [           main] com.zaxxer.hikari.pool.HikariPool        : HikariPool-14 - Added connection org.postgresql.jdbc.PgConnection@4860ff98
2026-09-09T06:43:38.622Z  INFO 4122026 --- [kivvi-click] [           main] com.zaxxer.hikari.HikariDataSource       : HikariPool-14 - Start completed.
2026-09-09T06:43:38.626Z  INFO 4122026 --- [kivvi-click] [           main] o.s.b.a.e.web.EndpointLinksResolver      : Exposing 1 endpoint beneath base path '/actuator'
2026-09-09T06:43:38.631Z  INFO 4122026 --- [kivvi-click] [           main] o.s.boot.tomcat.TomcatWebServer          : Tomcat started on port 45817 (http) with context path '/'
2026-09-09T06:43:38.636Z  INFO 4122026 --- [kivvi-click] [           main] click.kivvi.EventsApiIT                  : Started EventsApiIT in 0.29 seconds (process running for 32.512)
2026-09-09T06:43:38.638Z  INFO 4122026 --- [kivvi-click] [eat-scheduler-1] c.k.i.scheduling.HeartbeatJob            : Scheduler heartbeat tick.
2026-09-09T06:43:38.640Z  INFO 4122026 --- [kivvi-click] [-auto-13-exec-1] o.a.c.c.C.[Tomcat-12].[localhost].[/]    : Initializing Spring DispatcherServlet 'dispatcherServlet'
2026-09-09T06:43:38.640Z  INFO 4122026 --- [kivvi-click] [eat-scheduler-1] c.k.i.tracking.EventDedupCleanupJob      : Event dedup cleanup removed 0 expired row(s).
2026-09-09T06:43:38.640Z  INFO 4122026 --- [kivvi-click] [-auto-13-exec-1] o.s.web.servlet.DispatcherServlet        : Initializing Servlet 'dispatcherServlet'
2026-09-09T06:43:38.641Z  INFO 4122026 --- [kivvi-click] [-auto-13-exec-1] o.s.web.servlet.DispatcherServlet        : Completed initialization in 1 ms
2026-09-09T06:43:38.842Z  INFO 4122026 --- [kivvi-click] [           main] tc.postgres:18-alpine                    : Creating container for image: postgres:18-alpine
2026-09-09T06:43:38.856Z  INFO 4122026 --- [kivvi-click] [           main] tc.postgres:18-alpine                    : Container postgres:18-alpine is starting: d0e1b459eaf12f47a71032b3d99dc770188694a2eea8938206c63eaaa668d78e
2026-09-09T06:43:40.188Z  INFO 4122026 --- [kivvi-click] [           main] tc.postgres:18-alpine                    : Container postgres:18-alpine started in PT1.346129794S
2026-09-09T06:43:40.189Z  INFO 4122026 --- [kivvi-click] [           main] tc.postgres:18-alpine                    : Container is started (JDBC URL: jdbc:postgresql://localhost:34532/test?loggerLevel=OFF)
2026-09-09T06:43:40.189Z  INFO 4122026 --- [kivvi-click] [           main] t.c.s.AnnotationConfigContextLoaderUtils : Could not detect default configuration classes for test class [click.kivvi.SessionRequestSerializationIT]: SessionRequestSerializationIT does not declare any static, non-private, non-final, nested classes annotated with @Configuration.
2026-09-09T06:43:40.192Z  INFO 4122026 --- [kivvi-click] [           main] .b.t.c.SpringBootTestContextBootstrapper : Found @SpringBootConfiguration click.kivvi.KivviApplication for test class click.kivvi.SessionRequestSerializationIT
2026-09-09T06:43:40.192Z  INFO 4122026 --- [kivvi-click] [           main] t.c.s.AnnotationConfigContextLoaderUtils : Could not detect default configuration classes for test class [click.kivvi.SessionRequestSerializationIT]: SessionRequestSerializationIT does not declare any static, non-private, non-final, nested classes annotated with @Configuration.
2026-09-09T06:43:40.193Z  INFO 4122026 --- [kivvi-click] [           main] .b.t.c.SpringBootTestContextBootstrapper : Found @SpringBootConfiguration click.kivvi.KivviApplication for test class click.kivvi.SessionRequestSerializationIT

  .   ____          _            __ _ _
 /\\ / ___'_ __ _ _(_)_ __  __ _ \ \ \ \
( ( )\___ | '_ | '_| | '_ \/ _` | \ \ \ \
 \\/  ___)| |_)| | | | | || (_| |  ) ) ) )
  '  |____| .__|_| |_|_| |_\__, | / / / /
 =========|_|==============|___/=/_/_/_/

 :: Spring Boot ::                (v4.1.1)

2026-09-09T06:43:40.202Z  INFO 4122026 --- [kivvi-click] [           main] c.kivvi.SessionRequestSerializationIT    : Starting SessionRequestSerializationIT using Java 25.0.4.1 with PID 4122026 (started by muszkin in /home/muszkin/work/kivvi-click-wt/integration/backend)
2026-09-09T06:43:40.202Z  INFO 4122026 --- [kivvi-click] [           main] c.kivvi.SessionRequestSerializationIT    : No active profile set, falling back to 1 default profile: "default"
2026-09-09T06:43:40.292Z  INFO 4122026 --- [kivvi-click] [           main] o.s.boot.tomcat.TomcatWebServer          : Tomcat initialized with port 0 (http)
2026-09-09T06:43:40.292Z  INFO 4122026 --- [kivvi-click] [           main] o.apache.catalina.core.StandardService   : Starting service [Tomcat]
2026-09-09T06:43:40.292Z  INFO 4122026 --- [kivvi-click] [           main] o.apache.catalina.core.StandardEngine    : Starting Servlet engine: [Apache Tomcat/11.0.24]
2026-09-09T06:43:40.297Z  INFO 4122026 --- [kivvi-click] [           main] b.w.c.s.WebApplicationContextInitializer : Root WebApplicationContext: initialization completed in 94 ms
2026-09-09T06:43:40.346Z  INFO 4122026 --- [kivvi-click] [           main] org.flywaydb.core.FlywayExecutor         : Database: jdbc:postgresql://localhost:34532/test?loggerLevel=OFF (PostgreSQL 18.6)
2026-09-09T06:43:40.355Z  INFO 4122026 --- [kivvi-click] [           main] o.f.c.i.s.JdbcTableSchemaHistory         : Schema history table "public"."flyway_schema_history" does not exist yet
2026-09-09T06:43:40.356Z  INFO 4122026 --- [kivvi-click] [           main] o.f.core.internal.command.DbValidate     : Successfully validated 1 migration (execution time 00:00.001s)
2026-09-09T06:43:40.361Z  INFO 4122026 --- [kivvi-click] [           main] o.f.c.i.s.JdbcTableSchemaHistory         : Creating Schema History table "public"."flyway_schema_history" ...
2026-09-09T06:43:40.378Z  INFO 4122026 --- [kivvi-click] [           main] o.f.core.internal.command.DbMigrate      : Current version of schema "public": << Empty Schema >>
2026-09-09T06:43:40.380Z  INFO 4122026 --- [kivvi-click] [           main] o.f.core.internal.command.DbMigrate      : Migrating schema "public" to version "1 - baseline"
2026-09-09T06:43:40.395Z  INFO 4122026 --- [kivvi-click] [           main] o.f.core.internal.command.DbMigrate      : Successfully applied 1 migration to schema "public", now at version v1 (execution time 00:00.012s)
2026-09-09T06:43:40.415Z  INFO 4122026 --- [kivvi-click] [           main] o.s.b.w.a.WelcomePageHandlerMapping      : Adding welcome page: class path resource [static/index.html]
2026-09-09T06:43:40.450Z  INFO 4122026 --- [kivvi-click] [           main] com.zaxxer.hikari.HikariDataSource       : HikariPool-15 - Starting...
2026-09-09T06:43:40.456Z  INFO 4122026 --- [kivvi-click] [           main] com.zaxxer.hikari.pool.HikariPool        : HikariPool-15 - Added connection org.postgresql.jdbc.PgConnection@1a37f8b6
2026-09-09T06:43:40.456Z  INFO 4122026 --- [kivvi-click] [           main] com.zaxxer.hikari.HikariDataSource       : HikariPool-15 - Start completed.
2026-09-09T06:43:40.460Z  INFO 4122026 --- [kivvi-click] [           main] o.s.b.a.e.web.EndpointLinksResolver      : Exposing 1 endpoint beneath base path '/actuator'
2026-09-09T06:43:40.466Z  INFO 4122026 --- [kivvi-click] [           main] o.s.boot.tomcat.TomcatWebServer          : Tomcat started on port 45805 (http) with context path '/'
2026-09-09T06:43:40.470Z  INFO 4122026 --- [kivvi-click] [           main] c.kivvi.SessionRequestSerializationIT    : Started SessionRequestSerializationIT in 0.275 seconds (process running for 34.346)
2026-09-09T06:43:40.472Z  INFO 4122026 --- [kivvi-click] [eat-scheduler-1] c.k.i.scheduling.HeartbeatJob            : Scheduler heartbeat tick.
2026-09-09T06:43:40.475Z  INFO 4122026 --- [kivvi-click] [eat-scheduler-1] c.k.i.tracking.EventDedupCleanupJob      : Event dedup cleanup removed 0 expired row(s).
2026-09-09T06:43:40.476Z  INFO 4122026 --- [kivvi-click] [-auto-14-exec-1] o.a.c.c.C.[Tomcat-13].[localhost].[/]    : Initializing Spring DispatcherServlet 'dispatcherServlet'
2026-09-09T06:43:40.476Z  INFO 4122026 --- [kivvi-click] [-auto-14-exec-1] o.s.web.servlet.DispatcherServlet        : Initializing Servlet 'dispatcherServlet'
2026-09-09T06:43:40.476Z  INFO 4122026 --- [kivvi-click] [-auto-14-exec-1] o.s.web.servlet.DispatcherServlet        : Completed initialization in 0 ms
