=== cwd: /home/muszkin/work/kivvi-click-wt/verify-wave-3-architecture/backend ===
=== command: ./mvnw -q test -Dtest=ArchitectureTest (with 4 throwaway negative probes: domain->web, web->infrastructure.session, web->MercurePublisher, stray /accounts/ literal) ===
WARNING: A terminally deprecated method in sun.misc.Unsafe has been called
WARNING: sun.misc.Unsafe::staticFieldBase has been called by com.google.inject.internal.aop.HiddenClassDefiner (file:/home/muszkin/.m2/wrapper/dists/apache-maven-3.9.11/a2d47e15/lib/guice-5.1.0-classes.jar)
WARNING: Please consider reporting this to the maintainers of class com.google.inject.internal.aop.HiddenClassDefiner
WARNING: sun.misc.Unsafe::staticFieldBase will be removed in a future release
04:59:59.064 [main] INFO com.tngtech.archunit.core.PluginLoader -- Detected Java version 25.0.4.1
[ERROR] Tests run: 5, Failures: 5, Errors: 0, Skipped: 0, Time elapsed: 1.673 s <<< FAILURE! -- in click.kivvi.architecture.ArchitectureTest
[ERROR] click.kivvi.architecture.ArchitectureTest.domainDoesNotDependOnWeb -- Time elapsed: 0.104 s <<< FAILURE!
java.lang.AssertionError: 
Architecture Violation [Priority: MEDIUM] - Rule 'no classes that reside in a package '..domain..' should depend on classes that reside in a package '..web..'' was violated (1 times):
Field <click.kivvi.domain.probe.ProbeDomainToWeb.controller> has type <click.kivvi.web.EventsController> in (ProbeDomainToWeb.java:0)
	at com.tngtech.archunit.lang.ArchRule$Assertions.assertNoViolation(ArchRule.java:94)
	at com.tngtech.archunit.lang.ArchRule$Assertions.check(ArchRule.java:86)
	at com.tngtech.archunit.lang.ArchRule$Factory$SimpleArchRule.check(ArchRule.java:165)
	at com.tngtech.archunit.lang.syntax.ObjectsShouldInternal.check(ObjectsShouldInternal.java:81)
	at click.kivvi.architecture.ArchitectureTest.domainDoesNotDependOnWeb(ArchitectureTest.java:53)

[ERROR] click.kivvi.architecture.ArchitectureTest.topLevelPackagesFormNoCycle -- Time elapsed: 0.154 s <<< FAILURE!
java.lang.AssertionError: 
Architecture Violation [Priority: MEDIUM] - Rule 'slices matching 'click.kivvi.(*)..' should be free of cycles' was violated (8 times):
Cycle detected: Slice application -> 
                Slice domain -> 
                Slice web -> 
                Slice application
  1. Dependencies of Slice application
    - Method <click.kivvi.application.EventsViewService.allLabel(click.kivvi.domain.SupportedLocale)> has parameter of type <click.kivvi.domain.SupportedLocale> in (EventsViewService.java:0)
    - Method <click.kivvi.application.EventsViewService.build(click.kivvi.domain.SupportedLocale, java.lang.String, java.lang.String, java.lang.String)> has parameter of type <click.kivvi.domain.SupportedLocale> in (EventsViewService.java:0)
    - Method <click.kivvi.application.EventsViewService.detail(click.kivvi.domain.tracking.EventType, int, java.lang.String)> has parameter of type <click.kivvi.domain.tracking.EventType> in (EventsViewService.java:0)
    - Method <click.kivvi.application.EventsViewService.rows(click.kivvi.domain.SupportedLocale, int, java.time.Instant)> has parameter of type <click.kivvi.domain.SupportedLocale> in (EventsViewService.java:0)
    - Method <click.kivvi.application.EventsViewService.siteFilters(click.kivvi.domain.SupportedLocale, java.lang.String)> has parameter of type <click.kivvi.domain.SupportedLocale> in (EventsViewService.java:0)
    - Method <click.kivvi.application.EventsViewService.typeFilters(click.kivvi.domain.SupportedLocale, java.lang.String)> has parameter of type <click.kivvi.domain.SupportedLocale> in (EventsViewService.java:0)
    - Method <click.kivvi.application.PreferencesService.applySidebar(jakarta.servlet.http.HttpSession, java.lang.String)> has return type <click.kivvi.domain.SidebarState> in (PreferencesService.java:0)
    - Method <click.kivvi.application.PreferencesService.applyTheme(jakarta.servlet.http.HttpSession, java.lang.String)> has return type <click.kivvi.domain.Theme> in (PreferencesService.java:0)
    - Method <click.kivvi.application.SettingsViewService.build(java.lang.String, click.kivvi.domain.SupportedLocale)> has parameter of type <click.kivvi.domain.SupportedLocale> in (SettingsViewService.java:0)
    - Method <click.kivvi.application.SettingsViewService.toTabView(click.kivvi.fixtures.SettingsFixtures$Tab, java.lang.String, click.kivvi.domain.SupportedLocale)> has parameter of type <click.kivvi.domain.SupportedLocale> in (SettingsViewService.java:0)
    - Method <click.kivvi.application.ShellViewService.build(jakarta.servlet.http.HttpSession, click.kivvi.domain.SupportedLocale, java.lang.String)> has parameter of type <click.kivvi.domain.SupportedLocale> in (ShellViewService.java:0)
    - Method <click.kivvi.application.ShellViewService.toGroupView(click.kivvi.domain.NavigationCatalog$Group, click.kivvi.domain.SupportedLocale, java.util.Locale)> has parameter of type <click.kivvi.domain.NavigationCatalog$Group> in (ShellViewService.java:0)
    - Method <click.kivvi.application.ShellViewService.toGroupView(click.kivvi.domain.NavigationCatalog$Group, click.kivvi.domain.SupportedLocale, java.util.Locale)> has parameter of type <click.kivvi.domain.SupportedLocale> in (ShellViewService.java:0)
    - Method <click.kivvi.application.SpaDocumentService.render(jakarta.servlet.http.HttpSession, click.kivvi.domain.SupportedLocale)> has parameter of type <click.kivvi.domain.SupportedLocale> in (SpaDocumentService.java:0)
    - Method <click.kivvi.application.SpaDocumentService.render(jakarta.servlet.http.HttpSession, click.kivvi.domain.SupportedLocale, java.lang.String, java.lang.String)> has parameter of type <click.kivvi.domain.SupportedLocale> in (SpaDocumentService.java:0)
    - Method <click.kivvi.application.tracking.EventIngestionService.ingest(click.kivvi.domain.tracking.TrackedEvent)> has parameter of type <click.kivvi.domain.tracking.TrackedEvent> in (EventIngestionService.java:0)
    - Method <click.kivvi.application.tracking.EventIngestionService.toEnvelope(click.kivvi.domain.tracking.TrackedEvent)> has parameter of type <click.kivvi.domain.tracking.TrackedEvent> in (EventIngestionService.java:0)
    - Method <click.kivvi.application.LoginService.attemptSignIn(jakarta.servlet.http.HttpServletRequest, java.lang.String)> calls method <click.kivvi.domain.EmailValidation.errorFor(java.lang.String)> in (LoginService.java:30)
    - Method <click.kivvi.application.SpaDocumentService.render(jakarta.servlet.http.HttpSession, click.kivvi.domain.SupportedLocale, java.lang.String, java.lang.String)> calls constructor <click.kivvi.domain.SpaDocument$Attributes.<init>(java.lang.String, java.lang.String, java.lang.String, java.lang.String, java.lang.String)> in (SpaDocumentService.java:38)
    - Method <click.kivvi.application.SpaDocumentService.render(jakarta.servlet.http.HttpSession, click.kivvi.domain.SupportedLocale, java.lang.String, java.lang.String)> calls method <click.kivvi.domain.SidebarState.value()> in (SpaDocumentService.java:38)
    (84 further dependencies have been omitted...)
  2. Dependencies of Slice domain
    - Field <click.kivvi.domain.probe.ProbeDomainToWeb.controller> has type <click.kivvi.web.EventsController> in (ProbeDomainToWeb.java:0)
  3. Dependencies of Slice web
    - Constructor <click.kivvi.web.AutomationsController.<init>(click.kivvi.application.AutomationsViewService)> has parameter of type <click.kivvi.application.AutomationsViewService> in (AutomationsController.java:0)
    - Constructor <click.kivvi.web.CampaignsController.<init>(click.kivvi.application.CampaignsViewService)> has parameter of type <click.kivvi.application.CampaignsViewService> in (CampaignsController.java:0)
    - Constructor <click.kivvi.web.CollectController.<init>(click.kivvi.application.tracking.EventIngestionService, tools.jackson.databind.ObjectMapper)> has parameter of type <click.kivvi.application.tracking.EventIngestionService> in (CollectController.java:0)
    - Constructor <click.kivvi.web.CustomersController.<init>(click.kivvi.application.CustomersViewService, click.kivvi.application.SpaDocumentService)> has parameter of type <click.kivvi.application.CustomersViewService> in (CustomersController.java:0)
    - Constructor <click.kivvi.web.CustomersController.<init>(click.kivvi.application.CustomersViewService, click.kivvi.application.SpaDocumentService)> has parameter of type <click.kivvi.application.SpaDocumentService> in (CustomersController.java:0)
    - Constructor <click.kivvi.web.EventsController.<init>(click.kivvi.application.EventsViewService)> has parameter of type <click.kivvi.application.EventsViewService> in (EventsController.java:0)
    - Constructor <click.kivvi.web.FeedsController.<init>(click.kivvi.application.FeedsViewService)> has parameter of type <click.kivvi.application.FeedsViewService> in (FeedsController.java:0)
    - Constructor <click.kivvi.web.LandingController.<init>(click.kivvi.application.LandingViewService)> has parameter of type <click.kivvi.application.LandingViewService> in (LandingController.java:0)
    - Constructor <click.kivvi.web.LoginController.<init>(click.kivvi.application.LoginService, click.kivvi.application.SpaDocumentService)> has parameter of type <click.kivvi.application.LoginService> in (LoginController.java:0)
    - Constructor <click.kivvi.web.LoginController.<init>(click.kivvi.application.LoginService, click.kivvi.application.SpaDocumentService)> has parameter of type <click.kivvi.application.SpaDocumentService> in (LoginController.java:0)
    - Constructor <click.kivvi.web.PreferencesController.<init>(click.kivvi.application.PreferencesService, tools.jackson.databind.ObjectMapper)> has parameter of type <click.kivvi.application.PreferencesService> in (PreferencesController.java:0)
    - Constructor <click.kivvi.web.SettingsController.<init>(click.kivvi.application.SettingsViewService, click.kivvi.application.SpaDocumentService)> has parameter of type <click.kivvi.application.SettingsViewService> in (SettingsController.java:0)
    - Constructor <click.kivvi.web.SettingsController.<init>(click.kivvi.application.SettingsViewService, click.kivvi.application.SpaDocumentService)> has parameter of type <click.kivvi.application.SpaDocumentService> in (SettingsController.java:0)
    - Constructor <click.kivvi.web.ShellController.<init>(click.kivvi.application.ShellViewService)> has parameter of type <click.kivvi.application.ShellViewService> in (ShellController.java:0)
    - Constructor <click.kivvi.web.SpaDocumentController.<init>(click.kivvi.application.SpaDocumentService)> has parameter of type <click.kivvi.application.SpaDocumentService> in (SpaDocumentController.java:0)
    - Field <click.kivvi.web.AutomationsController.automationsViewService> has type <click.kivvi.application.AutomationsViewService> in (AutomationsController.java:0)
    - Field <click.kivvi.web.CampaignsController.campaignsViewService> has type <click.kivvi.application.CampaignsViewService> in (CampaignsController.java:0)
    - Field <click.kivvi.web.CollectController.eventIngestionService> has type <click.kivvi.application.tracking.EventIngestionService> in (CollectController.java:0)
    - Field <click.kivvi.web.CustomersController.customersViewService> has type <click.kivvi.application.CustomersViewService> in (CustomersController.java:0)
    - Field <click.kivvi.web.CustomersController.spaDocumentService> has type <click.kivvi.application.SpaDocumentService> in (CustomersController.java:0)
    (214 further dependencies have been omitted...)
Cycle detected: Slice application -> 
                Slice fixtures -> 
                Slice domain -> 
                Slice web -> 
                Slice application
  1. Dependencies of Slice application
    - Constructor <click.kivvi.application.AutomationsViewService$EditorPayload.<init>(click.kivvi.fixtures.AutomationsFixtures$Header, java.lang.String, java.util.List, java.util.List, java.util.List, java.util.List, java.util.List)> has generic parameter type <java.util.List<click.kivvi.fixtures.AutomationsFixtures$Edge>> with type argument depending on <click.kivvi.fixtures.AutomationsFixtures$Edge> in (AutomationsViewService.java:0)
    - Constructor <click.kivvi.application.AutomationsViewService$EditorPayload.<init>(click.kivvi.fixtures.AutomationsFixtures$Header, java.lang.String, java.util.List, java.util.List, java.util.List, java.util.List, java.util.List)> has generic parameter type <java.util.List<click.kivvi.fixtures.AutomationsFixtures$EditorTab>> with type argument depending on <click.kivvi.fixtures.AutomationsFixtures$EditorTab> in (AutomationsViewService.java:0)
    - Constructor <click.kivvi.application.AutomationsViewService$EditorPayload.<init>(click.kivvi.fixtures.AutomationsFixtures$Header, java.lang.String, java.util.List, java.util.List, java.util.List, java.util.List, java.util.List)> has generic parameter type <java.util.List<click.kivvi.fixtures.AutomationsFixtures$FlowNode>> with type argument depending on <click.kivvi.fixtures.AutomationsFixtures$FlowNode> in (AutomationsViewService.java:0)
    - Constructor <click.kivvi.application.AutomationsViewService$EditorPayload.<init>(click.kivvi.fixtures.AutomationsFixtures$Header, java.lang.String, java.util.List, java.util.List, java.util.List, java.util.List, java.util.List)> has generic parameter type <java.util.List<click.kivvi.fixtures.AutomationsFixtures$PipelineStep>> with type argument depending on <click.kivvi.fixtures.AutomationsFixtures$PipelineStep> in (AutomationsViewService.java:0)
    - Constructor <click.kivvi.application.AutomationsViewService$EditorPayload.<init>(click.kivvi.fixtures.AutomationsFixtures$Header, java.lang.String, java.util.List, java.util.List, java.util.List, java.util.List, java.util.List)> has generic parameter type <java.util.List<click.kivvi.fixtures.AutomationsFixtures$SimulationItem>> with type argument depending on <click.kivvi.fixtures.AutomationsFixtures$SimulationItem> in (AutomationsViewService.java:0)
    - Constructor <click.kivvi.application.AutomationsViewService$EditorPayload.<init>(click.kivvi.fixtures.AutomationsFixtures$Header, java.lang.String, java.util.List, java.util.List, java.util.List, java.util.List, java.util.List)> has parameter of type <click.kivvi.fixtures.AutomationsFixtures$Header> in (AutomationsViewService.java:0)
    - Constructor <click.kivvi.application.CampaignsViewService$EditorPayload.<init>(click.kivvi.application.CampaignsViewService$Template, java.util.List, java.util.List, java.util.List, click.kivvi.fixtures.CampaignsFixtures$SelectedBlock)> has generic parameter type <java.util.List<click.kivvi.fixtures.CampaignsFixtures$Block>> with type argument depending on <click.kivvi.fixtures.CampaignsFixtures$Block> in (CampaignsViewService.java:0)
    - Constructor <click.kivvi.application.CampaignsViewService$EditorPayload.<init>(click.kivvi.application.CampaignsViewService$Template, java.util.List, java.util.List, java.util.List, click.kivvi.fixtures.CampaignsFixtures$SelectedBlock)> has generic parameter type <java.util.List<click.kivvi.fixtures.CampaignsFixtures$Section>> with type argument depending on <click.kivvi.fixtures.CampaignsFixtures$Section> in (CampaignsViewService.java:0)
    - Constructor <click.kivvi.application.CampaignsViewService$EditorPayload.<init>(click.kivvi.application.CampaignsViewService$Template, java.util.List, java.util.List, java.util.List, click.kivvi.fixtures.CampaignsFixtures$SelectedBlock)> has generic parameter type <java.util.List<click.kivvi.fixtures.CampaignsFixtures$Variable>> with type argument depending on <click.kivvi.fixtures.CampaignsFixtures$Variable> in (CampaignsViewService.java:0)
    - Constructor <click.kivvi.application.CampaignsViewService$EditorPayload.<init>(click.kivvi.application.CampaignsViewService$Template, java.util.List, java.util.List, java.util.List, click.kivvi.fixtures.CampaignsFixtures$SelectedBlock)> has parameter of type <click.kivvi.fixtures.CampaignsFixtures$SelectedBlock> in (CampaignsViewService.java:0)
    - Constructor <click.kivvi.application.CustomersViewService$CustomerRow.<init>(java.lang.String, java.lang.String, java.lang.String, java.lang.String, click.kivvi.fixtures.CustomersFixtures$Segment, java.lang.String, java.lang.String, java.lang.String)> has parameter of type <click.kivvi.fixtures.CustomersFixtures$Segment> in (CustomersViewService.java:0)
    - Constructor <click.kivvi.application.CustomersViewService$DetailPayload.<init>(click.kivvi.application.CustomersViewService$CustomerDetail, java.lang.String, java.util.List, java.util.List, java.util.List, java.util.List, java.util.List)> has generic parameter type <java.util.List<click.kivvi.fixtures.AutomationsFixtures$ActiveAutomation>> with type argument depending on <click.kivvi.fixtures.AutomationsFixtures$ActiveAutomation> in (CustomersViewService.java:0)
    - Constructor <click.kivvi.application.FeedsViewService$Payload.<init>(java.util.List, java.util.List, java.util.List, java.util.List, java.util.List, int)> has generic parameter type <java.util.List<click.kivvi.fixtures.FeedsFixtures$CoverageBar>> with type argument depending on <click.kivvi.fixtures.FeedsFixtures$CoverageBar> in (FeedsViewService.java:0)
    - Constructor <click.kivvi.application.FeedsViewService$Payload.<init>(java.util.List, java.util.List, java.util.List, java.util.List, java.util.List, int)> has generic parameter type <java.util.List<click.kivvi.fixtures.FeedsFixtures$FallbackRule>> with type argument depending on <click.kivvi.fixtures.FeedsFixtures$FallbackRule> in (FeedsViewService.java:0)
    - Constructor <click.kivvi.application.FeedsViewService$Payload.<init>(java.util.List, java.util.List, java.util.List, java.util.List, java.util.List, int)> has generic parameter type <java.util.List<click.kivvi.fixtures.FeedsFixtures$Kpi>> with type argument depending on <click.kivvi.fixtures.FeedsFixtures$Kpi> in (FeedsViewService.java:0)
    - Constructor <click.kivvi.application.FeedsViewService$Payload.<init>(java.util.List, java.util.List, java.util.List, java.util.List, java.util.List, int)> has generic parameter type <java.util.List<click.kivvi.fixtures.FeedsFixtures$Source>> with type argument depending on <click.kivvi.fixtures.FeedsFixtures$Source> in (FeedsViewService.java:0)
    - Field <click.kivvi.application.AutomationsViewService$EditorPayload.automation> has type <click.kivvi.fixtures.AutomationsFixtures$Header> in (AutomationsViewService.java:0)
    - Field <click.kivvi.application.AutomationsViewService$EditorPayload.edges> has generic type <java.util.List<click.kivvi.fixtures.AutomationsFixtures$Edge>> with type argument depending on <click.kivvi.fixtures.AutomationsFixtures$Edge> in (AutomationsViewService.java:0)
    - Field <click.kivvi.application.AutomationsViewService$EditorPayload.nodes> has generic type <java.util.List<click.kivvi.fixtures.AutomationsFixtures$FlowNode>> with type argument depending on <click.kivvi.fixtures.AutomationsFixtures$FlowNode> in (AutomationsViewService.java:0)
    - Field <click.kivvi.application.AutomationsViewService$EditorPayload.simulation> has generic type <java.util.List<click.kivvi.fixtures.AutomationsFixtures$SimulationItem>> with type argument depending on <click.kivvi.fixtures.AutomationsFixtures$SimulationItem> in (AutomationsViewService.java:0)
    (169 further dependencies have been omitted...)
  2. Dependencies of Slice fixtures
    - Field <click.kivvi.fixtures.ShellFixtures.DEFAULT_IDENTITY> has type <click.kivvi.domain.Identity> in (ShellFixtures.java:0)
    - Static Initializer <click.kivvi.fixtures.ShellFixtures.<clinit>()> calls constructor <click.kivvi.domain.Identity.<init>(java.lang.String, java.lang.String)> in (ShellFixtures.java:16)
    - Static Initializer <click.kivvi.fixtures.FeedsFixtures.<clinit>()> calls method <click.kivvi.domain.Format.number(double)> in (FeedsFixtures.java:53)
    - Static Initializer <click.kivvi.fixtures.FeedsFixtures.<clinit>()> calls method <click.kivvi.domain.Format.money(double)> in (FeedsFixtures.java:57)
    - Method <click.kivvi.fixtures.CustomersFixtures.profile(int)> calls method <click.kivvi.domain.Format.initials(java.lang.String)> in (CustomersFixtures.java:82)
    - Static Initializer <click.kivvi.fixtures.SettingsFixtures.<clinit>()> calls method <click.kivvi.domain.Format.number(double)> in (SettingsFixtures.java:113)
    - Static Initializer <click.kivvi.fixtures.SettingsFixtures.<clinit>()> calls method <click.kivvi.domain.Format.number(double)> in (SettingsFixtures.java:114)
    - Static Initializer <click.kivvi.fixtures.SettingsFixtures.<clinit>()> calls method <click.kivvi.domain.Format.number(double)> in (SettingsFixtures.java:115)
    - Method <click.kivvi.fixtures.LandingFixtures.previewTiles()> calls method <click.kivvi.domain.Format.number(double)> in (LandingFixtures.java:144)
    - Method <click.kivvi.fixtures.LandingFixtures.previewTiles()> calls method <click.kivvi.domain.Format.number(double)> in (LandingFixtures.java:145)
    - Static Initializer <click.kivvi.fixtures.SettingsFixtures.<clinit>()> calls method <click.kivvi.domain.Format.number(double)> in (SettingsFixtures.java:172)
    - Static Initializer <click.kivvi.fixtures.SettingsFixtures.<clinit>()> calls method <click.kivvi.domain.Format.number(double)> in (SettingsFixtures.java:182)
  3. Dependencies of Slice domain
    - Field <click.kivvi.domain.probe.ProbeDomainToWeb.controller> has type <click.kivvi.web.EventsController> in (ProbeDomainToWeb.java:0)
  4. Dependencies of Slice web
    - Constructor <click.kivvi.web.AutomationsController.<init>(click.kivvi.application.AutomationsViewService)> has parameter of type <click.kivvi.application.AutomationsViewService> in (AutomationsController.java:0)
    - Constructor <click.kivvi.web.CampaignsController.<init>(click.kivvi.application.CampaignsViewService)> has parameter of type <click.kivvi.application.CampaignsViewService> in (CampaignsController.java:0)
    - Constructor <click.kivvi.web.CollectController.<init>(click.kivvi.application.tracking.EventIngestionService, tools.jackson.databind.ObjectMapper)> has parameter of type <click.kivvi.application.tracking.EventIngestionService> in (CollectController.java:0)
    - Constructor <click.kivvi.web.CustomersController.<init>(click.kivvi.application.CustomersViewService, click.kivvi.application.SpaDocumentService)> has parameter of type <click.kivvi.application.CustomersViewService> in (CustomersController.java:0)
    - Constructor <click.kivvi.web.CustomersController.<init>(click.kivvi.application.CustomersViewService, click.kivvi.application.SpaDocumentService)> has parameter of type <click.kivvi.application.SpaDocumentService> in (CustomersController.java:0)
    - Constructor <click.kivvi.web.EventsController.<init>(click.kivvi.application.EventsViewService)> has parameter of type <click.kivvi.application.EventsViewService> in (EventsController.java:0)
    - Constructor <click.kivvi.web.FeedsController.<init>(click.kivvi.application.FeedsViewService)> has parameter of type <click.kivvi.application.FeedsViewService> in (FeedsController.java:0)
    - Constructor <click.kivvi.web.LandingController.<init>(click.kivvi.application.LandingViewService)> has parameter of type <click.kivvi.application.LandingViewService> in (LandingController.java:0)
    - Constructor <click.kivvi.web.LoginController.<init>(click.kivvi.application.LoginService, click.kivvi.application.SpaDocumentService)> has parameter of type <click.kivvi.application.LoginService> in (LoginController.java:0)
    - Constructor <click.kivvi.web.LoginController.<init>(click.kivvi.application.LoginService, click.kivvi.application.SpaDocumentService)> has parameter of type <click.kivvi.application.SpaDocumentService> in (LoginController.java:0)
    - Constructor <click.kivvi.web.PreferencesController.<init>(click.kivvi.application.PreferencesService, tools.jackson.databind.ObjectMapper)> has parameter of type <click.kivvi.application.PreferencesService> in (PreferencesController.java:0)
    - Constructor <click.kivvi.web.SettingsController.<init>(click.kivvi.application.SettingsViewService, click.kivvi.application.SpaDocumentService)> has parameter of type <click.kivvi.application.SettingsViewService> in (SettingsController.java:0)
    - Constructor <click.kivvi.web.SettingsController.<init>(click.kivvi.application.SettingsViewService, click.kivvi.application.SpaDocumentService)> has parameter of type <click.kivvi.application.SpaDocumentService> in (SettingsController.java:0)
    - Constructor <click.kivvi.web.ShellController.<init>(click.kivvi.application.ShellViewService)> has parameter of type <click.kivvi.application.ShellViewService> in (ShellController.java:0)
    - Constructor <click.kivvi.web.SpaDocumentController.<init>(click.kivvi.application.SpaDocumentService)> has parameter of type <click.kivvi.application.SpaDocumentService> in (SpaDocumentController.java:0)
    - Field <click.kivvi.web.AutomationsController.automationsViewService> has type <click.kivvi.application.AutomationsViewService> in (AutomationsController.java:0)
    - Field <click.kivvi.web.CampaignsController.campaignsViewService> has type <click.kivvi.application.CampaignsViewService> in (CampaignsController.java:0)
    - Field <click.kivvi.web.CollectController.eventIngestionService> has type <click.kivvi.application.tracking.EventIngestionService> in (CollectController.java:0)
    - Field <click.kivvi.web.CustomersController.customersViewService> has type <click.kivvi.application.CustomersViewService> in (CustomersController.java:0)
    - Field <click.kivvi.web.CustomersController.spaDocumentService> has type <click.kivvi.application.SpaDocumentService> in (CustomersController.java:0)
    (214 further dependencies have been omitted...)
Cycle detected: Slice application -> 
                Slice infrastructure -> 
                Slice domain -> 
                Slice web -> 
                Slice application
  1. Dependencies of Slice application
    - Constructor <click.kivvi.application.LoginService.<init>(click.kivvi.infrastructure.SessionIdentityStore)> has parameter of type <click.kivvi.infrastructure.SessionIdentityStore> in (LoginService.java:0)
    - Constructor <click.kivvi.application.PreferencesService.<init>(click.kivvi.infrastructure.SessionPreferencesStore)> has parameter of type <click.kivvi.infrastructure.SessionPreferencesStore> in (PreferencesService.java:0)
    - Constructor <click.kivvi.application.ShellViewService.<init>(click.kivvi.infrastructure.SessionPreferencesStore, click.kivvi.infrastructure.SessionIdentityStore, click.kivvi.infrastructure.NavigationLabels)> has parameter of type <click.kivvi.infrastructure.NavigationLabels> in (ShellViewService.java:0)
    - Constructor <click.kivvi.application.ShellViewService.<init>(click.kivvi.infrastructure.SessionPreferencesStore, click.kivvi.infrastructure.SessionIdentityStore, click.kivvi.infrastructure.NavigationLabels)> has parameter of type <click.kivvi.infrastructure.SessionIdentityStore> in (ShellViewService.java:0)
    - Constructor <click.kivvi.application.ShellViewService.<init>(click.kivvi.infrastructure.SessionPreferencesStore, click.kivvi.infrastructure.SessionIdentityStore, click.kivvi.infrastructure.NavigationLabels)> has parameter of type <click.kivvi.infrastructure.SessionPreferencesStore> in (ShellViewService.java:0)
    - Constructor <click.kivvi.application.SpaDocumentService.<init>(click.kivvi.infrastructure.IndexHtmlTemplate, click.kivvi.infrastructure.SessionPreferencesStore)> has parameter of type <click.kivvi.infrastructure.IndexHtmlTemplate> in (SpaDocumentService.java:0)
    - Constructor <click.kivvi.application.SpaDocumentService.<init>(click.kivvi.infrastructure.IndexHtmlTemplate, click.kivvi.infrastructure.SessionPreferencesStore)> has parameter of type <click.kivvi.infrastructure.SessionPreferencesStore> in (SpaDocumentService.java:0)
    - Constructor <click.kivvi.application.tracking.EventIngestionService.<init>(click.kivvi.infrastructure.tracking.EventDedupLedger, click.kivvi.infrastructure.mercure.MercurePublisher, tools.jackson.databind.ObjectMapper)> has parameter of type <click.kivvi.infrastructure.mercure.MercurePublisher> in (EventIngestionService.java:0)
    - Constructor <click.kivvi.application.tracking.EventIngestionService.<init>(click.kivvi.infrastructure.tracking.EventDedupLedger, click.kivvi.infrastructure.mercure.MercurePublisher, tools.jackson.databind.ObjectMapper)> has parameter of type <click.kivvi.infrastructure.tracking.EventDedupLedger> in (EventIngestionService.java:0)
    - Field <click.kivvi.application.LoginService.identityStore> has type <click.kivvi.infrastructure.SessionIdentityStore> in (LoginService.java:0)
    - Field <click.kivvi.application.PreferencesService.store> has type <click.kivvi.infrastructure.SessionPreferencesStore> in (PreferencesService.java:0)
    - Field <click.kivvi.application.ShellViewService.identity> has type <click.kivvi.infrastructure.SessionIdentityStore> in (ShellViewService.java:0)
    - Field <click.kivvi.application.ShellViewService.labels> has type <click.kivvi.infrastructure.NavigationLabels> in (ShellViewService.java:0)
    - Field <click.kivvi.application.ShellViewService.preferences> has type <click.kivvi.infrastructure.SessionPreferencesStore> in (ShellViewService.java:0)
    - Field <click.kivvi.application.SpaDocumentService.preferences> has type <click.kivvi.infrastructure.SessionPreferencesStore> in (SpaDocumentService.java:0)
    - Field <click.kivvi.application.SpaDocumentService.template> has type <click.kivvi.infrastructure.IndexHtmlTemplate> in (SpaDocumentService.java:0)
    - Field <click.kivvi.application.tracking.EventIngestionService.dedupStore> has type <click.kivvi.infrastructure.tracking.EventDedupLedger> in (EventIngestionService.java:0)
    - Field <click.kivvi.application.tracking.EventIngestionService.publisher> has type <click.kivvi.infrastructure.mercure.MercurePublisher> in (EventIngestionService.java:0)
    - Method <click.kivvi.application.PreferencesService.applyTheme(jakarta.servlet.http.HttpSession, java.lang.String)> calls method <click.kivvi.infrastructure.SessionPreferencesStore.storeTheme(jakarta.servlet.http.HttpSession, java.lang.String)> in (PreferencesService.java:23)
    - Method <click.kivvi.application.PreferencesService.applySidebar(jakarta.servlet.http.HttpSession, java.lang.String)> calls method <click.kivvi.infrastructure.SessionPreferencesStore.storeSidebarState(jakarta.servlet.http.HttpSession, java.lang.String)> in (PreferencesService.java:27)
    (13 further dependencies have been omitted...)
  2. Dependencies of Slice infrastructure
    - Method <click.kivvi.infrastructure.SessionIdentityStore.current(jakarta.servlet.http.HttpSession)> has return type <click.kivvi.domain.Identity> in (SessionIdentityStore.java:0)
    - Method <click.kivvi.infrastructure.SessionPreferencesStore.sidebarState(jakarta.servlet.http.HttpSession)> has return type <click.kivvi.domain.SidebarState> in (SessionPreferencesStore.java:0)
    - Method <click.kivvi.infrastructure.SessionPreferencesStore.storeSidebarState(jakarta.servlet.http.HttpSession, java.lang.String)> has return type <click.kivvi.domain.SidebarState> in (SessionPreferencesStore.java:0)
    - Method <click.kivvi.infrastructure.SessionPreferencesStore.storeTheme(jakarta.servlet.http.HttpSession, java.lang.String)> has return type <click.kivvi.domain.Theme> in (SessionPreferencesStore.java:0)
    - Method <click.kivvi.infrastructure.SessionPreferencesStore.theme(jakarta.servlet.http.HttpSession)> has return type <click.kivvi.domain.Theme> in (SessionPreferencesStore.java:0)
    - Method <click.kivvi.infrastructure.SessionPreferencesStore.theme(jakarta.servlet.http.HttpSession)> calls method <click.kivvi.domain.Theme.fromValueOrDefault(java.lang.String)> in (SessionPreferencesStore.java:24)
    - Method <click.kivvi.infrastructure.SessionPreferencesStore.sidebarState(jakarta.servlet.http.HttpSession)> calls method <click.kivvi.domain.SidebarState.fromValueOrDefault(java.lang.String)> in (SessionPreferencesStore.java:29)
    - Method <click.kivvi.infrastructure.SessionIdentityStore.current(jakarta.servlet.http.HttpSession)> calls method <click.kivvi.domain.Identity.derive(java.lang.String)> in (SessionIdentityStore.java:34)
    - Method <click.kivvi.infrastructure.SessionPreferencesStore.storeTheme(jakarta.servlet.http.HttpSession, java.lang.String)> calls method <click.kivvi.domain.Theme.fromValueOrDefault(java.lang.String)> in (SessionPreferencesStore.java:34)
    - Method <click.kivvi.infrastructure.SessionPreferencesStore.storeTheme(jakarta.servlet.http.HttpSession, java.lang.String)> calls method <click.kivvi.domain.Theme.value()> in (SessionPreferencesStore.java:35)
    - Method <click.kivvi.infrastructure.SessionPreferencesStore.storeSidebarState(jakarta.servlet.http.HttpSession, java.lang.String)> calls method <click.kivvi.domain.SidebarState.fromValueOrDefault(java.lang.String)> in (SessionPreferencesStore.java:40)
    - Method <click.kivvi.infrastructure.SessionPreferencesStore.storeSidebarState(jakarta.servlet.http.HttpSession, java.lang.String)> calls method <click.kivvi.domain.SidebarState.value()> in (SessionPreferencesStore.java:41)
  3. Dependencies of Slice domain
    - Field <click.kivvi.domain.probe.ProbeDomainToWeb.controller> has type <click.kivvi.web.EventsController> in (ProbeDomainToWeb.java:0)
  4. Dependencies of Slice web
    - Constructor <click.kivvi.web.AutomationsController.<init>(click.kivvi.application.AutomationsViewService)> has parameter of type <click.kivvi.application.AutomationsViewService> in (AutomationsController.java:0)
    - Constructor <click.kivvi.web.CampaignsController.<init>(click.kivvi.application.CampaignsViewService)> has parameter of type <click.kivvi.application.CampaignsViewService> in (CampaignsController.java:0)
    - Constructor <click.kivvi.web.CollectController.<init>(click.kivvi.application.tracking.EventIngestionService, tools.jackson.databind.ObjectMapper)> has parameter of type <click.kivvi.application.tracking.EventIngestionService> in (CollectController.java:0)
    - Constructor <click.kivvi.web.CustomersController.<init>(click.kivvi.application.CustomersViewService, click.kivvi.application.SpaDocumentService)> has parameter of type <click.kivvi.application.CustomersViewService> in (CustomersController.java:0)
    - Constructor <click.kivvi.web.CustomersController.<init>(click.kivvi.application.CustomersViewService, click.kivvi.application.SpaDocumentService)> has parameter of type <click.kivvi.application.SpaDocumentService> in (CustomersController.java:0)
    - Constructor <click.kivvi.web.EventsController.<init>(click.kivvi.application.EventsViewService)> has parameter of type <click.kivvi.application.EventsViewService> in (EventsController.java:0)
    - Constructor <click.kivvi.web.FeedsController.<init>(click.kivvi.application.FeedsViewService)> has parameter of type <click.kivvi.application.FeedsViewService> in (FeedsController.java:0)
    - Constructor <click.kivvi.web.LandingController.<init>(click.kivvi.application.LandingViewService)> has parameter of type <click.kivvi.application.LandingViewService> in (LandingController.java:0)
    - Constructor <click.kivvi.web.LoginController.<init>(click.kivvi.application.LoginService, click.kivvi.application.SpaDocumentService)> has parameter of type <click.kivvi.application.LoginService> in (LoginController.java:0)
    - Constructor <click.kivvi.web.LoginController.<init>(click.kivvi.application.LoginService, click.kivvi.application.SpaDocumentService)> has parameter of type <click.kivvi.application.SpaDocumentService> in (LoginController.java:0)
    - Constructor <click.kivvi.web.PreferencesController.<init>(click.kivvi.application.PreferencesService, tools.jackson.databind.ObjectMapper)> has parameter of type <click.kivvi.application.PreferencesService> in (PreferencesController.java:0)
    - Constructor <click.kivvi.web.SettingsController.<init>(click.kivvi.application.SettingsViewService, click.kivvi.application.SpaDocumentService)> has parameter of type <click.kivvi.application.SettingsViewService> in (SettingsController.java:0)
    - Constructor <click.kivvi.web.SettingsController.<init>(click.kivvi.application.SettingsViewService, click.kivvi.application.SpaDocumentService)> has parameter of type <click.kivvi.application.SpaDocumentService> in (SettingsController.java:0)
    - Constructor <click.kivvi.web.ShellController.<init>(click.kivvi.application.ShellViewService)> has parameter of type <click.kivvi.application.ShellViewService> in (ShellController.java:0)
    - Constructor <click.kivvi.web.SpaDocumentController.<init>(click.kivvi.application.SpaDocumentService)> has parameter of type <click.kivvi.application.SpaDocumentService> in (SpaDocumentController.java:0)
    - Field <click.kivvi.web.AutomationsController.automationsViewService> has type <click.kivvi.application.AutomationsViewService> in (AutomationsController.java:0)
    - Field <click.kivvi.web.CampaignsController.campaignsViewService> has type <click.kivvi.application.CampaignsViewService> in (CampaignsController.java:0)
    - Field <click.kivvi.web.CollectController.eventIngestionService> has type <click.kivvi.application.tracking.EventIngestionService> in (CollectController.java:0)
    - Field <click.kivvi.web.CustomersController.customersViewService> has type <click.kivvi.application.CustomersViewService> in (CustomersController.java:0)
    - Field <click.kivvi.web.CustomersController.spaDocumentService> has type <click.kivvi.application.SpaDocumentService> in (CustomersController.java:0)
    (214 further dependencies have been omitted...)
Cycle detected: Slice application -> 
                Slice infrastructure -> 
                Slice fixtures -> 
                Slice domain -> 
                Slice web -> 
                Slice application
  1. Dependencies of Slice application
    - Constructor <click.kivvi.application.LoginService.<init>(click.kivvi.infrastructure.SessionIdentityStore)> has parameter of type <click.kivvi.infrastructure.SessionIdentityStore> in (LoginService.java:0)
    - Constructor <click.kivvi.application.PreferencesService.<init>(click.kivvi.infrastructure.SessionPreferencesStore)> has parameter of type <click.kivvi.infrastructure.SessionPreferencesStore> in (PreferencesService.java:0)
    - Constructor <click.kivvi.application.ShellViewService.<init>(click.kivvi.infrastructure.SessionPreferencesStore, click.kivvi.infrastructure.SessionIdentityStore, click.kivvi.infrastructure.NavigationLabels)> has parameter of type <click.kivvi.infrastructure.NavigationLabels> in (ShellViewService.java:0)
    - Constructor <click.kivvi.application.ShellViewService.<init>(click.kivvi.infrastructure.SessionPreferencesStore, click.kivvi.infrastructure.SessionIdentityStore, click.kivvi.infrastructure.NavigationLabels)> has parameter of type <click.kivvi.infrastructure.SessionIdentityStore> in (ShellViewService.java:0)
    - Constructor <click.kivvi.application.ShellViewService.<init>(click.kivvi.infrastructure.SessionPreferencesStore, click.kivvi.infrastructure.SessionIdentityStore, click.kivvi.infrastructure.NavigationLabels)> has parameter of type <click.kivvi.infrastructure.SessionPreferencesStore> in (ShellViewService.java:0)
    - Constructor <click.kivvi.application.SpaDocumentService.<init>(click.kivvi.infrastructure.IndexHtmlTemplate, click.kivvi.infrastructure.SessionPreferencesStore)> has parameter of type <click.kivvi.infrastructure.IndexHtmlTemplate> in (SpaDocumentService.java:0)
    - Constructor <click.kivvi.application.SpaDocumentService.<init>(click.kivvi.infrastructure.IndexHtmlTemplate, click.kivvi.infrastructure.SessionPreferencesStore)> has parameter of type <click.kivvi.infrastructure.SessionPreferencesStore> in (SpaDocumentService.java:0)
    - Constructor <click.kivvi.application.tracking.EventIngestionService.<init>(click.kivvi.infrastructure.tracking.EventDedupLedger, click.kivvi.infrastructure.mercure.MercurePublisher, tools.jackson.databind.ObjectMapper)> has parameter of type <click.kivvi.infrastructure.mercure.MercurePublisher> in (EventIngestionService.java:0)
    - Constructor <click.kivvi.application.tracking.EventIngestionService.<init>(click.kivvi.infrastructure.tracking.EventDedupLedger, click.kivvi.infrastructure.mercure.MercurePublisher, tools.jackson.databind.ObjectMapper)> has parameter of type <click.kivvi.infrastructure.tracking.EventDedupLedger> in (EventIngestionService.java:0)
    - Field <click.kivvi.application.LoginService.identityStore> has type <click.kivvi.infrastructure.SessionIdentityStore> in (LoginService.java:0)
    - Field <click.kivvi.application.PreferencesService.store> has type <click.kivvi.infrastructure.SessionPreferencesStore> in (PreferencesService.java:0)
    - Field <click.kivvi.application.ShellViewService.identity> has type <click.kivvi.infrastructure.SessionIdentityStore> in (ShellViewService.java:0)
    - Field <click.kivvi.application.ShellViewService.labels> has type <click.kivvi.infrastructure.NavigationLabels> in (ShellViewService.java:0)
    - Field <click.kivvi.application.ShellViewService.preferences> has type <click.kivvi.infrastructure.SessionPreferencesStore> in (ShellViewService.java:0)
    - Field <click.kivvi.application.SpaDocumentService.preferences> has type <click.kivvi.infrastructure.SessionPreferencesStore> in (SpaDocumentService.java:0)
    - Field <click.kivvi.application.SpaDocumentService.template> has type <click.kivvi.infrastructure.IndexHtmlTemplate> in (SpaDocumentService.java:0)
    - Field <click.kivvi.application.tracking.EventIngestionService.dedupStore> has type <click.kivvi.infrastructure.tracking.EventDedupLedger> in (EventIngestionService.java:0)
    - Field <click.kivvi.application.tracking.EventIngestionService.publisher> has type <click.kivvi.infrastructure.mercure.MercurePublisher> in (EventIngestionService.java:0)
    - Method <click.kivvi.application.PreferencesService.applyTheme(jakarta.servlet.http.HttpSession, java.lang.String)> calls method <click.kivvi.infrastructure.SessionPreferencesStore.storeTheme(jakarta.servlet.http.HttpSession, java.lang.String)> in (PreferencesService.java:23)
    - Method <click.kivvi.application.PreferencesService.applySidebar(jakarta.servlet.http.HttpSession, java.lang.String)> calls method <click.kivvi.infrastructure.SessionPreferencesStore.storeSidebarState(jakarta.servlet.http.HttpSession, java.lang.String)> in (PreferencesService.java:27)
    (13 further dependencies have been omitted...)
  2. Dependencies of Slice infrastructure
    - Method <click.kivvi.infrastructure.SessionIdentityStore.current(jakarta.servlet.http.HttpSession)> gets field <click.kivvi.fixtures.ShellFixtures.DEFAULT_IDENTITY> in (SessionIdentityStore.java:36)
  3. Dependencies of Slice fixtures
    - Field <click.kivvi.fixtures.ShellFixtures.DEFAULT_IDENTITY> has type <click.kivvi.domain.Identity> in (ShellFixtures.java:0)
    - Static Initializer <click.kivvi.fixtures.ShellFixtures.<clinit>()> calls constructor <click.kivvi.domain.Identity.<init>(java.lang.String, java.lang.String)> in (ShellFixtures.java:16)
    - Static Initializer <click.kivvi.fixtures.FeedsFixtures.<clinit>()> calls method <click.kivvi.domain.Format.number(double)> in (FeedsFixtures.java:53)
    - Static Initializer <click.kivvi.fixtures.FeedsFixtures.<clinit>()> calls method <click.kivvi.domain.Format.money(double)> in (FeedsFixtures.java:57)
    - Method <click.kivvi.fixtures.CustomersFixtures.profile(int)> calls method <click.kivvi.domain.Format.initials(java.lang.String)> in (CustomersFixtures.java:82)
    - Static Initializer <click.kivvi.fixtures.SettingsFixtures.<clinit>()> calls method <click.kivvi.domain.Format.number(double)> in (SettingsFixtures.java:113)
    - Static Initializer <click.kivvi.fixtures.SettingsFixtures.<clinit>()> calls method <click.kivvi.domain.Format.number(double)> in (SettingsFixtures.java:114)
    - Static Initializer <click.kivvi.fixtures.SettingsFixtures.<clinit>()> calls method <click.kivvi.domain.Format.number(double)> in (SettingsFixtures.java:115)
    - Method <click.kivvi.fixtures.LandingFixtures.previewTiles()> calls method <click.kivvi.domain.Format.number(double)> in (LandingFixtures.java:144)
    - Method <click.kivvi.fixtures.LandingFixtures.previewTiles()> calls method <click.kivvi.domain.Format.number(double)> in (LandingFixtures.java:145)
    - Static Initializer <click.kivvi.fixtures.SettingsFixtures.<clinit>()> calls method <click.kivvi.domain.Format.number(double)> in (SettingsFixtures.java:172)
    - Static Initializer <click.kivvi.fixtures.SettingsFixtures.<clinit>()> calls method <click.kivvi.domain.Format.number(double)> in (SettingsFixtures.java:182)
  4. Dependencies of Slice domain
    - Field <click.kivvi.domain.probe.ProbeDomainToWeb.controller> has type <click.kivvi.web.EventsController> in (ProbeDomainToWeb.java:0)
  5. Dependencies of Slice web
    - Constructor <click.kivvi.web.AutomationsController.<init>(click.kivvi.application.AutomationsViewService)> has parameter of type <click.kivvi.application.AutomationsViewService> in (AutomationsController.java:0)
    - Constructor <click.kivvi.web.CampaignsController.<init>(click.kivvi.application.CampaignsViewService)> has parameter of type <click.kivvi.application.CampaignsViewService> in (CampaignsController.java:0)
    - Constructor <click.kivvi.web.CollectController.<init>(click.kivvi.application.tracking.EventIngestionService, tools.jackson.databind.ObjectMapper)> has parameter of type <click.kivvi.application.tracking.EventIngestionService> in (CollectController.java:0)
    - Constructor <click.kivvi.web.CustomersController.<init>(click.kivvi.application.CustomersViewService, click.kivvi.application.SpaDocumentService)> has parameter of type <click.kivvi.application.CustomersViewService> in (CustomersController.java:0)
    - Constructor <click.kivvi.web.CustomersController.<init>(click.kivvi.application.CustomersViewService, click.kivvi.application.SpaDocumentService)> has parameter of type <click.kivvi.application.SpaDocumentService> in (CustomersController.java:0)
    - Constructor <click.kivvi.web.EventsController.<init>(click.kivvi.application.EventsViewService)> has parameter of type <click.kivvi.application.EventsViewService> in (EventsController.java:0)
    - Constructor <click.kivvi.web.FeedsController.<init>(click.kivvi.application.FeedsViewService)> has parameter of type <click.kivvi.application.FeedsViewService> in (FeedsController.java:0)
    - Constructor <click.kivvi.web.LandingController.<init>(click.kivvi.application.LandingViewService)> has parameter of type <click.kivvi.application.LandingViewService> in (LandingController.java:0)
    - Constructor <click.kivvi.web.LoginController.<init>(click.kivvi.application.LoginService, click.kivvi.application.SpaDocumentService)> has parameter of type <click.kivvi.application.LoginService> in (LoginController.java:0)
    - Constructor <click.kivvi.web.LoginController.<init>(click.kivvi.application.LoginService, click.kivvi.application.SpaDocumentService)> has parameter of type <click.kivvi.application.SpaDocumentService> in (LoginController.java:0)
    - Constructor <click.kivvi.web.PreferencesController.<init>(click.kivvi.application.PreferencesService, tools.jackson.databind.ObjectMapper)> has parameter of type <click.kivvi.application.PreferencesService> in (PreferencesController.java:0)
    - Constructor <click.kivvi.web.SettingsController.<init>(click.kivvi.application.SettingsViewService, click.kivvi.application.SpaDocumentService)> has parameter of type <click.kivvi.application.SettingsViewService> in (SettingsController.java:0)
    - Constructor <click.kivvi.web.SettingsController.<init>(click.kivvi.application.SettingsViewService, click.kivvi.application.SpaDocumentService)> has parameter of type <click.kivvi.application.SpaDocumentService> in (SettingsController.java:0)
    - Constructor <click.kivvi.web.ShellController.<init>(click.kivvi.application.ShellViewService)> has parameter of type <click.kivvi.application.ShellViewService> in (ShellController.java:0)
    - Constructor <click.kivvi.web.SpaDocumentController.<init>(click.kivvi.application.SpaDocumentService)> has parameter of type <click.kivvi.application.SpaDocumentService> in (SpaDocumentController.java:0)
    - Field <click.kivvi.web.AutomationsController.automationsViewService> has type <click.kivvi.application.AutomationsViewService> in (AutomationsController.java:0)
    - Field <click.kivvi.web.CampaignsController.campaignsViewService> has type <click.kivvi.application.CampaignsViewService> in (CampaignsController.java:0)
    - Field <click.kivvi.web.CollectController.eventIngestionService> has type <click.kivvi.application.tracking.EventIngestionService> in (CollectController.java:0)
    - Field <click.kivvi.web.CustomersController.customersViewService> has type <click.kivvi.application.CustomersViewService> in (CustomersController.java:0)
    - Field <click.kivvi.web.CustomersController.spaDocumentService> has type <click.kivvi.application.SpaDocumentService> in (CustomersController.java:0)
    (214 further dependencies have been omitted...)
Cycle detected: Slice domain -> 
                Slice web -> 
                Slice domain
  1. Dependencies of Slice domain
    - Field <click.kivvi.domain.probe.ProbeDomainToWeb.controller> has type <click.kivvi.web.EventsController> in (ProbeDomainToWeb.java:0)
  2. Dependencies of Slice web
    - Method <click.kivvi.web.FeedsController.feeds(java.lang.String)> calls method <click.kivvi.domain.SupportedLocale.fromCode(java.lang.String)> in (FeedsController.java:28)
    - Method <click.kivvi.web.EventsController.events(java.lang.String, java.lang.String, java.lang.String, java.lang.String)> calls method <click.kivvi.domain.SupportedLocale.fromCode(java.lang.String)> in (EventsController.java:30)
    - Method <click.kivvi.web.LandingController.landing(java.lang.String)> calls method <click.kivvi.domain.SupportedLocale.fromCode(java.lang.String)> in (LandingController.java:30)
    - Method <click.kivvi.web.ShellController.shell(java.lang.String, java.lang.String, jakarta.servlet.http.HttpServletRequest)> calls method <click.kivvi.domain.SupportedLocale.fromCode(java.lang.String)> in (ShellController.java:32)
    - Method <click.kivvi.web.AutomationsController.list(java.lang.String, java.lang.String)> calls method <click.kivvi.domain.SupportedLocale.fromCode(java.lang.String)> in (AutomationsController.java:34)
    - Method <click.kivvi.web.CampaignsController.campaigns(java.lang.String, java.lang.String)> calls method <click.kivvi.domain.SupportedLocale.fromCode(java.lang.String)> in (CampaignsController.java:35)
    - Method <click.kivvi.web.LandingController.demo(java.lang.String)> calls method <click.kivvi.domain.SupportedLocale.fromCode(java.lang.String)> in (LandingController.java:36)
    - Method <click.kivvi.web.PreferencesController.theme(jakarta.servlet.http.HttpServletRequest, jakarta.servlet.http.HttpSession)> calls method <click.kivvi.domain.Theme.value()> in (PreferencesController.java:36)
    - Method <click.kivvi.web.LandingController.demo(java.lang.String)> calls method <click.kivvi.domain.SupportedLocale.code()> in (LandingController.java:38)
    - Method <click.kivvi.web.CollectController.collect(jakarta.servlet.http.HttpServletRequest)> calls method <click.kivvi.domain.tracking.TrackedEvent.fromPayload(java.util.Map)> in (CollectController.java:41)
    - Method <click.kivvi.web.CollectController.collect(jakarta.servlet.http.HttpServletRequest)> catches type <click.kivvi.domain.tracking.InvalidEventPayload> in (CollectController.java:41)
    - Method <click.kivvi.web.PreferencesController.sidebar(jakarta.servlet.http.HttpServletRequest, jakarta.servlet.http.HttpSession)> calls method <click.kivvi.domain.SidebarState.value()> in (PreferencesController.java:43)
    - Method <click.kivvi.web.SpaDocumentController.document(jakarta.servlet.http.HttpServletRequest)> calls method <click.kivvi.domain.RouteTable.match(java.lang.String)> in (SpaDocumentController.java:45)
    - Method <click.kivvi.web.AutomationsController.editor(java.lang.String, java.lang.String, java.lang.String)> calls method <click.kivvi.domain.SupportedLocale.fromCode(java.lang.String)> in (AutomationsController.java:46)
    - Method <click.kivvi.web.CampaignsController.email(java.lang.String, java.lang.String)> calls method <click.kivvi.domain.SupportedLocale.fromCode(java.lang.String)> in (CampaignsController.java:46)
    - Method <click.kivvi.web.LoginController.login(java.lang.String, java.lang.String, jakarta.servlet.http.HttpServletRequest)> calls method <click.kivvi.domain.SupportedLocale.fromCode(java.lang.String)> in (LoginController.java:46)
    - Method <click.kivvi.web.CollectController.collect(jakarta.servlet.http.HttpServletRequest)> calls method <click.kivvi.domain.tracking.InvalidEventPayload.getMessage()> in (CollectController.java:48)
    - Method <click.kivvi.web.LoginController.login(java.lang.String, java.lang.String, jakarta.servlet.http.HttpServletRequest)> calls method <click.kivvi.domain.SupportedLocale.code()> in (LoginController.java:51)
    - Method <click.kivvi.web.SpaDocumentController.document(jakarta.servlet.http.HttpServletRequest)> calls method <click.kivvi.domain.RouteTable$Match.locale()> in (SpaDocumentController.java:52)
    - Method <click.kivvi.web.CustomersController.list(java.lang.String, int)> calls method <click.kivvi.domain.SupportedLocale.fromCode(java.lang.String)> in (CustomersController.java:57)
    (10 further dependencies have been omitted...)
Cycle detected: Slice domain -> 
                Slice web -> 
                Slice fixtures -> 
                Slice domain
  1. Dependencies of Slice domain
    - Field <click.kivvi.domain.probe.ProbeDomainToWeb.controller> has type <click.kivvi.web.EventsController> in (ProbeDomainToWeb.java:0)
  2. Dependencies of Slice web
    - Method <click.kivvi.web.AutomationsController.toAutomation(click.kivvi.fixtures.AutomationsFixtures$Header)> has parameter of type <click.kivvi.fixtures.AutomationsFixtures$Header> in (AutomationsController.java:0)
    - Method <click.kivvi.web.AutomationsController.toEdge(click.kivvi.fixtures.AutomationsFixtures$Edge)> has parameter of type <click.kivvi.fixtures.AutomationsFixtures$Edge> in (AutomationsController.java:0)
    - Method <click.kivvi.web.AutomationsController.toNode(click.kivvi.fixtures.AutomationsFixtures$FlowNode)> has parameter of type <click.kivvi.fixtures.AutomationsFixtures$FlowNode> in (AutomationsController.java:0)
    - Method <click.kivvi.web.AutomationsController.toSimulationItem(click.kivvi.fixtures.AutomationsFixtures$SimulationItem)> has parameter of type <click.kivvi.fixtures.AutomationsFixtures$SimulationItem> in (AutomationsController.java:0)
    - Method <click.kivvi.web.AutomationsController.toStep(click.kivvi.fixtures.AutomationsFixtures$PipelineStep)> has parameter of type <click.kivvi.fixtures.AutomationsFixtures$PipelineStep> in (AutomationsController.java:0)
    - Method <click.kivvi.web.AutomationsController.toTab(click.kivvi.fixtures.AutomationsFixtures$EditorTab)> has parameter of type <click.kivvi.fixtures.AutomationsFixtures$EditorTab> in (AutomationsController.java:0)
    - Method <click.kivvi.web.CampaignsController.toBlock(click.kivvi.fixtures.CampaignsFixtures$Block)> has parameter of type <click.kivvi.fixtures.CampaignsFixtures$Block> in (CampaignsController.java:0)
    - Method <click.kivvi.web.CampaignsController.toProduct(click.kivvi.fixtures.CampaignsFixtures$Product)> has parameter of type <click.kivvi.fixtures.CampaignsFixtures$Product> in (CampaignsController.java:0)
    - Method <click.kivvi.web.CampaignsController.toSection(click.kivvi.fixtures.CampaignsFixtures$Section)> has parameter of type <click.kivvi.fixtures.CampaignsFixtures$Section> in (CampaignsController.java:0)
    - Method <click.kivvi.web.CampaignsController.toSelectedBlock(click.kivvi.fixtures.CampaignsFixtures$SelectedBlock)> has parameter of type <click.kivvi.fixtures.CampaignsFixtures$SelectedBlock> in (CampaignsController.java:0)
    - Method <click.kivvi.web.CampaignsController.toVariable(click.kivvi.fixtures.CampaignsFixtures$Variable)> has parameter of type <click.kivvi.fixtures.CampaignsFixtures$Variable> in (CampaignsController.java:0)
    - Method <click.kivvi.web.CustomersController.toAutomation(click.kivvi.fixtures.AutomationsFixtures$ActiveAutomation)> has parameter of type <click.kivvi.fixtures.AutomationsFixtures$ActiveAutomation> in (CustomersController.java:0)
    - Method <click.kivvi.web.FeedsController.toCoverageBar(click.kivvi.fixtures.FeedsFixtures$CoverageBar)> has parameter of type <click.kivvi.fixtures.FeedsFixtures$CoverageBar> in (FeedsController.java:0)
    - Method <click.kivvi.web.FeedsController.toFallbackRule(click.kivvi.fixtures.FeedsFixtures$FallbackRule)> has parameter of type <click.kivvi.fixtures.FeedsFixtures$FallbackRule> in (FeedsController.java:0)
    - Method <click.kivvi.web.FeedsController.toKpi(click.kivvi.fixtures.FeedsFixtures$Kpi)> has parameter of type <click.kivvi.fixtures.FeedsFixtures$Kpi> in (FeedsController.java:0)
    - Method <click.kivvi.web.FeedsController.toSource(click.kivvi.fixtures.FeedsFixtures$Source)> has parameter of type <click.kivvi.fixtures.FeedsFixtures$Source> in (FeedsController.java:0)
    - Method <click.kivvi.web.SettingsController.toApiKey(click.kivvi.fixtures.SettingsFixtures$ApiKey)> has parameter of type <click.kivvi.fixtures.SettingsFixtures$ApiKey> in (SettingsController.java:0)
    - Method <click.kivvi.web.SettingsController.toBar(click.kivvi.fixtures.SettingsFixtures$Bar)> has parameter of type <click.kivvi.fixtures.SettingsFixtures$Bar> in (SettingsController.java:0)
    - Method <click.kivvi.web.SettingsController.toDataSubjectRequest(click.kivvi.fixtures.SettingsFixtures$DataSubjectRequest)> has parameter of type <click.kivvi.fixtures.SettingsFixtures$DataSubjectRequest> in (SettingsController.java:0)
    - Method <click.kivvi.web.SettingsController.toDnsRecord(click.kivvi.fixtures.SettingsFixtures$DnsRecord)> has parameter of type <click.kivvi.fixtures.SettingsFixtures$DnsRecord> in (SettingsController.java:0)
    (155 further dependencies have been omitted...)
  3. Dependencies of Slice fixtures
    - Field <click.kivvi.fixtures.ShellFixtures.DEFAULT_IDENTITY> has type <click.kivvi.domain.Identity> in (ShellFixtures.java:0)
    - Static Initializer <click.kivvi.fixtures.ShellFixtures.<clinit>()> calls constructor <click.kivvi.domain.Identity.<init>(java.lang.String, java.lang.String)> in (ShellFixtures.java:16)
    - Static Initializer <click.kivvi.fixtures.FeedsFixtures.<clinit>()> calls method <click.kivvi.domain.Format.number(double)> in (FeedsFixtures.java:53)
    - Static Initializer <click.kivvi.fixtures.FeedsFixtures.<clinit>()> calls method <click.kivvi.domain.Format.money(double)> in (FeedsFixtures.java:57)
    - Method <click.kivvi.fixtures.CustomersFixtures.profile(int)> calls method <click.kivvi.domain.Format.initials(java.lang.String)> in (CustomersFixtures.java:82)
    - Static Initializer <click.kivvi.fixtures.SettingsFixtures.<clinit>()> calls method <click.kivvi.domain.Format.number(double)> in (SettingsFixtures.java:113)
    - Static Initializer <click.kivvi.fixtures.SettingsFixtures.<clinit>()> calls method <click.kivvi.domain.Format.number(double)> in (SettingsFixtures.java:114)
    - Static Initializer <click.kivvi.fixtures.SettingsFixtures.<clinit>()> calls method <click.kivvi.domain.Format.number(double)> in (SettingsFixtures.java:115)
    - Method <click.kivvi.fixtures.LandingFixtures.previewTiles()> calls method <click.kivvi.domain.Format.number(double)> in (LandingFixtures.java:144)
    - Method <click.kivvi.fixtures.LandingFixtures.previewTiles()> calls method <click.kivvi.domain.Format.number(double)> in (LandingFixtures.java:145)
    - Static Initializer <click.kivvi.fixtures.SettingsFixtures.<clinit>()> calls method <click.kivvi.domain.Format.number(double)> in (SettingsFixtures.java:172)
    - Static Initializer <click.kivvi.fixtures.SettingsFixtures.<clinit>()> calls method <click.kivvi.domain.Format.number(double)> in (SettingsFixtures.java:182)
Cycle detected: Slice domain -> 
                Slice web -> 
                Slice infrastructure -> 
                Slice domain
  1. Dependencies of Slice domain
    - Field <click.kivvi.domain.probe.ProbeDomainToWeb.controller> has type <click.kivvi.web.EventsController> in (ProbeDomainToWeb.java:0)
  2. Dependencies of Slice web
    - Method <click.kivvi.web.probe.ProbeWebToInfrastructure.create()> has return type <click.kivvi.infrastructure.session.SessionRequestSerializationFilter> in (ProbeWebToInfrastructure.java:0)
    - Method <click.kivvi.web.probe.ProbeWebToMercurePublisher.probe(click.kivvi.infrastructure.mercure.MercurePublisher)> has parameter of type <click.kivvi.infrastructure.mercure.MercurePublisher> in (ProbeWebToMercurePublisher.java:0)
    - Method <click.kivvi.web.probe.ProbeWebToInfrastructure.create()> calls constructor <click.kivvi.infrastructure.session.SessionRequestSerializationFilter.<init>(click.kivvi.infrastructure.session.SessionLockRegistry, long, long, boolean, java.lang.String)> in (ProbeWebToInfrastructure.java:8)
    - Method <click.kivvi.web.probe.ProbeWebToMercurePublisher.probe(click.kivvi.infrastructure.mercure.MercurePublisher)> calls method <click.kivvi.infrastructure.mercure.MercurePublisher.publish(java.lang.String, java.lang.String)> in (ProbeWebToMercurePublisher.java:8)
  3. Dependencies of Slice infrastructure
    - Method <click.kivvi.infrastructure.SessionIdentityStore.current(jakarta.servlet.http.HttpSession)> has return type <click.kivvi.domain.Identity> in (SessionIdentityStore.java:0)
    - Method <click.kivvi.infrastructure.SessionPreferencesStore.sidebarState(jakarta.servlet.http.HttpSession)> has return type <click.kivvi.domain.SidebarState> in (SessionPreferencesStore.java:0)
    - Method <click.kivvi.infrastructure.SessionPreferencesStore.storeSidebarState(jakarta.servlet.http.HttpSession, java.lang.String)> has return type <click.kivvi.domain.SidebarState> in (SessionPreferencesStore.java:0)
    - Method <click.kivvi.infrastructure.SessionPreferencesStore.storeTheme(jakarta.servlet.http.HttpSession, java.lang.String)> has return type <click.kivvi.domain.Theme> in (SessionPreferencesStore.java:0)
    - Method <click.kivvi.infrastructure.SessionPreferencesStore.theme(jakarta.servlet.http.HttpSession)> has return type <click.kivvi.domain.Theme> in (SessionPreferencesStore.java:0)
    - Method <click.kivvi.infrastructure.SessionPreferencesStore.theme(jakarta.servlet.http.HttpSession)> calls method <click.kivvi.domain.Theme.fromValueOrDefault(java.lang.String)> in (SessionPreferencesStore.java:24)
    - Method <click.kivvi.infrastructure.SessionPreferencesStore.sidebarState(jakarta.servlet.http.HttpSession)> calls method <click.kivvi.domain.SidebarState.fromValueOrDefault(java.lang.String)> in (SessionPreferencesStore.java:29)
    - Method <click.kivvi.infrastructure.SessionIdentityStore.current(jakarta.servlet.http.HttpSession)> calls method <click.kivvi.domain.Identity.derive(java.lang.String)> in (SessionIdentityStore.java:34)
    - Method <click.kivvi.infrastructure.SessionPreferencesStore.storeTheme(jakarta.servlet.http.HttpSession, java.lang.String)> calls method <click.kivvi.domain.Theme.fromValueOrDefault(java.lang.String)> in (SessionPreferencesStore.java:34)
    - Method <click.kivvi.infrastructure.SessionPreferencesStore.storeTheme(jakarta.servlet.http.HttpSession, java.lang.String)> calls method <click.kivvi.domain.Theme.value()> in (SessionPreferencesStore.java:35)
    - Method <click.kivvi.infrastructure.SessionPreferencesStore.storeSidebarState(jakarta.servlet.http.HttpSession, java.lang.String)> calls method <click.kivvi.domain.SidebarState.fromValueOrDefault(java.lang.String)> in (SessionPreferencesStore.java:40)
    - Method <click.kivvi.infrastructure.SessionPreferencesStore.storeSidebarState(jakarta.servlet.http.HttpSession, java.lang.String)> calls method <click.kivvi.domain.SidebarState.value()> in (SessionPreferencesStore.java:41)
Cycle detected: Slice domain -> 
                Slice web -> 
                Slice infrastructure -> 
                Slice fixtures -> 
                Slice domain
  1. Dependencies of Slice domain
    - Field <click.kivvi.domain.probe.ProbeDomainToWeb.controller> has type <click.kivvi.web.EventsController> in (ProbeDomainToWeb.java:0)
  2. Dependencies of Slice web
    - Method <click.kivvi.web.probe.ProbeWebToInfrastructure.create()> has return type <click.kivvi.infrastructure.session.SessionRequestSerializationFilter> in (ProbeWebToInfrastructure.java:0)
    - Method <click.kivvi.web.probe.ProbeWebToMercurePublisher.probe(click.kivvi.infrastructure.mercure.MercurePublisher)> has parameter of type <click.kivvi.infrastructure.mercure.MercurePublisher> in (ProbeWebToMercurePublisher.java:0)
    - Method <click.kivvi.web.probe.ProbeWebToInfrastructure.create()> calls constructor <click.kivvi.infrastructure.session.SessionRequestSerializationFilter.<init>(click.kivvi.infrastructure.session.SessionLockRegistry, long, long, boolean, java.lang.String)> in (ProbeWebToInfrastructure.java:8)
    - Method <click.kivvi.web.probe.ProbeWebToMercurePublisher.probe(click.kivvi.infrastructure.mercure.MercurePublisher)> calls method <click.kivvi.infrastructure.mercure.MercurePublisher.publish(java.lang.String, java.lang.String)> in (ProbeWebToMercurePublisher.java:8)
  3. Dependencies of Slice infrastructure
    - Method <click.kivvi.infrastructure.SessionIdentityStore.current(jakarta.servlet.http.HttpSession)> gets field <click.kivvi.fixtures.ShellFixtures.DEFAULT_IDENTITY> in (SessionIdentityStore.java:36)
  4. Dependencies of Slice fixtures
    - Field <click.kivvi.fixtures.ShellFixtures.DEFAULT_IDENTITY> has type <click.kivvi.domain.Identity> in (ShellFixtures.java:0)
    - Static Initializer <click.kivvi.fixtures.ShellFixtures.<clinit>()> calls constructor <click.kivvi.domain.Identity.<init>(java.lang.String, java.lang.String)> in (ShellFixtures.java:16)
    - Static Initializer <click.kivvi.fixtures.FeedsFixtures.<clinit>()> calls method <click.kivvi.domain.Format.number(double)> in (FeedsFixtures.java:53)
    - Static Initializer <click.kivvi.fixtures.FeedsFixtures.<clinit>()> calls method <click.kivvi.domain.Format.money(double)> in (FeedsFixtures.java:57)
    - Method <click.kivvi.fixtures.CustomersFixtures.profile(int)> calls method <click.kivvi.domain.Format.initials(java.lang.String)> in (CustomersFixtures.java:82)
    - Static Initializer <click.kivvi.fixtures.SettingsFixtures.<clinit>()> calls method <click.kivvi.domain.Format.number(double)> in (SettingsFixtures.java:113)
    - Static Initializer <click.kivvi.fixtures.SettingsFixtures.<clinit>()> calls method <click.kivvi.domain.Format.number(double)> in (SettingsFixtures.java:114)
    - Static Initializer <click.kivvi.fixtures.SettingsFixtures.<clinit>()> calls method <click.kivvi.domain.Format.number(double)> in (SettingsFixtures.java:115)
    - Method <click.kivvi.fixtures.LandingFixtures.previewTiles()> calls method <click.kivvi.domain.Format.number(double)> in (LandingFixtures.java:144)
    - Method <click.kivvi.fixtures.LandingFixtures.previewTiles()> calls method <click.kivvi.domain.Format.number(double)> in (LandingFixtures.java:145)
    - Static Initializer <click.kivvi.fixtures.SettingsFixtures.<clinit>()> calls method <click.kivvi.domain.Format.number(double)> in (SettingsFixtures.java:172)
    - Static Initializer <click.kivvi.fixtures.SettingsFixtures.<clinit>()> calls method <click.kivvi.domain.Format.number(double)> in (SettingsFixtures.java:182)
	at com.tngtech.archunit.lang.ArchRule$Assertions.assertNoViolation(ArchRule.java:94)
	at com.tngtech.archunit.lang.ArchRule$Assertions.check(ArchRule.java:86)
	at com.tngtech.archunit.lang.ArchRule$Factory$SimpleArchRule.check(ArchRule.java:165)
	at com.tngtech.archunit.lang.syntax.ObjectsShouldInternal.check(ObjectsShouldInternal.java:81)
	at com.tngtech.archunit.library.dependencies.SliceRule.check(SliceRule.java:81)
	at click.kivvi.architecture.ArchitectureTest.topLevelPackagesFormNoCycle(ArchitectureTest.java:74)

[ERROR] click.kivvi.architecture.ArchitectureTest.accountsTopicLiteralExistsOnlyInEventStreamTopic -- Time elapsed: 0.060 s <<< FAILURE!
org.opentest4j.AssertionFailedError: 

Expecting actual:
  ["src/main/java/click/kivvi/domain/tracking/EventStreamTopic.java",
    "src/main/java/click/kivvi/application/probe/ProbeAccountsLiteral.java"]
to contain exactly (and in same order):
  ["src/main/java/click/kivvi/domain/tracking/EventStreamTopic.java"]
but some elements were not expected:
  ["src/main/java/click/kivvi/application/probe/ProbeAccountsLiteral.java"]

	at click.kivvi.architecture.ArchitectureTest.accountsTopicLiteralExistsOnlyInEventStreamTopic(ArchitectureTest.java:115)

[ERROR] click.kivvi.architecture.ArchitectureTest.infrastructureIsOnlyUsedFromApplication -- Time elapsed: 0.011 s <<< FAILURE!
java.lang.AssertionError: 
Architecture Violation [Priority: MEDIUM] - Rule 'classes that reside in a package '..infrastructure..' should only be accessed by any package ['..infrastructure..', '..application..']' was violated (2 times):
Method <click.kivvi.web.probe.ProbeWebToInfrastructure.create()> calls constructor <click.kivvi.infrastructure.session.SessionRequestSerializationFilter.<init>(click.kivvi.infrastructure.session.SessionLockRegistry, long, long, boolean, java.lang.String)> in (ProbeWebToInfrastructure.java:8)
Method <click.kivvi.web.probe.ProbeWebToMercurePublisher.probe(click.kivvi.infrastructure.mercure.MercurePublisher)> calls method <click.kivvi.infrastructure.mercure.MercurePublisher.publish(java.lang.String, java.lang.String)> in (ProbeWebToMercurePublisher.java:8)
	at com.tngtech.archunit.lang.ArchRule$Assertions.assertNoViolation(ArchRule.java:94)
	at com.tngtech.archunit.lang.ArchRule$Assertions.check(ArchRule.java:86)
	at com.tngtech.archunit.lang.ArchRule$Factory$SimpleArchRule.check(ArchRule.java:165)
	at com.tngtech.archunit.lang.syntax.ObjectsShouldInternal.check(ObjectsShouldInternal.java:81)
	at click.kivvi.architecture.ArchitectureTest.infrastructureIsOnlyUsedFromApplication(ArchitectureTest.java:66)

[ERROR] click.kivvi.architecture.ArchitectureTest.onlyTrackingApplicationAndMercureInfrastructureDependOnThePublisher -- Time elapsed: 0.004 s <<< FAILURE!
java.lang.AssertionError: 
Architecture Violation [Priority: MEDIUM] - Rule 'classes that have simple name 'MercurePublisher' or have simple name 'HttpMercurePublisher' should only be accessed by any package ['click.kivvi.application.tracking..', 'click.kivvi.infrastructure.mercure..']' was violated (1 times):
Method <click.kivvi.web.probe.ProbeWebToMercurePublisher.probe(click.kivvi.infrastructure.mercure.MercurePublisher)> calls method <click.kivvi.infrastructure.mercure.MercurePublisher.publish(java.lang.String, java.lang.String)> in (ProbeWebToMercurePublisher.java:8)
	at com.tngtech.archunit.lang.ArchRule$Assertions.assertNoViolation(ArchRule.java:94)
	at com.tngtech.archunit.lang.ArchRule$Assertions.check(ArchRule.java:86)
	at com.tngtech.archunit.lang.ArchRule$Factory$SimpleArchRule.check(ArchRule.java:165)
	at com.tngtech.archunit.lang.syntax.ObjectsShouldInternal.check(ObjectsShouldInternal.java:81)
	at click.kivvi.architecture.ArchitectureTest.onlyTrackingApplicationAndMercureInfrastructureDependOnThePublisher(ArchitectureTest.java:92)

[ERROR] Failures: 
[ERROR]   ArchitectureTest.accountsTopicLiteralExistsOnlyInEventStreamTopic:115 
Expecting actual:
  ["src/main/java/click/kivvi/domain/tracking/EventStreamTopic.java",
    "src/main/java/click/kivvi/application/probe/ProbeAccountsLiteral.java"]
to contain exactly (and in same order):
  ["src/main/java/click/kivvi/domain/tracking/EventStreamTopic.java"]
but some elements were not expected:
  ["src/main/java/click/kivvi/application/probe/ProbeAccountsLiteral.java"]

[ERROR]   ArchitectureTest.domainDoesNotDependOnWeb:53 Architecture Violation [Priority: MEDIUM] - Rule 'no classes that reside in a package '..domain..' should depend on classes that reside in a package '..web..'' was violated (1 times):
Field <click.kivvi.domain.probe.ProbeDomainToWeb.controller> has type <click.kivvi.web.EventsController> in (ProbeDomainToWeb.java:0)
[ERROR]   ArchitectureTest.infrastructureIsOnlyUsedFromApplication:66 Architecture Violation [Priority: MEDIUM] - Rule 'classes that reside in a package '..infrastructure..' should only be accessed by any package ['..infrastructure..', '..application..']' was violated (2 times):
Method <click.kivvi.web.probe.ProbeWebToInfrastructure.create()> calls constructor <click.kivvi.infrastructure.session.SessionRequestSerializationFilter.<init>(click.kivvi.infrastructure.session.SessionLockRegistry, long, long, boolean, java.lang.String)> in (ProbeWebToInfrastructure.java:8)
Method <click.kivvi.web.probe.ProbeWebToMercurePublisher.probe(click.kivvi.infrastructure.mercure.MercurePublisher)> calls method <click.kivvi.infrastructure.mercure.MercurePublisher.publish(java.lang.String, java.lang.String)> in (ProbeWebToMercurePublisher.java:8)
[ERROR]   ArchitectureTest.onlyTrackingApplicationAndMercureInfrastructureDependOnThePublisher:92 Architecture Violation [Priority: MEDIUM] - Rule 'classes that have simple name 'MercurePublisher' or have simple name 'HttpMercurePublisher' should only be accessed by any package ['click.kivvi.application.tracking..', 'click.kivvi.infrastructure.mercure..']' was violated (1 times):
Method <click.kivvi.web.probe.ProbeWebToMercurePublisher.probe(click.kivvi.infrastructure.mercure.MercurePublisher)> calls method <click.kivvi.infrastructure.mercure.MercurePublisher.publish(java.lang.String, java.lang.String)> in (ProbeWebToMercurePublisher.java:8)
[ERROR]   ArchitectureTest.topLevelPackagesFormNoCycle:74 Architecture Violation [Priority: MEDIUM] - Rule 'slices matching 'click.kivvi.(*)..' should be free of cycles' was violated (8 times):
Cycle detected: Slice application -> 
                Slice domain -> 
                Slice web -> 
                Slice application
  1. Dependencies of Slice application
    - Method <click.kivvi.application.EventsViewService.allLabel(click.kivvi.domain.SupportedLocale)> has parameter of type <click.kivvi.domain.SupportedLocale> in (EventsViewService.java:0)
    - Method <click.kivvi.application.EventsViewService.build(click.kivvi.domain.SupportedLocale, java.lang.String, java.lang.String, java.lang.String)> has parameter of type <click.kivvi.domain.SupportedLocale> in (EventsViewService.java:0)
    - Method <click.kivvi.application.EventsViewService.detail(click.kivvi.domain.tracking.EventType, int, java.lang.String)> has parameter of type <click.kivvi.domain.tracking.EventType> in (EventsViewService.java:0)
    - Method <click.kivvi.application.EventsViewService.rows(click.kivvi.domain.SupportedLocale, int, java.time.Instant)> has parameter of type <click.kivvi.domain.SupportedLocale> in (EventsViewService.java:0)
    - Method <click.kivvi.application.EventsViewService.siteFilters(click.kivvi.domain.SupportedLocale, java.lang.String)> has parameter of type <click.kivvi.domain.SupportedLocale> in (EventsViewService.java:0)
    - Method <click.kivvi.application.EventsViewService.typeFilters(click.kivvi.domain.SupportedLocale, java.lang.String)> has parameter of type <click.kivvi.domain.SupportedLocale> in (EventsViewService.java:0)
    - Method <click.kivvi.application.PreferencesService.applySidebar(jakarta.servlet.http.HttpSession, java.lang.String)> has return type <click.kivvi.domain.SidebarState> in (PreferencesService.java:0)
    - Method <click.kivvi.application.PreferencesService.applyTheme(jakarta.servlet.http.HttpSession, java.lang.String)> has return type <click.kivvi.domain.Theme> in (PreferencesService.java:0)
    - Method <click.kivvi.application.SettingsViewService.build(java.lang.String, click.kivvi.domain.SupportedLocale)> has parameter of type <click.kivvi.domain.SupportedLocale> in (SettingsViewService.java:0)
    - Method <click.kivvi.application.SettingsViewService.toTabView(click.kivvi.fixtures.SettingsFixtures$Tab, java.lang.String, click.kivvi.domain.SupportedLocale)> has parameter of type <click.kivvi.domain.SupportedLocale> in (SettingsViewService.java:0)
    - Method <click.kivvi.application.ShellViewService.build(jakarta.servlet.http.HttpSession, click.kivvi.domain.SupportedLocale, java.lang.String)> has parameter of type <click.kivvi.domain.SupportedLocale> in (ShellViewService.java:0)
    - Method <click.kivvi.application.ShellViewService.toGroupView(click.kivvi.domain.NavigationCatalog$Group, click.kivvi.domain.SupportedLocale, java.util.Locale)> has parameter of type <click.kivvi.domain.NavigationCatalog$Group> in (ShellViewService.java:0)
    - Method <click.kivvi.application.ShellViewService.toGroupView(click.kivvi.domain.NavigationCatalog$Group, click.kivvi.domain.SupportedLocale, java.util.Locale)> has parameter of type <click.kivvi.domain.SupportedLocale> in (ShellViewService.java:0)
    - Method <click.kivvi.application.SpaDocumentService.render(jakarta.servlet.http.HttpSession, click.kivvi.domain.SupportedLocale)> has parameter of type <click.kivvi.domain.SupportedLocale> in (SpaDocumentService.java:0)
    - Method <click.kivvi.application.SpaDocumentService.render(jakarta.servlet.http.HttpSession, click.kivvi.domain.SupportedLocale, java.lang.String, java.lang.String)> has parameter of type <click.kivvi.domain.SupportedLocale> in (SpaDocumentService.java:0)
    - Method <click.kivvi.application.tracking.EventIngestionService.ingest(click.kivvi.domain.tracking.TrackedEvent)> has parameter of type <click.kivvi.domain.tracking.TrackedEvent> in (EventIngestionService.java:0)
    - Method <click.kivvi.application.tracking.EventIngestionService.toEnvelope(click.kivvi.domain.tracking.TrackedEvent)> has parameter of type <click.kivvi.domain.tracking.TrackedEvent> in (EventIngestionService.java:0)
    - Method <click.kivvi.application.LoginService.attemptSignIn(jakarta.servlet.http.HttpServletRequest, java.lang.String)> calls method <click.kivvi.domain.EmailValidation.errorFor(java.lang.String)> in (LoginService.java:30)
    - Method <click.kivvi.application.SpaDocumentService.render(jakarta.servlet.http.HttpSession, click.kivvi.domain.SupportedLocale, java.lang.String, java.lang.String)> calls constructor <click.kivvi.domain.SpaDocument$Attributes.<init>(java.lang.String, java.lang.String, java.lang.String, java.lang.String, java.lang.String)> in (SpaDocumentService.java:38)
    - Method <click.kivvi.application.SpaDocumentService.render(jakarta.servlet.http.HttpSession, click.kivvi.domain.SupportedLocale, java.lang.String, java.lang.String)> calls method <click.kivvi.domain.SidebarState.value()> in (SpaDocumentService.java:38)
    (84 further dependencies have been omitted...)
  2. Dependencies of Slice domain
    - Field <click.kivvi.domain.probe.ProbeDomainToWeb.controller> has type <click.kivvi.web.EventsController> in (ProbeDomainToWeb.java:0)
  3. Dependencies of Slice web
    - Constructor <click.kivvi.web.AutomationsController.<init>(click.kivvi.application.AutomationsViewService)> has parameter of type <click.kivvi.application.AutomationsViewService> in (AutomationsController.java:0)
    - Constructor <click.kivvi.web.CampaignsController.<init>(click.kivvi.application.CampaignsViewService)> has parameter of type <click.kivvi.application.CampaignsViewService> in (CampaignsController.java:0)
    - Constructor <click.kivvi.web.CollectController.<init>(click.kivvi.application.tracking.EventIngestionService, tools.jackson.databind.ObjectMapper)> has parameter of type <click.kivvi.application.tracking.EventIngestionService> in (CollectController.java:0)
    - Constructor <click.kivvi.web.CustomersController.<init>(click.kivvi.application.CustomersViewService, click.kivvi.application.SpaDocumentService)> has parameter of type <click.kivvi.application.CustomersViewService> in (CustomersController.java:0)
    - Constructor <click.kivvi.web.CustomersController.<init>(click.kivvi.application.CustomersViewService, click.kivvi.application.SpaDocumentService)> has parameter of type <click.kivvi.application.SpaDocumentService> in (CustomersController.java:0)
    - Constructor <click.kivvi.web.EventsController.<init>(click.kivvi.application.EventsViewService)> has parameter of type <click.kivvi.application.EventsViewService> in (EventsController.java:0)
    - Constructor <click.kivvi.web.FeedsController.<init>(click.kivvi.application.FeedsViewService)> has parameter of type <click.kivvi.application.FeedsViewService> in (FeedsController.java:0)
    - Constructor <click.kivvi.web.LandingController.<init>(click.kivvi.application.LandingViewService)> has parameter of type <click.kivvi.application.LandingViewService> in (LandingController.java:0)
    - Constructor <click.kivvi.web.LoginController.<init>(click.kivvi.application.LoginService, click.kivvi.application.SpaDocumentService)> has parameter of type <click.kivvi.application.LoginService> in (LoginController.java:0)
    - Constructor <click.kivvi.web.LoginController.<init>(click.kivvi.application.LoginService, click.kivvi.application.SpaDocumentService)> has parameter of type <click.kivvi.application.SpaDocumentService> in (LoginController.java:0)
    - Constructor <click.kivvi.web.PreferencesController.<init>(click.kivvi.application.PreferencesService, tools.jackson.databind.ObjectMapper)> has parameter of type <click.kivvi.application.PreferencesService> in (PreferencesController.java:0)
    - Constructor <click.kivvi.web.SettingsController.<init>(click.kivvi.application.SettingsViewService, click.kivvi.application.SpaDocumentService)> has parameter of type <click.kivvi.application.SettingsViewService> in (SettingsController.java:0)
    - Constructor <click.kivvi.web.SettingsController.<init>(click.kivvi.application.SettingsViewService, click.kivvi.application.SpaDocumentService)> has parameter of type <click.kivvi.application.SpaDocumentService> in (SettingsController.java:0)
    - Constructor <click.kivvi.web.ShellController.<init>(click.kivvi.application.ShellViewService)> has parameter of type <click.kivvi.application.ShellViewService> in (ShellController.java:0)
    - Constructor <click.kivvi.web.SpaDocumentController.<init>(click.kivvi.application.SpaDocumentService)> has parameter of type <click.kivvi.application.SpaDocumentService> in (SpaDocumentController.java:0)
    - Field <click.kivvi.web.AutomationsController.automationsViewService> has type <click.kivvi.application.AutomationsViewService> in (AutomationsController.java:0)
    - Field <click.kivvi.web.CampaignsController.campaignsViewService> has type <click.kivvi.application.CampaignsViewService> in (CampaignsController.java:0)
    - Field <click.kivvi.web.CollectController.eventIngestionService> has type <click.kivvi.application.tracking.EventIngestionService> in (CollectController.java:0)
    - Field <click.kivvi.web.CustomersController.customersViewService> has type <click.kivvi.application.CustomersViewService> in (CustomersController.java:0)
    - Field <click.kivvi.web.CustomersController.spaDocumentService> has type <click.kivvi.application.SpaDocumentService> in (CustomersController.java:0)
    (214 further dependencies have been omitted...)
Cycle detected: Slice application -> 
                Slice fixtures -> 
                Slice domain -> 
                Slice web -> 
                Slice application
  1. Dependencies of Slice application
    - Constructor <click.kivvi.application.AutomationsViewService$EditorPayload.<init>(click.kivvi.fixtures.AutomationsFixtures$Header, java.lang.String, java.util.List, java.util.List, java.util.List, java.util.List, java.util.List)> has generic parameter type <java.util.List<click.kivvi.fixtures.AutomationsFixtures$Edge>> with type argument depending on <click.kivvi.fixtures.AutomationsFixtures$Edge> in (AutomationsViewService.java:0)
    - Constructor <click.kivvi.application.AutomationsViewService$EditorPayload.<init>(click.kivvi.fixtures.AutomationsFixtures$Header, java.lang.String, java.util.List, java.util.List, java.util.List, java.util.List, java.util.List)> has generic parameter type <java.util.List<click.kivvi.fixtures.AutomationsFixtures$EditorTab>> with type argument depending on <click.kivvi.fixtures.AutomationsFixtures$EditorTab> in (AutomationsViewService.java:0)
    - Constructor <click.kivvi.application.AutomationsViewService$EditorPayload.<init>(click.kivvi.fixtures.AutomationsFixtures$Header, java.lang.String, java.util.List, java.util.List, java.util.List, java.util.List, java.util.List)> has generic parameter type <java.util.List<click.kivvi.fixtures.AutomationsFixtures$FlowNode>> with type argument depending on <click.kivvi.fixtures.AutomationsFixtures$FlowNode> in (AutomationsViewService.java:0)
    - Constructor <click.kivvi.application.AutomationsViewService$EditorPayload.<init>(click.kivvi.fixtures.AutomationsFixtures$Header, java.lang.String, java.util.List, java.util.List, java.util.List, java.util.List, java.util.List)> has generic parameter type <java.util.List<click.kivvi.fixtures.AutomationsFixtures$PipelineStep>> with type argument depending on <click.kivvi.fixtures.AutomationsFixtures$PipelineStep> in (AutomationsViewService.java:0)
    - Constructor <click.kivvi.application.AutomationsViewService$EditorPayload.<init>(click.kivvi.fixtures.AutomationsFixtures$Header, java.lang.String, java.util.List, java.util.List, java.util.List, java.util.List, java.util.List)> has generic parameter type <java.util.List<click.kivvi.fixtures.AutomationsFixtures$SimulationItem>> with type argument depending on <click.kivvi.fixtures.AutomationsFixtures$SimulationItem> in (AutomationsViewService.java:0)
    - Constructor <click.kivvi.application.AutomationsViewService$EditorPayload.<init>(click.kivvi.fixtures.AutomationsFixtures$Header, java.lang.String, java.util.List, java.util.List, java.util.List, java.util.List, java.util.List)> has parameter of type <click.kivvi.fixtures.AutomationsFixtures$Header> in (AutomationsViewService.java:0)
    - Constructor <click.kivvi.application.CampaignsViewService$EditorPayload.<init>(click.kivvi.application.CampaignsViewService$Template, java.util.List, java.util.List, java.util.List, click.kivvi.fixtures.CampaignsFixtures$SelectedBlock)> has generic parameter type <java.util.List<click.kivvi.fixtures.CampaignsFixtures$Block>> with type argument depending on <click.kivvi.fixtures.CampaignsFixtures$Block> in (CampaignsViewService.java:0)
    - Constructor <click.kivvi.application.CampaignsViewService$EditorPayload.<init>(click.kivvi.application.CampaignsViewService$Template, java.util.List, java.util.List, java.util.List, click.kivvi.fixtures.CampaignsFixtures$SelectedBlock)> has generic parameter type <java.util.List<click.kivvi.fixtures.CampaignsFixtures$Section>> with type argument depending on <click.kivvi.fixtures.CampaignsFixtures$Section> in (CampaignsViewService.java:0)
    - Constructor <click.kivvi.application.CampaignsViewService$EditorPayload.<init>(click.kivvi.application.CampaignsViewService$Template, java.util.List, java.util.List, java.util.List, click.kivvi.fixtures.CampaignsFixtures$SelectedBlock)> has generic parameter type <java.util.List<click.kivvi.fixtures.CampaignsFixtures$Variable>> with type argument depending on <click.kivvi.fixtures.CampaignsFixtures$Variable> in (CampaignsViewService.java:0)
    - Constructor <click.kivvi.application.CampaignsViewService$EditorPayload.<init>(click.kivvi.application.CampaignsViewService$Template, java.util.List, java.util.List, java.util.List, click.kivvi.fixtures.CampaignsFixtures$SelectedBlock)> has parameter of type <click.kivvi.fixtures.CampaignsFixtures$SelectedBlock> in (CampaignsViewService.java:0)
    - Constructor <click.kivvi.application.CustomersViewService$CustomerRow.<init>(java.lang.String, java.lang.String, java.lang.String, java.lang.String, click.kivvi.fixtures.CustomersFixtures$Segment, java.lang.String, java.lang.String, java.lang.String)> has parameter of type <click.kivvi.fixtures.CustomersFixtures$Segment> in (CustomersViewService.java:0)
    - Constructor <click.kivvi.application.CustomersViewService$DetailPayload.<init>(click.kivvi.application.CustomersViewService$CustomerDetail, java.lang.String, java.util.List, java.util.List, java.util.List, java.util.List, java.util.List)> has generic parameter type <java.util.List<click.kivvi.fixtures.AutomationsFixtures$ActiveAutomation>> with type argument depending on <click.kivvi.fixtures.AutomationsFixtures$ActiveAutomation> in (CustomersViewService.java:0)
    - Constructor <click.kivvi.application.FeedsViewService$Payload.<init>(java.util.List, java.util.List, java.util.List, java.util.List, java.util.List, int)> has generic parameter type <java.util.List<click.kivvi.fixtures.FeedsFixtures$CoverageBar>> with type argument depending on <click.kivvi.fixtures.FeedsFixtures$CoverageBar> in (FeedsViewService.java:0)
    - Constructor <click.kivvi.application.FeedsViewService$Payload.<init>(java.util.List, java.util.List, java.util.List, java.util.List, java.util.List, int)> has generic parameter type <java.util.List<click.kivvi.fixtures.FeedsFixtures$FallbackRule>> with type argument depending on <click.kivvi.fixtures.FeedsFixtures$FallbackRule> in (FeedsViewService.java:0)
    - Constructor <click.kivvi.application.FeedsViewService$Payload.<init>(java.util.List, java.util.List, java.util.List, java.util.List, java.util.List, int)> has generic parameter type <java.util.List<click.kivvi.fixtures.FeedsFixtures$Kpi>> with type argument depending on <click.kivvi.fixtures.FeedsFixtures$Kpi> in (FeedsViewService.java:0)
    - Constructor <click.kivvi.application.FeedsViewService$Payload.<init>(java.util.List, java.util.List, java.util.List, java.util.List, java.util.List, int)> has generic parameter type <java.util.List<click.kivvi.fixtures.FeedsFixtures$Source>> with type argument depending on <click.kivvi.fixtures.FeedsFixtures$Source> in (FeedsViewService.java:0)
    - Field <click.kivvi.application.AutomationsViewService$EditorPayload.automation> has type <click.kivvi.fixtures.AutomationsFixtures$Header> in (AutomationsViewService.java:0)
    - Field <click.kivvi.application.AutomationsViewService$EditorPayload.edges> has generic type <java.util.List<click.kivvi.fixtures.AutomationsFixtures$Edge>> with type argument depending on <click.kivvi.fixtures.AutomationsFixtures$Edge> in (AutomationsViewService.java:0)
    - Field <click.kivvi.application.AutomationsViewService$EditorPayload.nodes> has generic type <java.util.List<click.kivvi.fixtures.AutomationsFixtures$FlowNode>> with type argument depending on <click.kivvi.fixtures.AutomationsFixtures$FlowNode> in (AutomationsViewService.java:0)
    - Field <click.kivvi.application.AutomationsViewService$EditorPayload.simulation> has generic type <java.util.List<click.kivvi.fixtures.AutomationsFixtures$SimulationItem>> with type argument depending on <click.kivvi.fixtures.AutomationsFixtures$SimulationItem> in (AutomationsViewService.java:0)
    (169 further dependencies have been omitted...)
  2. Dependencies of Slice fixtures
    - Field <click.kivvi.fixtures.ShellFixtures.DEFAULT_IDENTITY> has type <click.kivvi.domain.Identity> in (ShellFixtures.java:0)
    - Static Initializer <click.kivvi.fixtures.ShellFixtures.<clinit>()> calls constructor <click.kivvi.domain.Identity.<init>(java.lang.String, java.lang.String)> in (ShellFixtures.java:16)
    - Static Initializer <click.kivvi.fixtures.FeedsFixtures.<clinit>()> calls method <click.kivvi.domain.Format.number(double)> in (FeedsFixtures.java:53)
    - Static Initializer <click.kivvi.fixtures.FeedsFixtures.<clinit>()> calls method <click.kivvi.domain.Format.money(double)> in (FeedsFixtures.java:57)
    - Method <click.kivvi.fixtures.CustomersFixtures.profile(int)> calls method <click.kivvi.domain.Format.initials(java.lang.String)> in (CustomersFixtures.java:82)
    - Static Initializer <click.kivvi.fixtures.SettingsFixtures.<clinit>()> calls method <click.kivvi.domain.Format.number(double)> in (SettingsFixtures.java:113)
    - Static Initializer <click.kivvi.fixtures.SettingsFixtures.<clinit>()> calls method <click.kivvi.domain.Format.number(double)> in (SettingsFixtures.java:114)
    - Static Initializer <click.kivvi.fixtures.SettingsFixtures.<clinit>()> calls method <click.kivvi.domain.Format.number(double)> in (SettingsFixtures.java:115)
    - Method <click.kivvi.fixtures.LandingFixtures.previewTiles()> calls method <click.kivvi.domain.Format.number(double)> in (LandingFixtures.java:144)
    - Method <click.kivvi.fixtures.LandingFixtures.previewTiles()> calls method <click.kivvi.domain.Format.number(double)> in (LandingFixtures.java:145)
    - Static Initializer <click.kivvi.fixtures.SettingsFixtures.<clinit>()> calls method <click.kivvi.domain.Format.number(double)> in (SettingsFixtures.java:172)
    - Static Initializer <click.kivvi.fixtures.SettingsFixtures.<clinit>()> calls method <click.kivvi.domain.Format.number(double)> in (SettingsFixtures.java:182)
  3. Dependencies of Slice domain
    - Field <click.kivvi.domain.probe.ProbeDomainToWeb.controller> has type <click.kivvi.web.EventsController> in (ProbeDomainToWeb.java:0)
  4. Dependencies of Slice web
    - Constructor <click.kivvi.web.AutomationsController.<init>(click.kivvi.application.AutomationsViewService)> has parameter of type <click.kivvi.application.AutomationsViewService> in (AutomationsController.java:0)
    - Constructor <click.kivvi.web.CampaignsController.<init>(click.kivvi.application.CampaignsViewService)> has parameter of type <click.kivvi.application.CampaignsViewService> in (CampaignsController.java:0)
    - Constructor <click.kivvi.web.CollectController.<init>(click.kivvi.application.tracking.EventIngestionService, tools.jackson.databind.ObjectMapper)> has parameter of type <click.kivvi.application.tracking.EventIngestionService> in (CollectController.java:0)
    - Constructor <click.kivvi.web.CustomersController.<init>(click.kivvi.application.CustomersViewService, click.kivvi.application.SpaDocumentService)> has parameter of type <click.kivvi.application.CustomersViewService> in (CustomersController.java:0)
    - Constructor <click.kivvi.web.CustomersController.<init>(click.kivvi.application.CustomersViewService, click.kivvi.application.SpaDocumentService)> has parameter of type <click.kivvi.application.SpaDocumentService> in (CustomersController.java:0)
    - Constructor <click.kivvi.web.EventsController.<init>(click.kivvi.application.EventsViewService)> has parameter of type <click.kivvi.application.EventsViewService> in (EventsController.java:0)
    - Constructor <click.kivvi.web.FeedsController.<init>(click.kivvi.application.FeedsViewService)> has parameter of type <click.kivvi.application.FeedsViewService> in (FeedsController.java:0)
    - Constructor <click.kivvi.web.LandingController.<init>(click.kivvi.application.LandingViewService)> has parameter of type <click.kivvi.application.LandingViewService> in (LandingController.java:0)
    - Constructor <click.kivvi.web.LoginController.<init>(click.kivvi.application.LoginService, click.kivvi.application.SpaDocumentService)> has parameter of type <click.kivvi.application.LoginService> in (LoginController.java:0)
    - Constructor <click.kivvi.web.LoginController.<init>(click.kivvi.application.LoginService, click.kivvi.application.SpaDocumentService)> has parameter of type <click.kivvi.application.SpaDocumentService> in (LoginController.java:0)
    - Constructor <click.kivvi.web.PreferencesController.<init>(click.kivvi.application.PreferencesService, tools.jackson.databind.ObjectMapper)> has parameter of type <click.kivvi.application.PreferencesService> in (PreferencesController.java:0)
    - Constructor <click.kivvi.web.SettingsController.<init>(click.kivvi.application.SettingsViewService, click.kivvi.application.SpaDocumentService)> has parameter of type <click.kivvi.application.SettingsViewService> in (SettingsController.java:0)
    - Constructor <click.kivvi.web.SettingsController.<init>(click.kivvi.application.SettingsViewService, click.kivvi.application.SpaDocumentService)> has parameter of type <click.kivvi.application.SpaDocumentService> in (SettingsController.java:0)
    - Constructor <click.kivvi.web.ShellController.<init>(click.kivvi.application.ShellViewService)> has parameter of type <click.kivvi.application.ShellViewService> in (ShellController.java:0)
    - Constructor <click.kivvi.web.SpaDocumentController.<init>(click.kivvi.application.SpaDocumentService)> has parameter of type <click.kivvi.application.SpaDocumentService> in (SpaDocumentController.java:0)
    - Field <click.kivvi.web.AutomationsController.automationsViewService> has type <click.kivvi.application.AutomationsViewService> in (AutomationsController.java:0)
    - Field <click.kivvi.web.CampaignsController.campaignsViewService> has type <click.kivvi.application.CampaignsViewService> in (CampaignsController.java:0)
    - Field <click.kivvi.web.CollectController.eventIngestionService> has type <click.kivvi.application.tracking.EventIngestionService> in (CollectController.java:0)
    - Field <click.kivvi.web.CustomersController.customersViewService> has type <click.kivvi.application.CustomersViewService> in (CustomersController.java:0)
    - Field <click.kivvi.web.CustomersController.spaDocumentService> has type <click.kivvi.application.SpaDocumentService> in (CustomersController.java:0)
    (214 further dependencies have been omitted...)
Cycle detected: Slice application -> 
                Slice infrastructure -> 
                Slice domain -> 
                Slice web -> 
                Slice application
  1. Dependencies of Slice application
    - Constructor <click.kivvi.application.LoginService.<init>(click.kivvi.infrastructure.SessionIdentityStore)> has parameter of type <click.kivvi.infrastructure.SessionIdentityStore> in (LoginService.java:0)
    - Constructor <click.kivvi.application.PreferencesService.<init>(click.kivvi.infrastructure.SessionPreferencesStore)> has parameter of type <click.kivvi.infrastructure.SessionPreferencesStore> in (PreferencesService.java:0)
    - Constructor <click.kivvi.application.ShellViewService.<init>(click.kivvi.infrastructure.SessionPreferencesStore, click.kivvi.infrastructure.SessionIdentityStore, click.kivvi.infrastructure.NavigationLabels)> has parameter of type <click.kivvi.infrastructure.NavigationLabels> in (ShellViewService.java:0)
    - Constructor <click.kivvi.application.ShellViewService.<init>(click.kivvi.infrastructure.SessionPreferencesStore, click.kivvi.infrastructure.SessionIdentityStore, click.kivvi.infrastructure.NavigationLabels)> has parameter of type <click.kivvi.infrastructure.SessionIdentityStore> in (ShellViewService.java:0)
    - Constructor <click.kivvi.application.ShellViewService.<init>(click.kivvi.infrastructure.SessionPreferencesStore, click.kivvi.infrastructure.SessionIdentityStore, click.kivvi.infrastructure.NavigationLabels)> has parameter of type <click.kivvi.infrastructure.SessionPreferencesStore> in (ShellViewService.java:0)
    - Constructor <click.kivvi.application.SpaDocumentService.<init>(click.kivvi.infrastructure.IndexHtmlTemplate, click.kivvi.infrastructure.SessionPreferencesStore)> has parameter of type <click.kivvi.infrastructure.IndexHtmlTemplate> in (SpaDocumentService.java:0)
    - Constructor <click.kivvi.application.SpaDocumentService.<init>(click.kivvi.infrastructure.IndexHtmlTemplate, click.kivvi.infrastructure.SessionPreferencesStore)> has parameter of type <click.kivvi.infrastructure.SessionPreferencesStore> in (SpaDocumentService.java:0)
    - Constructor <click.kivvi.application.tracking.EventIngestionService.<init>(click.kivvi.infrastructure.tracking.EventDedupLedger, click.kivvi.infrastructure.mercure.MercurePublisher, tools.jackson.databind.ObjectMapper)> has parameter of type <click.kivvi.infrastructure.mercure.MercurePublisher> in (EventIngestionService.java:0)
    - Constructor <click.kivvi.application.tracking.EventIngestionService.<init>(click.kivvi.infrastructure.tracking.EventDedupLedger, click.kivvi.infrastructure.mercure.MercurePublisher, tools.jackson.databind.ObjectMapper)> has parameter of type <click.kivvi.infrastructure.tracking.EventDedupLedger> in (EventIngestionService.java:0)
    - Field <click.kivvi.application.LoginService.identityStore> has type <click.kivvi.infrastructure.SessionIdentityStore> in (LoginService.java:0)
    - Field <click.kivvi.application.PreferencesService.store> has type <click.kivvi.infrastructure.SessionPreferencesStore> in (PreferencesService.java:0)
    - Field <click.kivvi.application.ShellViewService.identity> has type <click.kivvi.infrastructure.SessionIdentityStore> in (ShellViewService.java:0)
    - Field <click.kivvi.application.ShellViewService.labels> has type <click.kivvi.infrastructure.NavigationLabels> in (ShellViewService.java:0)
    - Field <click.kivvi.application.ShellViewService.preferences> has type <click.kivvi.infrastructure.SessionPreferencesStore> in (ShellViewService.java:0)
    - Field <click.kivvi.application.SpaDocumentService.preferences> has type <click.kivvi.infrastructure.SessionPreferencesStore> in (SpaDocumentService.java:0)
    - Field <click.kivvi.application.SpaDocumentService.template> has type <click.kivvi.infrastructure.IndexHtmlTemplate> in (SpaDocumentService.java:0)
    - Field <click.kivvi.application.tracking.EventIngestionService.dedupStore> has type <click.kivvi.infrastructure.tracking.EventDedupLedger> in (EventIngestionService.java:0)
    - Field <click.kivvi.application.tracking.EventIngestionService.publisher> has type <click.kivvi.infrastructure.mercure.MercurePublisher> in (EventIngestionService.java:0)
    - Method <click.kivvi.application.PreferencesService.applyTheme(jakarta.servlet.http.HttpSession, java.lang.String)> calls method <click.kivvi.infrastructure.SessionPreferencesStore.storeTheme(jakarta.servlet.http.HttpSession, java.lang.String)> in (PreferencesService.java:23)
    - Method <click.kivvi.application.PreferencesService.applySidebar(jakarta.servlet.http.HttpSession, java.lang.String)> calls method <click.kivvi.infrastructure.SessionPreferencesStore.storeSidebarState(jakarta.servlet.http.HttpSession, java.lang.String)> in (PreferencesService.java:27)
    (13 further dependencies have been omitted...)
  2. Dependencies of Slice infrastructure
    - Method <click.kivvi.infrastructure.SessionIdentityStore.current(jakarta.servlet.http.HttpSession)> has return type <click.kivvi.domain.Identity> in (SessionIdentityStore.java:0)
    - Method <click.kivvi.infrastructure.SessionPreferencesStore.sidebarState(jakarta.servlet.http.HttpSession)> has return type <click.kivvi.domain.SidebarState> in (SessionPreferencesStore.java:0)
    - Method <click.kivvi.infrastructure.SessionPreferencesStore.storeSidebarState(jakarta.servlet.http.HttpSession, java.lang.String)> has return type <click.kivvi.domain.SidebarState> in (SessionPreferencesStore.java:0)
    - Method <click.kivvi.infrastructure.SessionPreferencesStore.storeTheme(jakarta.servlet.http.HttpSession, java.lang.String)> has return type <click.kivvi.domain.Theme> in (SessionPreferencesStore.java:0)
    - Method <click.kivvi.infrastructure.SessionPreferencesStore.theme(jakarta.servlet.http.HttpSession)> has return type <click.kivvi.domain.Theme> in (SessionPreferencesStore.java:0)
    - Method <click.kivvi.infrastructure.SessionPreferencesStore.theme(jakarta.servlet.http.HttpSession)> calls method <click.kivvi.domain.Theme.fromValueOrDefault(java.lang.String)> in (SessionPreferencesStore.java:24)
    - Method <click.kivvi.infrastructure.SessionPreferencesStore.sidebarState(jakarta.servlet.http.HttpSession)> calls method <click.kivvi.domain.SidebarState.fromValueOrDefault(java.lang.String)> in (SessionPreferencesStore.java:29)
    - Method <click.kivvi.infrastructure.SessionIdentityStore.current(jakarta.servlet.http.HttpSession)> calls method <click.kivvi.domain.Identity.derive(java.lang.String)> in (SessionIdentityStore.java:34)
    - Method <click.kivvi.infrastructure.SessionPreferencesStore.storeTheme(jakarta.servlet.http.HttpSession, java.lang.String)> calls method <click.kivvi.domain.Theme.fromValueOrDefault(java.lang.String)> in (SessionPreferencesStore.java:34)
    - Method <click.kivvi.infrastructure.SessionPreferencesStore.storeTheme(jakarta.servlet.http.HttpSession, java.lang.String)> calls method <click.kivvi.domain.Theme.value()> in (SessionPreferencesStore.java:35)
    - Method <click.kivvi.infrastructure.SessionPreferencesStore.storeSidebarState(jakarta.servlet.http.HttpSession, java.lang.String)> calls method <click.kivvi.domain.SidebarState.fromValueOrDefault(java.lang.String)> in (SessionPreferencesStore.java:40)
    - Method <click.kivvi.infrastructure.SessionPreferencesStore.storeSidebarState(jakarta.servlet.http.HttpSession, java.lang.String)> calls method <click.kivvi.domain.SidebarState.value()> in (SessionPreferencesStore.java:41)
  3. Dependencies of Slice domain
    - Field <click.kivvi.domain.probe.ProbeDomainToWeb.controller> has type <click.kivvi.web.EventsController> in (ProbeDomainToWeb.java:0)
  4. Dependencies of Slice web
    - Constructor <click.kivvi.web.AutomationsController.<init>(click.kivvi.application.AutomationsViewService)> has parameter of type <click.kivvi.application.AutomationsViewService> in (AutomationsController.java:0)
    - Constructor <click.kivvi.web.CampaignsController.<init>(click.kivvi.application.CampaignsViewService)> has parameter of type <click.kivvi.application.CampaignsViewService> in (CampaignsController.java:0)
    - Constructor <click.kivvi.web.CollectController.<init>(click.kivvi.application.tracking.EventIngestionService, tools.jackson.databind.ObjectMapper)> has parameter of type <click.kivvi.application.tracking.EventIngestionService> in (CollectController.java:0)
    - Constructor <click.kivvi.web.CustomersController.<init>(click.kivvi.application.CustomersViewService, click.kivvi.application.SpaDocumentService)> has parameter of type <click.kivvi.application.CustomersViewService> in (CustomersController.java:0)
    - Constructor <click.kivvi.web.CustomersController.<init>(click.kivvi.application.CustomersViewService, click.kivvi.application.SpaDocumentService)> has parameter of type <click.kivvi.application.SpaDocumentService> in (CustomersController.java:0)
    - Constructor <click.kivvi.web.EventsController.<init>(click.kivvi.application.EventsViewService)> has parameter of type <click.kivvi.application.EventsViewService> in (EventsController.java:0)
    - Constructor <click.kivvi.web.FeedsController.<init>(click.kivvi.application.FeedsViewService)> has parameter of type <click.kivvi.application.FeedsViewService> in (FeedsController.java:0)
    - Constructor <click.kivvi.web.LandingController.<init>(click.kivvi.application.LandingViewService)> has parameter of type <click.kivvi.application.LandingViewService> in (LandingController.java:0)
    - Constructor <click.kivvi.web.LoginController.<init>(click.kivvi.application.LoginService, click.kivvi.application.SpaDocumentService)> has parameter of type <click.kivvi.application.LoginService> in (LoginController.java:0)
    - Constructor <click.kivvi.web.LoginController.<init>(click.kivvi.application.LoginService, click.kivvi.application.SpaDocumentService)> has parameter of type <click.kivvi.application.SpaDocumentService> in (LoginController.java:0)
    - Constructor <click.kivvi.web.PreferencesController.<init>(click.kivvi.application.PreferencesService, tools.jackson.databind.ObjectMapper)> has parameter of type <click.kivvi.application.PreferencesService> in (PreferencesController.java:0)
    - Constructor <click.kivvi.web.SettingsController.<init>(click.kivvi.application.SettingsViewService, click.kivvi.application.SpaDocumentService)> has parameter of type <click.kivvi.application.SettingsViewService> in (SettingsController.java:0)
    - Constructor <click.kivvi.web.SettingsController.<init>(click.kivvi.application.SettingsViewService, click.kivvi.application.SpaDocumentService)> has parameter of type <click.kivvi.application.SpaDocumentService> in (SettingsController.java:0)
    - Constructor <click.kivvi.web.ShellController.<init>(click.kivvi.application.ShellViewService)> has parameter of type <click.kivvi.application.ShellViewService> in (ShellController.java:0)
    - Constructor <click.kivvi.web.SpaDocumentController.<init>(click.kivvi.application.SpaDocumentService)> has parameter of type <click.kivvi.application.SpaDocumentService> in (SpaDocumentController.java:0)
    - Field <click.kivvi.web.AutomationsController.automationsViewService> has type <click.kivvi.application.AutomationsViewService> in (AutomationsController.java:0)
    - Field <click.kivvi.web.CampaignsController.campaignsViewService> has type <click.kivvi.application.CampaignsViewService> in (CampaignsController.java:0)
    - Field <click.kivvi.web.CollectController.eventIngestionService> has type <click.kivvi.application.tracking.EventIngestionService> in (CollectController.java:0)
    - Field <click.kivvi.web.CustomersController.customersViewService> has type <click.kivvi.application.CustomersViewService> in (CustomersController.java:0)
    - Field <click.kivvi.web.CustomersController.spaDocumentService> has type <click.kivvi.application.SpaDocumentService> in (CustomersController.java:0)
    (214 further dependencies have been omitted...)
Cycle detected: Slice application -> 
                Slice infrastructure -> 
                Slice fixtures -> 
                Slice domain -> 
                Slice web -> 
                Slice application
  1. Dependencies of Slice application
    - Constructor <click.kivvi.application.LoginService.<init>(click.kivvi.infrastructure.SessionIdentityStore)> has parameter of type <click.kivvi.infrastructure.SessionIdentityStore> in (LoginService.java:0)
    - Constructor <click.kivvi.application.PreferencesService.<init>(click.kivvi.infrastructure.SessionPreferencesStore)> has parameter of type <click.kivvi.infrastructure.SessionPreferencesStore> in (PreferencesService.java:0)
    - Constructor <click.kivvi.application.ShellViewService.<init>(click.kivvi.infrastructure.SessionPreferencesStore, click.kivvi.infrastructure.SessionIdentityStore, click.kivvi.infrastructure.NavigationLabels)> has parameter of type <click.kivvi.infrastructure.NavigationLabels> in (ShellViewService.java:0)
    - Constructor <click.kivvi.application.ShellViewService.<init>(click.kivvi.infrastructure.SessionPreferencesStore, click.kivvi.infrastructure.SessionIdentityStore, click.kivvi.infrastructure.NavigationLabels)> has parameter of type <click.kivvi.infrastructure.SessionIdentityStore> in (ShellViewService.java:0)
    - Constructor <click.kivvi.application.ShellViewService.<init>(click.kivvi.infrastructure.SessionPreferencesStore, click.kivvi.infrastructure.SessionIdentityStore, click.kivvi.infrastructure.NavigationLabels)> has parameter of type <click.kivvi.infrastructure.SessionPreferencesStore> in (ShellViewService.java:0)
    - Constructor <click.kivvi.application.SpaDocumentService.<init>(click.kivvi.infrastructure.IndexHtmlTemplate, click.kivvi.infrastructure.SessionPreferencesStore)> has parameter of type <click.kivvi.infrastructure.IndexHtmlTemplate> in (SpaDocumentService.java:0)
    - Constructor <click.kivvi.application.SpaDocumentService.<init>(click.kivvi.infrastructure.IndexHtmlTemplate, click.kivvi.infrastructure.SessionPreferencesStore)> has parameter of type <click.kivvi.infrastructure.SessionPreferencesStore> in (SpaDocumentService.java:0)
    - Constructor <click.kivvi.application.tracking.EventIngestionService.<init>(click.kivvi.infrastructure.tracking.EventDedupLedger, click.kivvi.infrastructure.mercure.MercurePublisher, tools.jackson.databind.ObjectMapper)> has parameter of type <click.kivvi.infrastructure.mercure.MercurePublisher> in (EventIngestionService.java:0)
    - Constructor <click.kivvi.application.tracking.EventIngestionService.<init>(click.kivvi.infrastructure.tracking.EventDedupLedger, click.kivvi.infrastructure.mercure.MercurePublisher, tools.jackson.databind.ObjectMapper)> has parameter of type <click.kivvi.infrastructure.tracking.EventDedupLedger> in (EventIngestionService.java:0)
    - Field <click.kivvi.application.LoginService.identityStore> has type <click.kivvi.infrastructure.SessionIdentityStore> in (LoginService.java:0)
    - Field <click.kivvi.application.PreferencesService.store> has type <click.kivvi.infrastructure.SessionPreferencesStore> in (PreferencesService.java:0)
    - Field <click.kivvi.application.ShellViewService.identity> has type <click.kivvi.infrastructure.SessionIdentityStore> in (ShellViewService.java:0)
    - Field <click.kivvi.application.ShellViewService.labels> has type <click.kivvi.infrastructure.NavigationLabels> in (ShellViewService.java:0)
    - Field <click.kivvi.application.ShellViewService.preferences> has type <click.kivvi.infrastructure.SessionPreferencesStore> in (ShellViewService.java:0)
    - Field <click.kivvi.application.SpaDocumentService.preferences> has type <click.kivvi.infrastructure.SessionPreferencesStore> in (SpaDocumentService.java:0)
    - Field <click.kivvi.application.SpaDocumentService.template> has type <click.kivvi.infrastructure.IndexHtmlTemplate> in (SpaDocumentService.java:0)
    - Field <click.kivvi.application.tracking.EventIngestionService.dedupStore> has type <click.kivvi.infrastructure.tracking.EventDedupLedger> in (EventIngestionService.java:0)
    - Field <click.kivvi.application.tracking.EventIngestionService.publisher> has type <click.kivvi.infrastructure.mercure.MercurePublisher> in (EventIngestionService.java:0)
    - Method <click.kivvi.application.PreferencesService.applyTheme(jakarta.servlet.http.HttpSession, java.lang.String)> calls method <click.kivvi.infrastructure.SessionPreferencesStore.storeTheme(jakarta.servlet.http.HttpSession, java.lang.String)> in (PreferencesService.java:23)
    - Method <click.kivvi.application.PreferencesService.applySidebar(jakarta.servlet.http.HttpSession, java.lang.String)> calls method <click.kivvi.infrastructure.SessionPreferencesStore.storeSidebarState(jakarta.servlet.http.HttpSession, java.lang.String)> in (PreferencesService.java:27)
    (13 further dependencies have been omitted...)
  2. Dependencies of Slice infrastructure
    - Method <click.kivvi.infrastructure.SessionIdentityStore.current(jakarta.servlet.http.HttpSession)> gets field <click.kivvi.fixtures.ShellFixtures.DEFAULT_IDENTITY> in (SessionIdentityStore.java:36)
  3. Dependencies of Slice fixtures
    - Field <click.kivvi.fixtures.ShellFixtures.DEFAULT_IDENTITY> has type <click.kivvi.domain.Identity> in (ShellFixtures.java:0)
    - Static Initializer <click.kivvi.fixtures.ShellFixtures.<clinit>()> calls constructor <click.kivvi.domain.Identity.<init>(java.lang.String, java.lang.String)> in (ShellFixtures.java:16)
    - Static Initializer <click.kivvi.fixtures.FeedsFixtures.<clinit>()> calls method <click.kivvi.domain.Format.number(double)> in (FeedsFixtures.java:53)
    - Static Initializer <click.kivvi.fixtures.FeedsFixtures.<clinit>()> calls method <click.kivvi.domain.Format.money(double)> in (FeedsFixtures.java:57)
    - Method <click.kivvi.fixtures.CustomersFixtures.profile(int)> calls method <click.kivvi.domain.Format.initials(java.lang.String)> in (CustomersFixtures.java:82)
    - Static Initializer <click.kivvi.fixtures.SettingsFixtures.<clinit>()> calls method <click.kivvi.domain.Format.number(double)> in (SettingsFixtures.java:113)
    - Static Initializer <click.kivvi.fixtures.SettingsFixtures.<clinit>()> calls method <click.kivvi.domain.Format.number(double)> in (SettingsFixtures.java:114)
    - Static Initializer <click.kivvi.fixtures.SettingsFixtures.<clinit>()> calls method <click.kivvi.domain.Format.number(double)> in (SettingsFixtures.java:115)
    - Method <click.kivvi.fixtures.LandingFixtures.previewTiles()> calls method <click.kivvi.domain.Format.number(double)> in (LandingFixtures.java:144)
    - Method <click.kivvi.fixtures.LandingFixtures.previewTiles()> calls method <click.kivvi.domain.Format.number(double)> in (LandingFixtures.java:145)
    - Static Initializer <click.kivvi.fixtures.SettingsFixtures.<clinit>()> calls method <click.kivvi.domain.Format.number(double)> in (SettingsFixtures.java:172)
    - Static Initializer <click.kivvi.fixtures.SettingsFixtures.<clinit>()> calls method <click.kivvi.domain.Format.number(double)> in (SettingsFixtures.java:182)
  4. Dependencies of Slice domain
    - Field <click.kivvi.domain.probe.ProbeDomainToWeb.controller> has type <click.kivvi.web.EventsController> in (ProbeDomainToWeb.java:0)
  5. Dependencies of Slice web
    - Constructor <click.kivvi.web.AutomationsController.<init>(click.kivvi.application.AutomationsViewService)> has parameter of type <click.kivvi.application.AutomationsViewService> in (AutomationsController.java:0)
    - Constructor <click.kivvi.web.CampaignsController.<init>(click.kivvi.application.CampaignsViewService)> has parameter of type <click.kivvi.application.CampaignsViewService> in (CampaignsController.java:0)
    - Constructor <click.kivvi.web.CollectController.<init>(click.kivvi.application.tracking.EventIngestionService, tools.jackson.databind.ObjectMapper)> has parameter of type <click.kivvi.application.tracking.EventIngestionService> in (CollectController.java:0)
    - Constructor <click.kivvi.web.CustomersController.<init>(click.kivvi.application.CustomersViewService, click.kivvi.application.SpaDocumentService)> has parameter of type <click.kivvi.application.CustomersViewService> in (CustomersController.java:0)
    - Constructor <click.kivvi.web.CustomersController.<init>(click.kivvi.application.CustomersViewService, click.kivvi.application.SpaDocumentService)> has parameter of type <click.kivvi.application.SpaDocumentService> in (CustomersController.java:0)
    - Constructor <click.kivvi.web.EventsController.<init>(click.kivvi.application.EventsViewService)> has parameter of type <click.kivvi.application.EventsViewService> in (EventsController.java:0)
    - Constructor <click.kivvi.web.FeedsController.<init>(click.kivvi.application.FeedsViewService)> has parameter of type <click.kivvi.application.FeedsViewService> in (FeedsController.java:0)
    - Constructor <click.kivvi.web.LandingController.<init>(click.kivvi.application.LandingViewService)> has parameter of type <click.kivvi.application.LandingViewService> in (LandingController.java:0)
    - Constructor <click.kivvi.web.LoginController.<init>(click.kivvi.application.LoginService, click.kivvi.application.SpaDocumentService)> has parameter of type <click.kivvi.application.LoginService> in (LoginController.java:0)
    - Constructor <click.kivvi.web.LoginController.<init>(click.kivvi.application.LoginService, click.kivvi.application.SpaDocumentService)> has parameter of type <click.kivvi.application.SpaDocumentService> in (LoginController.java:0)
    - Constructor <click.kivvi.web.PreferencesController.<init>(click.kivvi.application.PreferencesService, tools.jackson.databind.ObjectMapper)> has parameter of type <click.kivvi.application.PreferencesService> in (PreferencesController.java:0)
    - Constructor <click.kivvi.web.SettingsController.<init>(click.kivvi.application.SettingsViewService, click.kivvi.application.SpaDocumentService)> has parameter of type <click.kivvi.application.SettingsViewService> in (SettingsController.java:0)
    - Constructor <click.kivvi.web.SettingsController.<init>(click.kivvi.application.SettingsViewService, click.kivvi.application.SpaDocumentService)> has parameter of type <click.kivvi.application.SpaDocumentService> in (SettingsController.java:0)
    - Constructor <click.kivvi.web.ShellController.<init>(click.kivvi.application.ShellViewService)> has parameter of type <click.kivvi.application.ShellViewService> in (ShellController.java:0)
    - Constructor <click.kivvi.web.SpaDocumentController.<init>(click.kivvi.application.SpaDocumentService)> has parameter of type <click.kivvi.application.SpaDocumentService> in (SpaDocumentController.java:0)
    - Field <click.kivvi.web.AutomationsController.automationsViewService> has type <click.kivvi.application.AutomationsViewService> in (AutomationsController.java:0)
    - Field <click.kivvi.web.CampaignsController.campaignsViewService> has type <click.kivvi.application.CampaignsViewService> in (CampaignsController.java:0)
    - Field <click.kivvi.web.CollectController.eventIngestionService> has type <click.kivvi.application.tracking.EventIngestionService> in (CollectController.java:0)
    - Field <click.kivvi.web.CustomersController.customersViewService> has type <click.kivvi.application.CustomersViewService> in (CustomersController.java:0)
    - Field <click.kivvi.web.CustomersController.spaDocumentService> has type <click.kivvi.application.SpaDocumentService> in (CustomersController.java:0)
    (214 further dependencies have been omitted...)
Cycle detected: Slice domain -> 
                Slice web -> 
                Slice domain
  1. Dependencies of Slice domain
    - Field <click.kivvi.domain.probe.ProbeDomainToWeb.controller> has type <click.kivvi.web.EventsController> in (ProbeDomainToWeb.java:0)
  2. Dependencies of Slice web
    - Method <click.kivvi.web.FeedsController.feeds(java.lang.String)> calls method <click.kivvi.domain.SupportedLocale.fromCode(java.lang.String)> in (FeedsController.java:28)
    - Method <click.kivvi.web.EventsController.events(java.lang.String, java.lang.String, java.lang.String, java.lang.String)> calls method <click.kivvi.domain.SupportedLocale.fromCode(java.lang.String)> in (EventsController.java:30)
    - Method <click.kivvi.web.LandingController.landing(java.lang.String)> calls method <click.kivvi.domain.SupportedLocale.fromCode(java.lang.String)> in (LandingController.java:30)
    - Method <click.kivvi.web.ShellController.shell(java.lang.String, java.lang.String, jakarta.servlet.http.HttpServletRequest)> calls method <click.kivvi.domain.SupportedLocale.fromCode(java.lang.String)> in (ShellController.java:32)
    - Method <click.kivvi.web.AutomationsController.list(java.lang.String, java.lang.String)> calls method <click.kivvi.domain.SupportedLocale.fromCode(java.lang.String)> in (AutomationsController.java:34)
    - Method <click.kivvi.web.CampaignsController.campaigns(java.lang.String, java.lang.String)> calls method <click.kivvi.domain.SupportedLocale.fromCode(java.lang.String)> in (CampaignsController.java:35)
    - Method <click.kivvi.web.LandingController.demo(java.lang.String)> calls method <click.kivvi.domain.SupportedLocale.fromCode(java.lang.String)> in (LandingController.java:36)
    - Method <click.kivvi.web.PreferencesController.theme(jakarta.servlet.http.HttpServletRequest, jakarta.servlet.http.HttpSession)> calls method <click.kivvi.domain.Theme.value()> in (PreferencesController.java:36)
    - Method <click.kivvi.web.LandingController.demo(java.lang.String)> calls method <click.kivvi.domain.SupportedLocale.code()> in (LandingController.java:38)
    - Method <click.kivvi.web.CollectController.collect(jakarta.servlet.http.HttpServletRequest)> calls method <click.kivvi.domain.tracking.TrackedEvent.fromPayload(java.util.Map)> in (CollectController.java:41)
    - Method <click.kivvi.web.CollectController.collect(jakarta.servlet.http.HttpServletRequest)> catches type <click.kivvi.domain.tracking.InvalidEventPayload> in (CollectController.java:41)
    - Method <click.kivvi.web.PreferencesController.sidebar(jakarta.servlet.http.HttpServletRequest, jakarta.servlet.http.HttpSession)> calls method <click.kivvi.domain.SidebarState.value()> in (PreferencesController.java:43)
    - Method <click.kivvi.web.SpaDocumentController.document(jakarta.servlet.http.HttpServletRequest)> calls method <click.kivvi.domain.RouteTable.match(java.lang.String)> in (SpaDocumentController.java:45)
    - Method <click.kivvi.web.AutomationsController.editor(java.lang.String, java.lang.String, java.lang.String)> calls method <click.kivvi.domain.SupportedLocale.fromCode(java.lang.String)> in (AutomationsController.java:46)
    - Method <click.kivvi.web.CampaignsController.email(java.lang.String, java.lang.String)> calls method <click.kivvi.domain.SupportedLocale.fromCode(java.lang.String)> in (CampaignsController.java:46)
    - Method <click.kivvi.web.LoginController.login(java.lang.String, java.lang.String, jakarta.servlet.http.HttpServletRequest)> calls method <click.kivvi.domain.SupportedLocale.fromCode(java.lang.String)> in (LoginController.java:46)
    - Method <click.kivvi.web.CollectController.collect(jakarta.servlet.http.HttpServletRequest)> calls method <click.kivvi.domain.tracking.InvalidEventPayload.getMessage()> in (CollectController.java:48)
    - Method <click.kivvi.web.LoginController.login(java.lang.String, java.lang.String, jakarta.servlet.http.HttpServletRequest)> calls method <click.kivvi.domain.SupportedLocale.code()> in (LoginController.java:51)
    - Method <click.kivvi.web.SpaDocumentController.document(jakarta.servlet.http.HttpServletRequest)> calls method <click.kivvi.domain.RouteTable$Match.locale()> in (SpaDocumentController.java:52)
    - Method <click.kivvi.web.CustomersController.list(java.lang.String, int)> calls method <click.kivvi.domain.SupportedLocale.fromCode(java.lang.String)> in (CustomersController.java:57)
    (10 further dependencies have been omitted...)
Cycle detected: Slice domain -> 
                Slice web -> 
                Slice fixtures -> 
                Slice domain
  1. Dependencies of Slice domain
    - Field <click.kivvi.domain.probe.ProbeDomainToWeb.controller> has type <click.kivvi.web.EventsController> in (ProbeDomainToWeb.java:0)
  2. Dependencies of Slice web
    - Method <click.kivvi.web.AutomationsController.toAutomation(click.kivvi.fixtures.AutomationsFixtures$Header)> has parameter of type <click.kivvi.fixtures.AutomationsFixtures$Header> in (AutomationsController.java:0)
    - Method <click.kivvi.web.AutomationsController.toEdge(click.kivvi.fixtures.AutomationsFixtures$Edge)> has parameter of type <click.kivvi.fixtures.AutomationsFixtures$Edge> in (AutomationsController.java:0)
    - Method <click.kivvi.web.AutomationsController.toNode(click.kivvi.fixtures.AutomationsFixtures$FlowNode)> has parameter of type <click.kivvi.fixtures.AutomationsFixtures$FlowNode> in (AutomationsController.java:0)
    - Method <click.kivvi.web.AutomationsController.toSimulationItem(click.kivvi.fixtures.AutomationsFixtures$SimulationItem)> has parameter of type <click.kivvi.fixtures.AutomationsFixtures$SimulationItem> in (AutomationsController.java:0)
    - Method <click.kivvi.web.AutomationsController.toStep(click.kivvi.fixtures.AutomationsFixtures$PipelineStep)> has parameter of type <click.kivvi.fixtures.AutomationsFixtures$PipelineStep> in (AutomationsController.java:0)
    - Method <click.kivvi.web.AutomationsController.toTab(click.kivvi.fixtures.AutomationsFixtures$EditorTab)> has parameter of type <click.kivvi.fixtures.AutomationsFixtures$EditorTab> in (AutomationsController.java:0)
    - Method <click.kivvi.web.CampaignsController.toBlock(click.kivvi.fixtures.CampaignsFixtures$Block)> has parameter of type <click.kivvi.fixtures.CampaignsFixtures$Block> in (CampaignsController.java:0)
    - Method <click.kivvi.web.CampaignsController.toProduct(click.kivvi.fixtures.CampaignsFixtures$Product)> has parameter of type <click.kivvi.fixtures.CampaignsFixtures$Product> in (CampaignsController.java:0)
    - Method <click.kivvi.web.CampaignsController.toSection(click.kivvi.fixtures.CampaignsFixtures$Section)> has parameter of type <click.kivvi.fixtures.CampaignsFixtures$Section> in (CampaignsController.java:0)
    - Method <click.kivvi.web.CampaignsController.toSelectedBlock(click.kivvi.fixtures.CampaignsFixtures$SelectedBlock)> has parameter of type <click.kivvi.fixtures.CampaignsFixtures$SelectedBlock> in (CampaignsController.java:0)
    - Method <click.kivvi.web.CampaignsController.toVariable(click.kivvi.fixtures.CampaignsFixtures$Variable)> has parameter of type <click.kivvi.fixtures.CampaignsFixtures$Variable> in (CampaignsController.java:0)
    - Method <click.kivvi.web.CustomersController.toAutomation(click.kivvi.fixtures.AutomationsFixtures$ActiveAutomation)> has parameter of type <click.kivvi.fixtures.AutomationsFixtures$ActiveAutomation> in (CustomersController.java:0)
    - Method <click.kivvi.web.FeedsController.toCoverageBar(click.kivvi.fixtures.FeedsFixtures$CoverageBar)> has parameter of type <click.kivvi.fixtures.FeedsFixtures$CoverageBar> in (FeedsController.java:0)
    - Method <click.kivvi.web.FeedsController.toFallbackRule(click.kivvi.fixtures.FeedsFixtures$FallbackRule)> has parameter of type <click.kivvi.fixtures.FeedsFixtures$FallbackRule> in (FeedsController.java:0)
    - Method <click.kivvi.web.FeedsController.toKpi(click.kivvi.fixtures.FeedsFixtures$Kpi)> has parameter of type <click.kivvi.fixtures.FeedsFixtures$Kpi> in (FeedsController.java:0)
    - Method <click.kivvi.web.FeedsController.toSource(click.kivvi.fixtures.FeedsFixtures$Source)> has parameter of type <click.kivvi.fixtures.FeedsFixtures$Source> in (FeedsController.java:0)
    - Method <click.kivvi.web.SettingsController.toApiKey(click.kivvi.fixtures.SettingsFixtures$ApiKey)> has parameter of type <click.kivvi.fixtures.SettingsFixtures$ApiKey> in (SettingsController.java:0)
    - Method <click.kivvi.web.SettingsController.toBar(click.kivvi.fixtures.SettingsFixtures$Bar)> has parameter of type <click.kivvi.fixtures.SettingsFixtures$Bar> in (SettingsController.java:0)
    - Method <click.kivvi.web.SettingsController.toDataSubjectRequest(click.kivvi.fixtures.SettingsFixtures$DataSubjectRequest)> has parameter of type <click.kivvi.fixtures.SettingsFixtures$DataSubjectRequest> in (SettingsController.java:0)
    - Method <click.kivvi.web.SettingsController.toDnsRecord(click.kivvi.fixtures.SettingsFixtures$DnsRecord)> has parameter of type <click.kivvi.fixtures.SettingsFixtures$DnsRecord> in (SettingsController.java:0)
    (155 further dependencies have been omitted...)
  3. Dependencies of Slice fixtures
    - Field <click.kivvi.fixtures.ShellFixtures.DEFAULT_IDENTITY> has type <click.kivvi.domain.Identity> in (ShellFixtures.java:0)
    - Static Initializer <click.kivvi.fixtures.ShellFixtures.<clinit>()> calls constructor <click.kivvi.domain.Identity.<init>(java.lang.String, java.lang.String)> in (ShellFixtures.java:16)
    - Static Initializer <click.kivvi.fixtures.FeedsFixtures.<clinit>()> calls method <click.kivvi.domain.Format.number(double)> in (FeedsFixtures.java:53)
    - Static Initializer <click.kivvi.fixtures.FeedsFixtures.<clinit>()> calls method <click.kivvi.domain.Format.money(double)> in (FeedsFixtures.java:57)
    - Method <click.kivvi.fixtures.CustomersFixtures.profile(int)> calls method <click.kivvi.domain.Format.initials(java.lang.String)> in (CustomersFixtures.java:82)
    - Static Initializer <click.kivvi.fixtures.SettingsFixtures.<clinit>()> calls method <click.kivvi.domain.Format.number(double)> in (SettingsFixtures.java:113)
    - Static Initializer <click.kivvi.fixtures.SettingsFixtures.<clinit>()> calls method <click.kivvi.domain.Format.number(double)> in (SettingsFixtures.java:114)
    - Static Initializer <click.kivvi.fixtures.SettingsFixtures.<clinit>()> calls method <click.kivvi.domain.Format.number(double)> in (SettingsFixtures.java:115)
    - Method <click.kivvi.fixtures.LandingFixtures.previewTiles()> calls method <click.kivvi.domain.Format.number(double)> in (LandingFixtures.java:144)
    - Method <click.kivvi.fixtures.LandingFixtures.previewTiles()> calls method <click.kivvi.domain.Format.number(double)> in (LandingFixtures.java:145)
    - Static Initializer <click.kivvi.fixtures.SettingsFixtures.<clinit>()> calls method <click.kivvi.domain.Format.number(double)> in (SettingsFixtures.java:172)
    - Static Initializer <click.kivvi.fixtures.SettingsFixtures.<clinit>()> calls method <click.kivvi.domain.Format.number(double)> in (SettingsFixtures.java:182)
Cycle detected: Slice domain -> 
                Slice web -> 
                Slice infrastructure -> 
                Slice domain
  1. Dependencies of Slice domain
    - Field <click.kivvi.domain.probe.ProbeDomainToWeb.controller> has type <click.kivvi.web.EventsController> in (ProbeDomainToWeb.java:0)
  2. Dependencies of Slice web
    - Method <click.kivvi.web.probe.ProbeWebToInfrastructure.create()> has return type <click.kivvi.infrastructure.session.SessionRequestSerializationFilter> in (ProbeWebToInfrastructure.java:0)
    - Method <click.kivvi.web.probe.ProbeWebToMercurePublisher.probe(click.kivvi.infrastructure.mercure.MercurePublisher)> has parameter of type <click.kivvi.infrastructure.mercure.MercurePublisher> in (ProbeWebToMercurePublisher.java:0)
    - Method <click.kivvi.web.probe.ProbeWebToInfrastructure.create()> calls constructor <click.kivvi.infrastructure.session.SessionRequestSerializationFilter.<init>(click.kivvi.infrastructure.session.SessionLockRegistry, long, long, boolean, java.lang.String)> in (ProbeWebToInfrastructure.java:8)
    - Method <click.kivvi.web.probe.ProbeWebToMercurePublisher.probe(click.kivvi.infrastructure.mercure.MercurePublisher)> calls method <click.kivvi.infrastructure.mercure.MercurePublisher.publish(java.lang.String, java.lang.String)> in (ProbeWebToMercurePublisher.java:8)
  3. Dependencies of Slice infrastructure
    - Method <click.kivvi.infrastructure.SessionIdentityStore.current(jakarta.servlet.http.HttpSession)> has return type <click.kivvi.domain.Identity> in (SessionIdentityStore.java:0)
    - Method <click.kivvi.infrastructure.SessionPreferencesStore.sidebarState(jakarta.servlet.http.HttpSession)> has return type <click.kivvi.domain.SidebarState> in (SessionPreferencesStore.java:0)
    - Method <click.kivvi.infrastructure.SessionPreferencesStore.storeSidebarState(jakarta.servlet.http.HttpSession, java.lang.String)> has return type <click.kivvi.domain.SidebarState> in (SessionPreferencesStore.java:0)
    - Method <click.kivvi.infrastructure.SessionPreferencesStore.storeTheme(jakarta.servlet.http.HttpSession, java.lang.String)> has return type <click.kivvi.domain.Theme> in (SessionPreferencesStore.java:0)
    - Method <click.kivvi.infrastructure.SessionPreferencesStore.theme(jakarta.servlet.http.HttpSession)> has return type <click.kivvi.domain.Theme> in (SessionPreferencesStore.java:0)
    - Method <click.kivvi.infrastructure.SessionPreferencesStore.theme(jakarta.servlet.http.HttpSession)> calls method <click.kivvi.domain.Theme.fromValueOrDefault(java.lang.String)> in (SessionPreferencesStore.java:24)
    - Method <click.kivvi.infrastructure.SessionPreferencesStore.sidebarState(jakarta.servlet.http.HttpSession)> calls method <click.kivvi.domain.SidebarState.fromValueOrDefault(java.lang.String)> in (SessionPreferencesStore.java:29)
    - Method <click.kivvi.infrastructure.SessionIdentityStore.current(jakarta.servlet.http.HttpSession)> calls method <click.kivvi.domain.Identity.derive(java.lang.String)> in (SessionIdentityStore.java:34)
    - Method <click.kivvi.infrastructure.SessionPreferencesStore.storeTheme(jakarta.servlet.http.HttpSession, java.lang.String)> calls method <click.kivvi.domain.Theme.fromValueOrDefault(java.lang.String)> in (SessionPreferencesStore.java:34)
    - Method <click.kivvi.infrastructure.SessionPreferencesStore.storeTheme(jakarta.servlet.http.HttpSession, java.lang.String)> calls method <click.kivvi.domain.Theme.value()> in (SessionPreferencesStore.java:35)
    - Method <click.kivvi.infrastructure.SessionPreferencesStore.storeSidebarState(jakarta.servlet.http.HttpSession, java.lang.String)> calls method <click.kivvi.domain.SidebarState.fromValueOrDefault(java.lang.String)> in (SessionPreferencesStore.java:40)
    - Method <click.kivvi.infrastructure.SessionPreferencesStore.storeSidebarState(jakarta.servlet.http.HttpSession, java.lang.String)> calls method <click.kivvi.domain.SidebarState.value()> in (SessionPreferencesStore.java:41)
Cycle detected: Slice domain -> 
                Slice web -> 
                Slice infrastructure -> 
                Slice fixtures -> 
                Slice domain
  1. Dependencies of Slice domain
    - Field <click.kivvi.domain.probe.ProbeDomainToWeb.controller> has type <click.kivvi.web.EventsController> in (ProbeDomainToWeb.java:0)
  2. Dependencies of Slice web
    - Method <click.kivvi.web.probe.ProbeWebToInfrastructure.create()> has return type <click.kivvi.infrastructure.session.SessionRequestSerializationFilter> in (ProbeWebToInfrastructure.java:0)
    - Method <click.kivvi.web.probe.ProbeWebToMercurePublisher.probe(click.kivvi.infrastructure.mercure.MercurePublisher)> has parameter of type <click.kivvi.infrastructure.mercure.MercurePublisher> in (ProbeWebToMercurePublisher.java:0)
    - Method <click.kivvi.web.probe.ProbeWebToInfrastructure.create()> calls constructor <click.kivvi.infrastructure.session.SessionRequestSerializationFilter.<init>(click.kivvi.infrastructure.session.SessionLockRegistry, long, long, boolean, java.lang.String)> in (ProbeWebToInfrastructure.java:8)
    - Method <click.kivvi.web.probe.ProbeWebToMercurePublisher.probe(click.kivvi.infrastructure.mercure.MercurePublisher)> calls method <click.kivvi.infrastructure.mercure.MercurePublisher.publish(java.lang.String, java.lang.String)> in (ProbeWebToMercurePublisher.java:8)
  3. Dependencies of Slice infrastructure
    - Method <click.kivvi.infrastructure.SessionIdentityStore.current(jakarta.servlet.http.HttpSession)> gets field <click.kivvi.fixtures.ShellFixtures.DEFAULT_IDENTITY> in (SessionIdentityStore.java:36)
  4. Dependencies of Slice fixtures
    - Field <click.kivvi.fixtures.ShellFixtures.DEFAULT_IDENTITY> has type <click.kivvi.domain.Identity> in (ShellFixtures.java:0)
    - Static Initializer <click.kivvi.fixtures.ShellFixtures.<clinit>()> calls constructor <click.kivvi.domain.Identity.<init>(java.lang.String, java.lang.String)> in (ShellFixtures.java:16)
    - Static Initializer <click.kivvi.fixtures.FeedsFixtures.<clinit>()> calls method <click.kivvi.domain.Format.number(double)> in (FeedsFixtures.java:53)
    - Static Initializer <click.kivvi.fixtures.FeedsFixtures.<clinit>()> calls method <click.kivvi.domain.Format.money(double)> in (FeedsFixtures.java:57)
    - Method <click.kivvi.fixtures.CustomersFixtures.profile(int)> calls method <click.kivvi.domain.Format.initials(java.lang.String)> in (CustomersFixtures.java:82)
    - Static Initializer <click.kivvi.fixtures.SettingsFixtures.<clinit>()> calls method <click.kivvi.domain.Format.number(double)> in (SettingsFixtures.java:113)
    - Static Initializer <click.kivvi.fixtures.SettingsFixtures.<clinit>()> calls method <click.kivvi.domain.Format.number(double)> in (SettingsFixtures.java:114)
    - Static Initializer <click.kivvi.fixtures.SettingsFixtures.<clinit>()> calls method <click.kivvi.domain.Format.number(double)> in (SettingsFixtures.java:115)
    - Method <click.kivvi.fixtures.LandingFixtures.previewTiles()> calls method <click.kivvi.domain.Format.number(double)> in (LandingFixtures.java:144)
    - Method <click.kivvi.fixtures.LandingFixtures.previewTiles()> calls method <click.kivvi.domain.Format.number(double)> in (LandingFixtures.java:145)
    - Static Initializer <click.kivvi.fixtures.SettingsFixtures.<clinit>()> calls method <click.kivvi.domain.Format.number(double)> in (SettingsFixtures.java:172)
    - Static Initializer <click.kivvi.fixtures.SettingsFixtures.<clinit>()> calls method <click.kivvi.domain.Format.number(double)> in (SettingsFixtures.java:182)
[ERROR] Tests run: 5, Failures: 5, Errors: 0, Skipped: 0
[ERROR] Failed to execute goal org.apache.maven.plugins:maven-surefire-plugin:3.5.6:test (default-test) on project kivvi-click: There are test failures.
[ERROR] 
[ERROR] See /home/muszkin/work/kivvi-click-wt/verify-wave-3-architecture/backend/target/surefire-reports for the individual test results.
[ERROR] See dump files (if any exist) [date].dump, [date]-jvmRun[N].dump and [date].dumpstream.
[ERROR] -> [Help 1]
[ERROR] 
[ERROR] To see the full stack trace of the errors, re-run Maven with the -e switch.
[ERROR] Re-run Maven using the -X switch to enable full debug logging.
[ERROR] 
[ERROR] For more information about the errors and possible solutions, please read the following articles:
[ERROR] [Help 1] http://cwiki.apache.org/confluence/display/MAVEN/MojoFailureException
=== exit: 1 ===
=== surefire per-test results ===
click.kivvi.architecture.ArchitectureTest.domainDoesNotDependOnWeb -- Time elapsed: 0.104 s <<< FAILURE!
click.kivvi.architecture.ArchitectureTest.topLevelPackagesFormNoCycle -- Time elapsed: 0.154 s <<< FAILURE!
click.kivvi.architecture.ArchitectureTest.accountsTopicLiteralExistsOnlyInEventStreamTopic -- Time elapsed: 0.060 s <<< FAILURE!
click.kivvi.architecture.ArchitectureTest.infrastructureIsOnlyUsedFromApplication -- Time elapsed: 0.011 s <<< FAILURE!
click.kivvi.architecture.ArchitectureTest.onlyTrackingApplicationAndMercureInfrastructureDependOnThePublisher -- Time elapsed: 0.004 s <<< FAILURE!
=== full surefire report ===
-------------------------------------------------------------------------------
Test set: click.kivvi.architecture.ArchitectureTest
-------------------------------------------------------------------------------
Tests run: 5, Failures: 5, Errors: 0, Skipped: 0, Time elapsed: 1.673 s <<< FAILURE! -- in click.kivvi.architecture.ArchitectureTest
click.kivvi.architecture.ArchitectureTest.domainDoesNotDependOnWeb -- Time elapsed: 0.104 s <<< FAILURE!
java.lang.AssertionError: 
Architecture Violation [Priority: MEDIUM] - Rule 'no classes that reside in a package '..domain..' should depend on classes that reside in a package '..web..'' was violated (1 times):
Field <click.kivvi.domain.probe.ProbeDomainToWeb.controller> has type <click.kivvi.web.EventsController> in (ProbeDomainToWeb.java:0)
	at com.tngtech.archunit.lang.ArchRule$Assertions.assertNoViolation(ArchRule.java:94)
	at com.tngtech.archunit.lang.ArchRule$Assertions.check(ArchRule.java:86)
	at com.tngtech.archunit.lang.ArchRule$Factory$SimpleArchRule.check(ArchRule.java:165)
	at com.tngtech.archunit.lang.syntax.ObjectsShouldInternal.check(ObjectsShouldInternal.java:81)
	at click.kivvi.architecture.ArchitectureTest.domainDoesNotDependOnWeb(ArchitectureTest.java:53)

click.kivvi.architecture.ArchitectureTest.topLevelPackagesFormNoCycle -- Time elapsed: 0.154 s <<< FAILURE!
java.lang.AssertionError: 
Architecture Violation [Priority: MEDIUM] - Rule 'slices matching 'click.kivvi.(*)..' should be free of cycles' was violated (8 times):
Cycle detected: Slice application -> 
                Slice domain -> 
                Slice web -> 
                Slice application
  1. Dependencies of Slice application
    - Method <click.kivvi.application.EventsViewService.allLabel(click.kivvi.domain.SupportedLocale)> has parameter of type <click.kivvi.domain.SupportedLocale> in (EventsViewService.java:0)
    - Method <click.kivvi.application.EventsViewService.build(click.kivvi.domain.SupportedLocale, java.lang.String, java.lang.String, java.lang.String)> has parameter of type <click.kivvi.domain.SupportedLocale> in (EventsViewService.java:0)
    - Method <click.kivvi.application.EventsViewService.detail(click.kivvi.domain.tracking.EventType, int, java.lang.String)> has parameter of type <click.kivvi.domain.tracking.EventType> in (EventsViewService.java:0)
    - Method <click.kivvi.application.EventsViewService.rows(click.kivvi.domain.SupportedLocale, int, java.time.Instant)> has parameter of type <click.kivvi.domain.SupportedLocale> in (EventsViewService.java:0)
    - Method <click.kivvi.application.EventsViewService.siteFilters(click.kivvi.domain.SupportedLocale, java.lang.String)> has parameter of type <click.kivvi.domain.SupportedLocale> in (EventsViewService.java:0)
    - Method <click.kivvi.application.EventsViewService.typeFilters(click.kivvi.domain.SupportedLocale, java.lang.String)> has parameter of type <click.kivvi.domain.SupportedLocale> in (EventsViewService.java:0)
    - Method <click.kivvi.application.PreferencesService.applySidebar(jakarta.servlet.http.HttpSession, java.lang.String)> has return type <click.kivvi.domain.SidebarState> in (PreferencesService.java:0)
    - Method <click.kivvi.application.PreferencesService.applyTheme(jakarta.servlet.http.HttpSession, java.lang.String)> has return type <click.kivvi.domain.Theme> in (PreferencesService.java:0)
    - Method <click.kivvi.application.SettingsViewService.build(java.lang.String, click.kivvi.domain.SupportedLocale)> has parameter of type <click.kivvi.domain.SupportedLocale> in (SettingsViewService.java:0)
    - Method <click.kivvi.application.SettingsViewService.toTabView(click.kivvi.fixtures.SettingsFixtures$Tab, java.lang.String, click.kivvi.domain.SupportedLocale)> has parameter of type <click.kivvi.domain.SupportedLocale> in (SettingsViewService.java:0)
    - Method <click.kivvi.application.ShellViewService.build(jakarta.servlet.http.HttpSession, click.kivvi.domain.SupportedLocale, java.lang.String)> has parameter of type <click.kivvi.domain.SupportedLocale> in (ShellViewService.java:0)
    - Method <click.kivvi.application.ShellViewService.toGroupView(click.kivvi.domain.NavigationCatalog$Group, click.kivvi.domain.SupportedLocale, java.util.Locale)> has parameter of type <click.kivvi.domain.NavigationCatalog$Group> in (ShellViewService.java:0)
    - Method <click.kivvi.application.ShellViewService.toGroupView(click.kivvi.domain.NavigationCatalog$Group, click.kivvi.domain.SupportedLocale, java.util.Locale)> has parameter of type <click.kivvi.domain.SupportedLocale> in (ShellViewService.java:0)
    - Method <click.kivvi.application.SpaDocumentService.render(jakarta.servlet.http.HttpSession, click.kivvi.domain.SupportedLocale)> has parameter of type <click.kivvi.domain.SupportedLocale> in (SpaDocumentService.java:0)
    - Method <click.kivvi.application.SpaDocumentService.render(jakarta.servlet.http.HttpSession, click.kivvi.domain.SupportedLocale, java.lang.String, java.lang.String)> has parameter of type <click.kivvi.domain.SupportedLocale> in (SpaDocumentService.java:0)
    - Method <click.kivvi.application.tracking.EventIngestionService.ingest(click.kivvi.domain.tracking.TrackedEvent)> has parameter of type <click.kivvi.domain.tracking.TrackedEvent> in (EventIngestionService.java:0)
    - Method <click.kivvi.application.tracking.EventIngestionService.toEnvelope(click.kivvi.domain.tracking.TrackedEvent)> has parameter of type <click.kivvi.domain.tracking.TrackedEvent> in (EventIngestionService.java:0)
    - Method <click.kivvi.application.LoginService.attemptSignIn(jakarta.servlet.http.HttpServletRequest, java.lang.String)> calls method <click.kivvi.domain.EmailValidation.errorFor(java.lang.String)> in (LoginService.java:30)
    - Method <click.kivvi.application.SpaDocumentService.render(jakarta.servlet.http.HttpSession, click.kivvi.domain.SupportedLocale, java.lang.String, java.lang.String)> calls constructor <click.kivvi.domain.SpaDocument$Attributes.<init>(java.lang.String, java.lang.String, java.lang.String, java.lang.String, java.lang.String)> in (SpaDocumentService.java:38)
    - Method <click.kivvi.application.SpaDocumentService.render(jakarta.servlet.http.HttpSession, click.kivvi.domain.SupportedLocale, java.lang.String, java.lang.String)> calls method <click.kivvi.domain.SidebarState.value()> in (SpaDocumentService.java:38)
    (84 further dependencies have been omitted...)
  2. Dependencies of Slice domain
    - Field <click.kivvi.domain.probe.ProbeDomainToWeb.controller> has type <click.kivvi.web.EventsController> in (ProbeDomainToWeb.java:0)
  3. Dependencies of Slice web
    - Constructor <click.kivvi.web.AutomationsController.<init>(click.kivvi.application.AutomationsViewService)> has parameter of type <click.kivvi.application.AutomationsViewService> in (AutomationsController.java:0)
    - Constructor <click.kivvi.web.CampaignsController.<init>(click.kivvi.application.CampaignsViewService)> has parameter of type <click.kivvi.application.CampaignsViewService> in (CampaignsController.java:0)
    - Constructor <click.kivvi.web.CollectController.<init>(click.kivvi.application.tracking.EventIngestionService, tools.jackson.databind.ObjectMapper)> has parameter of type <click.kivvi.application.tracking.EventIngestionService> in (CollectController.java:0)
    - Constructor <click.kivvi.web.CustomersController.<init>(click.kivvi.application.CustomersViewService, click.kivvi.application.SpaDocumentService)> has parameter of type <click.kivvi.application.CustomersViewService> in (CustomersController.java:0)
    - Constructor <click.kivvi.web.CustomersController.<init>(click.kivvi.application.CustomersViewService, click.kivvi.application.SpaDocumentService)> has parameter of type <click.kivvi.application.SpaDocumentService> in (CustomersController.java:0)
    - Constructor <click.kivvi.web.EventsController.<init>(click.kivvi.application.EventsViewService)> has parameter of type <click.kivvi.application.EventsViewService> in (EventsController.java:0)
    - Constructor <click.kivvi.web.FeedsController.<init>(click.kivvi.application.FeedsViewService)> has parameter of type <click.kivvi.application.FeedsViewService> in (FeedsController.java:0)
    - Constructor <click.kivvi.web.LandingController.<init>(click.kivvi.application.LandingViewService)> has parameter of type <click.kivvi.application.LandingViewService> in (LandingController.java:0)
    - Constructor <click.kivvi.web.LoginController.<init>(click.kivvi.application.LoginService, click.kivvi.application.SpaDocumentService)> has parameter of type <click.kivvi.application.LoginService> in (LoginController.java:0)
    - Constructor <click.kivvi.web.LoginController.<init>(click.kivvi.application.LoginService, click.kivvi.application.SpaDocumentService)> has parameter of type <click.kivvi.application.SpaDocumentService> in (LoginController.java:0)
    - Constructor <click.kivvi.web.PreferencesController.<init>(click.kivvi.application.PreferencesService, tools.jackson.databind.ObjectMapper)> has parameter of type <click.kivvi.application.PreferencesService> in (PreferencesController.java:0)
    - Constructor <click.kivvi.web.SettingsController.<init>(click.kivvi.application.SettingsViewService, click.kivvi.application.SpaDocumentService)> has parameter of type <click.kivvi.application.SettingsViewService> in (SettingsController.java:0)
    - Constructor <click.kivvi.web.SettingsController.<init>(click.kivvi.application.SettingsViewService, click.kivvi.application.SpaDocumentService)> has parameter of type <click.kivvi.application.SpaDocumentService> in (SettingsController.java:0)
    - Constructor <click.kivvi.web.ShellController.<init>(click.kivvi.application.ShellViewService)> has parameter of type <click.kivvi.application.ShellViewService> in (ShellController.java:0)
    - Constructor <click.kivvi.web.SpaDocumentController.<init>(click.kivvi.application.SpaDocumentService)> has parameter of type <click.kivvi.application.SpaDocumentService> in (SpaDocumentController.java:0)
    - Field <click.kivvi.web.AutomationsController.automationsViewService> has type <click.kivvi.application.AutomationsViewService> in (AutomationsController.java:0)
    - Field <click.kivvi.web.CampaignsController.campaignsViewService> has type <click.kivvi.application.CampaignsViewService> in (CampaignsController.java:0)
    - Field <click.kivvi.web.CollectController.eventIngestionService> has type <click.kivvi.application.tracking.EventIngestionService> in (CollectController.java:0)
    - Field <click.kivvi.web.CustomersController.customersViewService> has type <click.kivvi.application.CustomersViewService> in (CustomersController.java:0)
    - Field <click.kivvi.web.CustomersController.spaDocumentService> has type <click.kivvi.application.SpaDocumentService> in (CustomersController.java:0)
    (214 further dependencies have been omitted...)
Cycle detected: Slice application -> 
                Slice fixtures -> 
                Slice domain -> 
                Slice web -> 
                Slice application
  1. Dependencies of Slice application
    - Constructor <click.kivvi.application.AutomationsViewService$EditorPayload.<init>(click.kivvi.fixtures.AutomationsFixtures$Header, java.lang.String, java.util.List, java.util.List, java.util.List, java.util.List, java.util.List)> has generic parameter type <java.util.List<click.kivvi.fixtures.AutomationsFixtures$Edge>> with type argument depending on <click.kivvi.fixtures.AutomationsFixtures$Edge> in (AutomationsViewService.java:0)
    - Constructor <click.kivvi.application.AutomationsViewService$EditorPayload.<init>(click.kivvi.fixtures.AutomationsFixtures$Header, java.lang.String, java.util.List, java.util.List, java.util.List, java.util.List, java.util.List)> has generic parameter type <java.util.List<click.kivvi.fixtures.AutomationsFixtures$EditorTab>> with type argument depending on <click.kivvi.fixtures.AutomationsFixtures$EditorTab> in (AutomationsViewService.java:0)
    - Constructor <click.kivvi.application.AutomationsViewService$EditorPayload.<init>(click.kivvi.fixtures.AutomationsFixtures$Header, java.lang.String, java.util.List, java.util.List, java.util.List, java.util.List, java.util.List)> has generic parameter type <java.util.List<click.kivvi.fixtures.AutomationsFixtures$FlowNode>> with type argument depending on <click.kivvi.fixtures.AutomationsFixtures$FlowNode> in (AutomationsViewService.java:0)
    - Constructor <click.kivvi.application.AutomationsViewService$EditorPayload.<init>(click.kivvi.fixtures.AutomationsFixtures$Header, java.lang.String, java.util.List, java.util.List, java.util.List, java.util.List, java.util.List)> has generic parameter type <java.util.List<click.kivvi.fixtures.AutomationsFixtures$PipelineStep>> with type argument depending on <click.kivvi.fixtures.AutomationsFixtures$PipelineStep> in (AutomationsViewService.java:0)
    - Constructor <click.kivvi.application.AutomationsViewService$EditorPayload.<init>(click.kivvi.fixtures.AutomationsFixtures$Header, java.lang.String, java.util.List, java.util.List, java.util.List, java.util.List, java.util.List)> has generic parameter type <java.util.List<click.kivvi.fixtures.AutomationsFixtures$SimulationItem>> with type argument depending on <click.kivvi.fixtures.AutomationsFixtures$SimulationItem> in (AutomationsViewService.java:0)
    - Constructor <click.kivvi.application.AutomationsViewService$EditorPayload.<init>(click.kivvi.fixtures.AutomationsFixtures$Header, java.lang.String, java.util.List, java.util.List, java.util.List, java.util.List, java.util.List)> has parameter of type <click.kivvi.fixtures.AutomationsFixtures$Header> in (AutomationsViewService.java:0)
    - Constructor <click.kivvi.application.CampaignsViewService$EditorPayload.<init>(click.kivvi.application.CampaignsViewService$Template, java.util.List, java.util.List, java.util.List, click.kivvi.fixtures.CampaignsFixtures$SelectedBlock)> has generic parameter type <java.util.List<click.kivvi.fixtures.CampaignsFixtures$Block>> with type argument depending on <click.kivvi.fixtures.CampaignsFixtures$Block> in (CampaignsViewService.java:0)
    - Constructor <click.kivvi.application.CampaignsViewService$EditorPayload.<init>(click.kivvi.application.CampaignsViewService$Template, java.util.List, java.util.List, java.util.List, click.kivvi.fixtures.CampaignsFixtures$SelectedBlock)> has generic parameter type <java.util.List<click.kivvi.fixtures.CampaignsFixtures$Section>> with type argument depending on <click.kivvi.fixtures.CampaignsFixtures$Section> in (CampaignsViewService.java:0)
    - Constructor <click.kivvi.application.CampaignsViewService$EditorPayload.<init>(click.kivvi.application.CampaignsViewService$Template, java.util.List, java.util.List, java.util.List, click.kivvi.fixtures.CampaignsFixtures$SelectedBlock)> has generic parameter type <java.util.List<click.kivvi.fixtures.CampaignsFixtures$Variable>> with type argument depending on <click.kivvi.fixtures.CampaignsFixtures$Variable> in (CampaignsViewService.java:0)
    - Constructor <click.kivvi.application.CampaignsViewService$EditorPayload.<init>(click.kivvi.application.CampaignsViewService$Template, java.util.List, java.util.List, java.util.List, click.kivvi.fixtures.CampaignsFixtures$SelectedBlock)> has parameter of type <click.kivvi.fixtures.CampaignsFixtures$SelectedBlock> in (CampaignsViewService.java:0)
    - Constructor <click.kivvi.application.CustomersViewService$CustomerRow.<init>(java.lang.String, java.lang.String, java.lang.String, java.lang.String, click.kivvi.fixtures.CustomersFixtures$Segment, java.lang.String, java.lang.String, java.lang.String)> has parameter of type <click.kivvi.fixtures.CustomersFixtures$Segment> in (CustomersViewService.java:0)
    - Constructor <click.kivvi.application.CustomersViewService$DetailPayload.<init>(click.kivvi.application.CustomersViewService$CustomerDetail, java.lang.String, java.util.List, java.util.List, java.util.List, java.util.List, java.util.List)> has generic parameter type <java.util.List<click.kivvi.fixtures.AutomationsFixtures$ActiveAutomation>> with type argument depending on <click.kivvi.fixtures.AutomationsFixtures$ActiveAutomation> in (CustomersViewService.java:0)
    - Constructor <click.kivvi.application.FeedsViewService$Payload.<init>(java.util.List, java.util.List, java.util.List, java.util.List, java.util.List, int)> has generic parameter type <java.util.List<click.kivvi.fixtures.FeedsFixtures$CoverageBar>> with type argument depending on <click.kivvi.fixtures.FeedsFixtures$CoverageBar> in (FeedsViewService.java:0)
    - Constructor <click.kivvi.application.FeedsViewService$Payload.<init>(java.util.List, java.util.List, java.util.List, java.util.List, java.util.List, int)> has generic parameter type <java.util.List<click.kivvi.fixtures.FeedsFixtures$FallbackRule>> with type argument depending on <click.kivvi.fixtures.FeedsFixtures$FallbackRule> in (FeedsViewService.java:0)
    - Constructor <click.kivvi.application.FeedsViewService$Payload.<init>(java.util.List, java.util.List, java.util.List, java.util.List, java.util.List, int)> has generic parameter type <java.util.List<click.kivvi.fixtures.FeedsFixtures$Kpi>> with type argument depending on <click.kivvi.fixtures.FeedsFixtures$Kpi> in (FeedsViewService.java:0)
    - Constructor <click.kivvi.application.FeedsViewService$Payload.<init>(java.util.List, java.util.List, java.util.List, java.util.List, java.util.List, int)> has generic parameter type <java.util.List<click.kivvi.fixtures.FeedsFixtures$Source>> with type argument depending on <click.kivvi.fixtures.FeedsFixtures$Source> in (FeedsViewService.java:0)
    - Field <click.kivvi.application.AutomationsViewService$EditorPayload.automation> has type <click.kivvi.fixtures.AutomationsFixtures$Header> in (AutomationsViewService.java:0)
    - Field <click.kivvi.application.AutomationsViewService$EditorPayload.edges> has generic type <java.util.List<click.kivvi.fixtures.AutomationsFixtures$Edge>> with type argument depending on <click.kivvi.fixtures.AutomationsFixtures$Edge> in (AutomationsViewService.java:0)
    - Field <click.kivvi.application.AutomationsViewService$EditorPayload.nodes> has generic type <java.util.List<click.kivvi.fixtures.AutomationsFixtures$FlowNode>> with type argument depending on <click.kivvi.fixtures.AutomationsFixtures$FlowNode> in (AutomationsViewService.java:0)
    - Field <click.kivvi.application.AutomationsViewService$EditorPayload.simulation> has generic type <java.util.List<click.kivvi.fixtures.AutomationsFixtures$SimulationItem>> with type argument depending on <click.kivvi.fixtures.AutomationsFixtures$SimulationItem> in (AutomationsViewService.java:0)
    (169 further dependencies have been omitted...)
  2. Dependencies of Slice fixtures
    - Field <click.kivvi.fixtures.ShellFixtures.DEFAULT_IDENTITY> has type <click.kivvi.domain.Identity> in (ShellFixtures.java:0)
    - Static Initializer <click.kivvi.fixtures.ShellFixtures.<clinit>()> calls constructor <click.kivvi.domain.Identity.<init>(java.lang.String, java.lang.String)> in (ShellFixtures.java:16)
    - Static Initializer <click.kivvi.fixtures.FeedsFixtures.<clinit>()> calls method <click.kivvi.domain.Format.number(double)> in (FeedsFixtures.java:53)
    - Static Initializer <click.kivvi.fixtures.FeedsFixtures.<clinit>()> calls method <click.kivvi.domain.Format.money(double)> in (FeedsFixtures.java:57)
    - Method <click.kivvi.fixtures.CustomersFixtures.profile(int)> calls method <click.kivvi.domain.Format.initials(java.lang.String)> in (CustomersFixtures.java:82)
    - Static Initializer <click.kivvi.fixtures.SettingsFixtures.<clinit>()> calls method <click.kivvi.domain.Format.number(double)> in (SettingsFixtures.java:113)
    - Static Initializer <click.kivvi.fixtures.SettingsFixtures.<clinit>()> calls method <click.kivvi.domain.Format.number(double)> in (SettingsFixtures.java:114)
    - Static Initializer <click.kivvi.fixtures.SettingsFixtures.<clinit>()> calls method <click.kivvi.domain.Format.number(double)> in (SettingsFixtures.java:115)
    - Method <click.kivvi.fixtures.LandingFixtures.previewTiles()> calls method <click.kivvi.domain.Format.number(double)> in (LandingFixtures.java:144)
    - Method <click.kivvi.fixtures.LandingFixtures.previewTiles()> calls method <click.kivvi.domain.Format.number(double)> in (LandingFixtures.java:145)
    - Static Initializer <click.kivvi.fixtures.SettingsFixtures.<clinit>()> calls method <click.kivvi.domain.Format.number(double)> in (SettingsFixtures.java:172)
    - Static Initializer <click.kivvi.fixtures.SettingsFixtures.<clinit>()> calls method <click.kivvi.domain.Format.number(double)> in (SettingsFixtures.java:182)
  3. Dependencies of Slice domain
    - Field <click.kivvi.domain.probe.ProbeDomainToWeb.controller> has type <click.kivvi.web.EventsController> in (ProbeDomainToWeb.java:0)
  4. Dependencies of Slice web
    - Constructor <click.kivvi.web.AutomationsController.<init>(click.kivvi.application.AutomationsViewService)> has parameter of type <click.kivvi.application.AutomationsViewService> in (AutomationsController.java:0)
    - Constructor <click.kivvi.web.CampaignsController.<init>(click.kivvi.application.CampaignsViewService)> has parameter of type <click.kivvi.application.CampaignsViewService> in (CampaignsController.java:0)
    - Constructor <click.kivvi.web.CollectController.<init>(click.kivvi.application.tracking.EventIngestionService, tools.jackson.databind.ObjectMapper)> has parameter of type <click.kivvi.application.tracking.EventIngestionService> in (CollectController.java:0)
    - Constructor <click.kivvi.web.CustomersController.<init>(click.kivvi.application.CustomersViewService, click.kivvi.application.SpaDocumentService)> has parameter of type <click.kivvi.application.CustomersViewService> in (CustomersController.java:0)
    - Constructor <click.kivvi.web.CustomersController.<init>(click.kivvi.application.CustomersViewService, click.kivvi.application.SpaDocumentService)> has parameter of type <click.kivvi.application.SpaDocumentService> in (CustomersController.java:0)
    - Constructor <click.kivvi.web.EventsController.<init>(click.kivvi.application.EventsViewService)> has parameter of type <click.kivvi.application.EventsViewService> in (EventsController.java:0)
    - Constructor <click.kivvi.web.FeedsController.<init>(click.kivvi.application.FeedsViewService)> has parameter of type <click.kivvi.application.FeedsViewService> in (FeedsController.java:0)
    - Constructor <click.kivvi.web.LandingController.<init>(click.kivvi.application.LandingViewService)> has parameter of type <click.kivvi.application.LandingViewService> in (LandingController.java:0)
    - Constructor <click.kivvi.web.LoginController.<init>(click.kivvi.application.LoginService, click.kivvi.application.SpaDocumentService)> has parameter of type <click.kivvi.application.LoginService> in (LoginController.java:0)
    - Constructor <click.kivvi.web.LoginController.<init>(click.kivvi.application.LoginService, click.kivvi.application.SpaDocumentService)> has parameter of type <click.kivvi.application.SpaDocumentService> in (LoginController.java:0)
    - Constructor <click.kivvi.web.PreferencesController.<init>(click.kivvi.application.PreferencesService, tools.jackson.databind.ObjectMapper)> has parameter of type <click.kivvi.application.PreferencesService> in (PreferencesController.java:0)
    - Constructor <click.kivvi.web.SettingsController.<init>(click.kivvi.application.SettingsViewService, click.kivvi.application.SpaDocumentService)> has parameter of type <click.kivvi.application.SettingsViewService> in (SettingsController.java:0)
    - Constructor <click.kivvi.web.SettingsController.<init>(click.kivvi.application.SettingsViewService, click.kivvi.application.SpaDocumentService)> has parameter of type <click.kivvi.application.SpaDocumentService> in (SettingsController.java:0)
    - Constructor <click.kivvi.web.ShellController.<init>(click.kivvi.application.ShellViewService)> has parameter of type <click.kivvi.application.ShellViewService> in (ShellController.java:0)
    - Constructor <click.kivvi.web.SpaDocumentController.<init>(click.kivvi.application.SpaDocumentService)> has parameter of type <click.kivvi.application.SpaDocumentService> in (SpaDocumentController.java:0)
    - Field <click.kivvi.web.AutomationsController.automationsViewService> has type <click.kivvi.application.AutomationsViewService> in (AutomationsController.java:0)
    - Field <click.kivvi.web.CampaignsController.campaignsViewService> has type <click.kivvi.application.CampaignsViewService> in (CampaignsController.java:0)
    - Field <click.kivvi.web.CollectController.eventIngestionService> has type <click.kivvi.application.tracking.EventIngestionService> in (CollectController.java:0)
    - Field <click.kivvi.web.CustomersController.customersViewService> has type <click.kivvi.application.CustomersViewService> in (CustomersController.java:0)
    - Field <click.kivvi.web.CustomersController.spaDocumentService> has type <click.kivvi.application.SpaDocumentService> in (CustomersController.java:0)
    (214 further dependencies have been omitted...)
Cycle detected: Slice application -> 
                Slice infrastructure -> 
                Slice domain -> 
                Slice web -> 
                Slice application
  1. Dependencies of Slice application
    - Constructor <click.kivvi.application.LoginService.<init>(click.kivvi.infrastructure.SessionIdentityStore)> has parameter of type <click.kivvi.infrastructure.SessionIdentityStore> in (LoginService.java:0)
    - Constructor <click.kivvi.application.PreferencesService.<init>(click.kivvi.infrastructure.SessionPreferencesStore)> has parameter of type <click.kivvi.infrastructure.SessionPreferencesStore> in (PreferencesService.java:0)
    - Constructor <click.kivvi.application.ShellViewService.<init>(click.kivvi.infrastructure.SessionPreferencesStore, click.kivvi.infrastructure.SessionIdentityStore, click.kivvi.infrastructure.NavigationLabels)> has parameter of type <click.kivvi.infrastructure.NavigationLabels> in (ShellViewService.java:0)
    - Constructor <click.kivvi.application.ShellViewService.<init>(click.kivvi.infrastructure.SessionPreferencesStore, click.kivvi.infrastructure.SessionIdentityStore, click.kivvi.infrastructure.NavigationLabels)> has parameter of type <click.kivvi.infrastructure.SessionIdentityStore> in (ShellViewService.java:0)
    - Constructor <click.kivvi.application.ShellViewService.<init>(click.kivvi.infrastructure.SessionPreferencesStore, click.kivvi.infrastructure.SessionIdentityStore, click.kivvi.infrastructure.NavigationLabels)> has parameter of type <click.kivvi.infrastructure.SessionPreferencesStore> in (ShellViewService.java:0)
    - Constructor <click.kivvi.application.SpaDocumentService.<init>(click.kivvi.infrastructure.IndexHtmlTemplate, click.kivvi.infrastructure.SessionPreferencesStore)> has parameter of type <click.kivvi.infrastructure.IndexHtmlTemplate> in (SpaDocumentService.java:0)
    - Constructor <click.kivvi.application.SpaDocumentService.<init>(click.kivvi.infrastructure.IndexHtmlTemplate, click.kivvi.infrastructure.SessionPreferencesStore)> has parameter of type <click.kivvi.infrastructure.SessionPreferencesStore> in (SpaDocumentService.java:0)
    - Constructor <click.kivvi.application.tracking.EventIngestionService.<init>(click.kivvi.infrastructure.tracking.EventDedupLedger, click.kivvi.infrastructure.mercure.MercurePublisher, tools.jackson.databind.ObjectMapper)> has parameter of type <click.kivvi.infrastructure.mercure.MercurePublisher> in (EventIngestionService.java:0)
    - Constructor <click.kivvi.application.tracking.EventIngestionService.<init>(click.kivvi.infrastructure.tracking.EventDedupLedger, click.kivvi.infrastructure.mercure.MercurePublisher, tools.jackson.databind.ObjectMapper)> has parameter of type <click.kivvi.infrastructure.tracking.EventDedupLedger> in (EventIngestionService.java:0)
    - Field <click.kivvi.application.LoginService.identityStore> has type <click.kivvi.infrastructure.SessionIdentityStore> in (LoginService.java:0)
    - Field <click.kivvi.application.PreferencesService.store> has type <click.kivvi.infrastructure.SessionPreferencesStore> in (PreferencesService.java:0)
    - Field <click.kivvi.application.ShellViewService.identity> has type <click.kivvi.infrastructure.SessionIdentityStore> in (ShellViewService.java:0)
    - Field <click.kivvi.application.ShellViewService.labels> has type <click.kivvi.infrastructure.NavigationLabels> in (ShellViewService.java:0)
    - Field <click.kivvi.application.ShellViewService.preferences> has type <click.kivvi.infrastructure.SessionPreferencesStore> in (ShellViewService.java:0)
    - Field <click.kivvi.application.SpaDocumentService.preferences> has type <click.kivvi.infrastructure.SessionPreferencesStore> in (SpaDocumentService.java:0)
    - Field <click.kivvi.application.SpaDocumentService.template> has type <click.kivvi.infrastructure.IndexHtmlTemplate> in (SpaDocumentService.java:0)
    - Field <click.kivvi.application.tracking.EventIngestionService.dedupStore> has type <click.kivvi.infrastructure.tracking.EventDedupLedger> in (EventIngestionService.java:0)
    - Field <click.kivvi.application.tracking.EventIngestionService.publisher> has type <click.kivvi.infrastructure.mercure.MercurePublisher> in (EventIngestionService.java:0)
    - Method <click.kivvi.application.PreferencesService.applyTheme(jakarta.servlet.http.HttpSession, java.lang.String)> calls method <click.kivvi.infrastructure.SessionPreferencesStore.storeTheme(jakarta.servlet.http.HttpSession, java.lang.String)> in (PreferencesService.java:23)
    - Method <click.kivvi.application.PreferencesService.applySidebar(jakarta.servlet.http.HttpSession, java.lang.String)> calls method <click.kivvi.infrastructure.SessionPreferencesStore.storeSidebarState(jakarta.servlet.http.HttpSession, java.lang.String)> in (PreferencesService.java:27)
    (13 further dependencies have been omitted...)
  2. Dependencies of Slice infrastructure
    - Method <click.kivvi.infrastructure.SessionIdentityStore.current(jakarta.servlet.http.HttpSession)> has return type <click.kivvi.domain.Identity> in (SessionIdentityStore.java:0)
    - Method <click.kivvi.infrastructure.SessionPreferencesStore.sidebarState(jakarta.servlet.http.HttpSession)> has return type <click.kivvi.domain.SidebarState> in (SessionPreferencesStore.java:0)
    - Method <click.kivvi.infrastructure.SessionPreferencesStore.storeSidebarState(jakarta.servlet.http.HttpSession, java.lang.String)> has return type <click.kivvi.domain.SidebarState> in (SessionPreferencesStore.java:0)
    - Method <click.kivvi.infrastructure.SessionPreferencesStore.storeTheme(jakarta.servlet.http.HttpSession, java.lang.String)> has return type <click.kivvi.domain.Theme> in (SessionPreferencesStore.java:0)
    - Method <click.kivvi.infrastructure.SessionPreferencesStore.theme(jakarta.servlet.http.HttpSession)> has return type <click.kivvi.domain.Theme> in (SessionPreferencesStore.java:0)
    - Method <click.kivvi.infrastructure.SessionPreferencesStore.theme(jakarta.servlet.http.HttpSession)> calls method <click.kivvi.domain.Theme.fromValueOrDefault(java.lang.String)> in (SessionPreferencesStore.java:24)
    - Method <click.kivvi.infrastructure.SessionPreferencesStore.sidebarState(jakarta.servlet.http.HttpSession)> calls method <click.kivvi.domain.SidebarState.fromValueOrDefault(java.lang.String)> in (SessionPreferencesStore.java:29)
    - Method <click.kivvi.infrastructure.SessionIdentityStore.current(jakarta.servlet.http.HttpSession)> calls method <click.kivvi.domain.Identity.derive(java.lang.String)> in (SessionIdentityStore.java:34)
    - Method <click.kivvi.infrastructure.SessionPreferencesStore.storeTheme(jakarta.servlet.http.HttpSession, java.lang.String)> calls method <click.kivvi.domain.Theme.fromValueOrDefault(java.lang.String)> in (SessionPreferencesStore.java:34)
    - Method <click.kivvi.infrastructure.SessionPreferencesStore.storeTheme(jakarta.servlet.http.HttpSession, java.lang.String)> calls method <click.kivvi.domain.Theme.value()> in (SessionPreferencesStore.java:35)
    - Method <click.kivvi.infrastructure.SessionPreferencesStore.storeSidebarState(jakarta.servlet.http.HttpSession, java.lang.String)> calls method <click.kivvi.domain.SidebarState.fromValueOrDefault(java.lang.String)> in (SessionPreferencesStore.java:40)
    - Method <click.kivvi.infrastructure.SessionPreferencesStore.storeSidebarState(jakarta.servlet.http.HttpSession, java.lang.String)> calls method <click.kivvi.domain.SidebarState.value()> in (SessionPreferencesStore.java:41)
  3. Dependencies of Slice domain
    - Field <click.kivvi.domain.probe.ProbeDomainToWeb.controller> has type <click.kivvi.web.EventsController> in (ProbeDomainToWeb.java:0)
  4. Dependencies of Slice web
    - Constructor <click.kivvi.web.AutomationsController.<init>(click.kivvi.application.AutomationsViewService)> has parameter of type <click.kivvi.application.AutomationsViewService> in (AutomationsController.java:0)
    - Constructor <click.kivvi.web.CampaignsController.<init>(click.kivvi.application.CampaignsViewService)> has parameter of type <click.kivvi.application.CampaignsViewService> in (CampaignsController.java:0)
    - Constructor <click.kivvi.web.CollectController.<init>(click.kivvi.application.tracking.EventIngestionService, tools.jackson.databind.ObjectMapper)> has parameter of type <click.kivvi.application.tracking.EventIngestionService> in (CollectController.java:0)
    - Constructor <click.kivvi.web.CustomersController.<init>(click.kivvi.application.CustomersViewService, click.kivvi.application.SpaDocumentService)> has parameter of type <click.kivvi.application.CustomersViewService> in (CustomersController.java:0)
    - Constructor <click.kivvi.web.CustomersController.<init>(click.kivvi.application.CustomersViewService, click.kivvi.application.SpaDocumentService)> has parameter of type <click.kivvi.application.SpaDocumentService> in (CustomersController.java:0)
    - Constructor <click.kivvi.web.EventsController.<init>(click.kivvi.application.EventsViewService)> has parameter of type <click.kivvi.application.EventsViewService> in (EventsController.java:0)
    - Constructor <click.kivvi.web.FeedsController.<init>(click.kivvi.application.FeedsViewService)> has parameter of type <click.kivvi.application.FeedsViewService> in (FeedsController.java:0)
    - Constructor <click.kivvi.web.LandingController.<init>(click.kivvi.application.LandingViewService)> has parameter of type <click.kivvi.application.LandingViewService> in (LandingController.java:0)
    - Constructor <click.kivvi.web.LoginController.<init>(click.kivvi.application.LoginService, click.kivvi.application.SpaDocumentService)> has parameter of type <click.kivvi.application.LoginService> in (LoginController.java:0)
    - Constructor <click.kivvi.web.LoginController.<init>(click.kivvi.application.LoginService, click.kivvi.application.SpaDocumentService)> has parameter of type <click.kivvi.application.SpaDocumentService> in (LoginController.java:0)
    - Constructor <click.kivvi.web.PreferencesController.<init>(click.kivvi.application.PreferencesService, tools.jackson.databind.ObjectMapper)> has parameter of type <click.kivvi.application.PreferencesService> in (PreferencesController.java:0)
    - Constructor <click.kivvi.web.SettingsController.<init>(click.kivvi.application.SettingsViewService, click.kivvi.application.SpaDocumentService)> has parameter of type <click.kivvi.application.SettingsViewService> in (SettingsController.java:0)
    - Constructor <click.kivvi.web.SettingsController.<init>(click.kivvi.application.SettingsViewService, click.kivvi.application.SpaDocumentService)> has parameter of type <click.kivvi.application.SpaDocumentService> in (SettingsController.java:0)
    - Constructor <click.kivvi.web.ShellController.<init>(click.kivvi.application.ShellViewService)> has parameter of type <click.kivvi.application.ShellViewService> in (ShellController.java:0)
    - Constructor <click.kivvi.web.SpaDocumentController.<init>(click.kivvi.application.SpaDocumentService)> has parameter of type <click.kivvi.application.SpaDocumentService> in (SpaDocumentController.java:0)
    - Field <click.kivvi.web.AutomationsController.automationsViewService> has type <click.kivvi.application.AutomationsViewService> in (AutomationsController.java:0)
    - Field <click.kivvi.web.CampaignsController.campaignsViewService> has type <click.kivvi.application.CampaignsViewService> in (CampaignsController.java:0)
    - Field <click.kivvi.web.CollectController.eventIngestionService> has type <click.kivvi.application.tracking.EventIngestionService> in (CollectController.java:0)
    - Field <click.kivvi.web.CustomersController.customersViewService> has type <click.kivvi.application.CustomersViewService> in (CustomersController.java:0)
    - Field <click.kivvi.web.CustomersController.spaDocumentService> has type <click.kivvi.application.SpaDocumentService> in (CustomersController.java:0)
    (214 further dependencies have been omitted...)
Cycle detected: Slice application -> 
                Slice infrastructure -> 
                Slice fixtures -> 
                Slice domain -> 
                Slice web -> 
                Slice application
  1. Dependencies of Slice application
    - Constructor <click.kivvi.application.LoginService.<init>(click.kivvi.infrastructure.SessionIdentityStore)> has parameter of type <click.kivvi.infrastructure.SessionIdentityStore> in (LoginService.java:0)
    - Constructor <click.kivvi.application.PreferencesService.<init>(click.kivvi.infrastructure.SessionPreferencesStore)> has parameter of type <click.kivvi.infrastructure.SessionPreferencesStore> in (PreferencesService.java:0)
    - Constructor <click.kivvi.application.ShellViewService.<init>(click.kivvi.infrastructure.SessionPreferencesStore, click.kivvi.infrastructure.SessionIdentityStore, click.kivvi.infrastructure.NavigationLabels)> has parameter of type <click.kivvi.infrastructure.NavigationLabels> in (ShellViewService.java:0)
    - Constructor <click.kivvi.application.ShellViewService.<init>(click.kivvi.infrastructure.SessionPreferencesStore, click.kivvi.infrastructure.SessionIdentityStore, click.kivvi.infrastructure.NavigationLabels)> has parameter of type <click.kivvi.infrastructure.SessionIdentityStore> in (ShellViewService.java:0)
    - Constructor <click.kivvi.application.ShellViewService.<init>(click.kivvi.infrastructure.SessionPreferencesStore, click.kivvi.infrastructure.SessionIdentityStore, click.kivvi.infrastructure.NavigationLabels)> has parameter of type <click.kivvi.infrastructure.SessionPreferencesStore> in (ShellViewService.java:0)
    - Constructor <click.kivvi.application.SpaDocumentService.<init>(click.kivvi.infrastructure.IndexHtmlTemplate, click.kivvi.infrastructure.SessionPreferencesStore)> has parameter of type <click.kivvi.infrastructure.IndexHtmlTemplate> in (SpaDocumentService.java:0)
    - Constructor <click.kivvi.application.SpaDocumentService.<init>(click.kivvi.infrastructure.IndexHtmlTemplate, click.kivvi.infrastructure.SessionPreferencesStore)> has parameter of type <click.kivvi.infrastructure.SessionPreferencesStore> in (SpaDocumentService.java:0)
    - Constructor <click.kivvi.application.tracking.EventIngestionService.<init>(click.kivvi.infrastructure.tracking.EventDedupLedger, click.kivvi.infrastructure.mercure.MercurePublisher, tools.jackson.databind.ObjectMapper)> has parameter of type <click.kivvi.infrastructure.mercure.MercurePublisher> in (EventIngestionService.java:0)
    - Constructor <click.kivvi.application.tracking.EventIngestionService.<init>(click.kivvi.infrastructure.tracking.EventDedupLedger, click.kivvi.infrastructure.mercure.MercurePublisher, tools.jackson.databind.ObjectMapper)> has parameter of type <click.kivvi.infrastructure.tracking.EventDedupLedger> in (EventIngestionService.java:0)
    - Field <click.kivvi.application.LoginService.identityStore> has type <click.kivvi.infrastructure.SessionIdentityStore> in (LoginService.java:0)
    - Field <click.kivvi.application.PreferencesService.store> has type <click.kivvi.infrastructure.SessionPreferencesStore> in (PreferencesService.java:0)
    - Field <click.kivvi.application.ShellViewService.identity> has type <click.kivvi.infrastructure.SessionIdentityStore> in (ShellViewService.java:0)
    - Field <click.kivvi.application.ShellViewService.labels> has type <click.kivvi.infrastructure.NavigationLabels> in (ShellViewService.java:0)
    - Field <click.kivvi.application.ShellViewService.preferences> has type <click.kivvi.infrastructure.SessionPreferencesStore> in (ShellViewService.java:0)
    - Field <click.kivvi.application.SpaDocumentService.preferences> has type <click.kivvi.infrastructure.SessionPreferencesStore> in (SpaDocumentService.java:0)
    - Field <click.kivvi.application.SpaDocumentService.template> has type <click.kivvi.infrastructure.IndexHtmlTemplate> in (SpaDocumentService.java:0)
    - Field <click.kivvi.application.tracking.EventIngestionService.dedupStore> has type <click.kivvi.infrastructure.tracking.EventDedupLedger> in (EventIngestionService.java:0)
    - Field <click.kivvi.application.tracking.EventIngestionService.publisher> has type <click.kivvi.infrastructure.mercure.MercurePublisher> in (EventIngestionService.java:0)
    - Method <click.kivvi.application.PreferencesService.applyTheme(jakarta.servlet.http.HttpSession, java.lang.String)> calls method <click.kivvi.infrastructure.SessionPreferencesStore.storeTheme(jakarta.servlet.http.HttpSession, java.lang.String)> in (PreferencesService.java:23)
    - Method <click.kivvi.application.PreferencesService.applySidebar(jakarta.servlet.http.HttpSession, java.lang.String)> calls method <click.kivvi.infrastructure.SessionPreferencesStore.storeSidebarState(jakarta.servlet.http.HttpSession, java.lang.String)> in (PreferencesService.java:27)
    (13 further dependencies have been omitted...)
  2. Dependencies of Slice infrastructure
    - Method <click.kivvi.infrastructure.SessionIdentityStore.current(jakarta.servlet.http.HttpSession)> gets field <click.kivvi.fixtures.ShellFixtures.DEFAULT_IDENTITY> in (SessionIdentityStore.java:36)
  3. Dependencies of Slice fixtures
    - Field <click.kivvi.fixtures.ShellFixtures.DEFAULT_IDENTITY> has type <click.kivvi.domain.Identity> in (ShellFixtures.java:0)
    - Static Initializer <click.kivvi.fixtures.ShellFixtures.<clinit>()> calls constructor <click.kivvi.domain.Identity.<init>(java.lang.String, java.lang.String)> in (ShellFixtures.java:16)
    - Static Initializer <click.kivvi.fixtures.FeedsFixtures.<clinit>()> calls method <click.kivvi.domain.Format.number(double)> in (FeedsFixtures.java:53)
    - Static Initializer <click.kivvi.fixtures.FeedsFixtures.<clinit>()> calls method <click.kivvi.domain.Format.money(double)> in (FeedsFixtures.java:57)
    - Method <click.kivvi.fixtures.CustomersFixtures.profile(int)> calls method <click.kivvi.domain.Format.initials(java.lang.String)> in (CustomersFixtures.java:82)
    - Static Initializer <click.kivvi.fixtures.SettingsFixtures.<clinit>()> calls method <click.kivvi.domain.Format.number(double)> in (SettingsFixtures.java:113)
    - Static Initializer <click.kivvi.fixtures.SettingsFixtures.<clinit>()> calls method <click.kivvi.domain.Format.number(double)> in (SettingsFixtures.java:114)
    - Static Initializer <click.kivvi.fixtures.SettingsFixtures.<clinit>()> calls method <click.kivvi.domain.Format.number(double)> in (SettingsFixtures.java:115)
    - Method <click.kivvi.fixtures.LandingFixtures.previewTiles()> calls method <click.kivvi.domain.Format.number(double)> in (LandingFixtures.java:144)
    - Method <click.kivvi.fixtures.LandingFixtures.previewTiles()> calls method <click.kivvi.domain.Format.number(double)> in (LandingFixtures.java:145)
    - Static Initializer <click.kivvi.fixtures.SettingsFixtures.<clinit>()> calls method <click.kivvi.domain.Format.number(double)> in (SettingsFixtures.java:172)
    - Static Initializer <click.kivvi.fixtures.SettingsFixtures.<clinit>()> calls method <click.kivvi.domain.Format.number(double)> in (SettingsFixtures.java:182)
  4. Dependencies of Slice domain
    - Field <click.kivvi.domain.probe.ProbeDomainToWeb.controller> has type <click.kivvi.web.EventsController> in (ProbeDomainToWeb.java:0)
  5. Dependencies of Slice web
    - Constructor <click.kivvi.web.AutomationsController.<init>(click.kivvi.application.AutomationsViewService)> has parameter of type <click.kivvi.application.AutomationsViewService> in (AutomationsController.java:0)
    - Constructor <click.kivvi.web.CampaignsController.<init>(click.kivvi.application.CampaignsViewService)> has parameter of type <click.kivvi.application.CampaignsViewService> in (CampaignsController.java:0)
    - Constructor <click.kivvi.web.CollectController.<init>(click.kivvi.application.tracking.EventIngestionService, tools.jackson.databind.ObjectMapper)> has parameter of type <click.kivvi.application.tracking.EventIngestionService> in (CollectController.java:0)
    - Constructor <click.kivvi.web.CustomersController.<init>(click.kivvi.application.CustomersViewService, click.kivvi.application.SpaDocumentService)> has parameter of type <click.kivvi.application.CustomersViewService> in (CustomersController.java:0)
    - Constructor <click.kivvi.web.CustomersController.<init>(click.kivvi.application.CustomersViewService, click.kivvi.application.SpaDocumentService)> has parameter of type <click.kivvi.application.SpaDocumentService> in (CustomersController.java:0)
    - Constructor <click.kivvi.web.EventsController.<init>(click.kivvi.application.EventsViewService)> has parameter of type <click.kivvi.application.EventsViewService> in (EventsController.java:0)
    - Constructor <click.kivvi.web.FeedsController.<init>(click.kivvi.application.FeedsViewService)> has parameter of type <click.kivvi.application.FeedsViewService> in (FeedsController.java:0)
    - Constructor <click.kivvi.web.LandingController.<init>(click.kivvi.application.LandingViewService)> has parameter of type <click.kivvi.application.LandingViewService> in (LandingController.java:0)
    - Constructor <click.kivvi.web.LoginController.<init>(click.kivvi.application.LoginService, click.kivvi.application.SpaDocumentService)> has parameter of type <click.kivvi.application.LoginService> in (LoginController.java:0)
    - Constructor <click.kivvi.web.LoginController.<init>(click.kivvi.application.LoginService, click.kivvi.application.SpaDocumentService)> has parameter of type <click.kivvi.application.SpaDocumentService> in (LoginController.java:0)
    - Constructor <click.kivvi.web.PreferencesController.<init>(click.kivvi.application.PreferencesService, tools.jackson.databind.ObjectMapper)> has parameter of type <click.kivvi.application.PreferencesService> in (PreferencesController.java:0)
    - Constructor <click.kivvi.web.SettingsController.<init>(click.kivvi.application.SettingsViewService, click.kivvi.application.SpaDocumentService)> has parameter of type <click.kivvi.application.SettingsViewService> in (SettingsController.java:0)
    - Constructor <click.kivvi.web.SettingsController.<init>(click.kivvi.application.SettingsViewService, click.kivvi.application.SpaDocumentService)> has parameter of type <click.kivvi.application.SpaDocumentService> in (SettingsController.java:0)
    - Constructor <click.kivvi.web.ShellController.<init>(click.kivvi.application.ShellViewService)> has parameter of type <click.kivvi.application.ShellViewService> in (ShellController.java:0)
    - Constructor <click.kivvi.web.SpaDocumentController.<init>(click.kivvi.application.SpaDocumentService)> has parameter of type <click.kivvi.application.SpaDocumentService> in (SpaDocumentController.java:0)
    - Field <click.kivvi.web.AutomationsController.automationsViewService> has type <click.kivvi.application.AutomationsViewService> in (AutomationsController.java:0)
    - Field <click.kivvi.web.CampaignsController.campaignsViewService> has type <click.kivvi.application.CampaignsViewService> in (CampaignsController.java:0)
    - Field <click.kivvi.web.CollectController.eventIngestionService> has type <click.kivvi.application.tracking.EventIngestionService> in (CollectController.java:0)
    - Field <click.kivvi.web.CustomersController.customersViewService> has type <click.kivvi.application.CustomersViewService> in (CustomersController.java:0)
    - Field <click.kivvi.web.CustomersController.spaDocumentService> has type <click.kivvi.application.SpaDocumentService> in (CustomersController.java:0)
    (214 further dependencies have been omitted...)
Cycle detected: Slice domain -> 
                Slice web -> 
                Slice domain
  1. Dependencies of Slice domain
    - Field <click.kivvi.domain.probe.ProbeDomainToWeb.controller> has type <click.kivvi.web.EventsController> in (ProbeDomainToWeb.java:0)
  2. Dependencies of Slice web
    - Method <click.kivvi.web.FeedsController.feeds(java.lang.String)> calls method <click.kivvi.domain.SupportedLocale.fromCode(java.lang.String)> in (FeedsController.java:28)
    - Method <click.kivvi.web.EventsController.events(java.lang.String, java.lang.String, java.lang.String, java.lang.String)> calls method <click.kivvi.domain.SupportedLocale.fromCode(java.lang.String)> in (EventsController.java:30)
    - Method <click.kivvi.web.LandingController.landing(java.lang.String)> calls method <click.kivvi.domain.SupportedLocale.fromCode(java.lang.String)> in (LandingController.java:30)
    - Method <click.kivvi.web.ShellController.shell(java.lang.String, java.lang.String, jakarta.servlet.http.HttpServletRequest)> calls method <click.kivvi.domain.SupportedLocale.fromCode(java.lang.String)> in (ShellController.java:32)
    - Method <click.kivvi.web.AutomationsController.list(java.lang.String, java.lang.String)> calls method <click.kivvi.domain.SupportedLocale.fromCode(java.lang.String)> in (AutomationsController.java:34)
    - Method <click.kivvi.web.CampaignsController.campaigns(java.lang.String, java.lang.String)> calls method <click.kivvi.domain.SupportedLocale.fromCode(java.lang.String)> in (CampaignsController.java:35)
    - Method <click.kivvi.web.LandingController.demo(java.lang.String)> calls method <click.kivvi.domain.SupportedLocale.fromCode(java.lang.String)> in (LandingController.java:36)
    - Method <click.kivvi.web.PreferencesController.theme(jakarta.servlet.http.HttpServletRequest, jakarta.servlet.http.HttpSession)> calls method <click.kivvi.domain.Theme.value()> in (PreferencesController.java:36)
    - Method <click.kivvi.web.LandingController.demo(java.lang.String)> calls method <click.kivvi.domain.SupportedLocale.code()> in (LandingController.java:38)
    - Method <click.kivvi.web.CollectController.collect(jakarta.servlet.http.HttpServletRequest)> calls method <click.kivvi.domain.tracking.TrackedEvent.fromPayload(java.util.Map)> in (CollectController.java:41)
    - Method <click.kivvi.web.CollectController.collect(jakarta.servlet.http.HttpServletRequest)> catches type <click.kivvi.domain.tracking.InvalidEventPayload> in (CollectController.java:41)
    - Method <click.kivvi.web.PreferencesController.sidebar(jakarta.servlet.http.HttpServletRequest, jakarta.servlet.http.HttpSession)> calls method <click.kivvi.domain.SidebarState.value()> in (PreferencesController.java:43)
    - Method <click.kivvi.web.SpaDocumentController.document(jakarta.servlet.http.HttpServletRequest)> calls method <click.kivvi.domain.RouteTable.match(java.lang.String)> in (SpaDocumentController.java:45)
    - Method <click.kivvi.web.AutomationsController.editor(java.lang.String, java.lang.String, java.lang.String)> calls method <click.kivvi.domain.SupportedLocale.fromCode(java.lang.String)> in (AutomationsController.java:46)
    - Method <click.kivvi.web.CampaignsController.email(java.lang.String, java.lang.String)> calls method <click.kivvi.domain.SupportedLocale.fromCode(java.lang.String)> in (CampaignsController.java:46)
    - Method <click.kivvi.web.LoginController.login(java.lang.String, java.lang.String, jakarta.servlet.http.HttpServletRequest)> calls method <click.kivvi.domain.SupportedLocale.fromCode(java.lang.String)> in (LoginController.java:46)
    - Method <click.kivvi.web.CollectController.collect(jakarta.servlet.http.HttpServletRequest)> calls method <click.kivvi.domain.tracking.InvalidEventPayload.getMessage()> in (CollectController.java:48)
    - Method <click.kivvi.web.LoginController.login(java.lang.String, java.lang.String, jakarta.servlet.http.HttpServletRequest)> calls method <click.kivvi.domain.SupportedLocale.code()> in (LoginController.java:51)
    - Method <click.kivvi.web.SpaDocumentController.document(jakarta.servlet.http.HttpServletRequest)> calls method <click.kivvi.domain.RouteTable$Match.locale()> in (SpaDocumentController.java:52)
    - Method <click.kivvi.web.CustomersController.list(java.lang.String, int)> calls method <click.kivvi.domain.SupportedLocale.fromCode(java.lang.String)> in (CustomersController.java:57)
    (10 further dependencies have been omitted...)
Cycle detected: Slice domain -> 
                Slice web -> 
                Slice fixtures -> 
                Slice domain
  1. Dependencies of Slice domain
    - Field <click.kivvi.domain.probe.ProbeDomainToWeb.controller> has type <click.kivvi.web.EventsController> in (ProbeDomainToWeb.java:0)
  2. Dependencies of Slice web
    - Method <click.kivvi.web.AutomationsController.toAutomation(click.kivvi.fixtures.AutomationsFixtures$Header)> has parameter of type <click.kivvi.fixtures.AutomationsFixtures$Header> in (AutomationsController.java:0)
    - Method <click.kivvi.web.AutomationsController.toEdge(click.kivvi.fixtures.AutomationsFixtures$Edge)> has parameter of type <click.kivvi.fixtures.AutomationsFixtures$Edge> in (AutomationsController.java:0)
    - Method <click.kivvi.web.AutomationsController.toNode(click.kivvi.fixtures.AutomationsFixtures$FlowNode)> has parameter of type <click.kivvi.fixtures.AutomationsFixtures$FlowNode> in (AutomationsController.java:0)
    - Method <click.kivvi.web.AutomationsController.toSimulationItem(click.kivvi.fixtures.AutomationsFixtures$SimulationItem)> has parameter of type <click.kivvi.fixtures.AutomationsFixtures$SimulationItem> in (AutomationsController.java:0)
    - Method <click.kivvi.web.AutomationsController.toStep(click.kivvi.fixtures.AutomationsFixtures$PipelineStep)> has parameter of type <click.kivvi.fixtures.AutomationsFixtures$PipelineStep> in (AutomationsController.java:0)
    - Method <click.kivvi.web.AutomationsController.toTab(click.kivvi.fixtures.AutomationsFixtures$EditorTab)> has parameter of type <click.kivvi.fixtures.AutomationsFixtures$EditorTab> in (AutomationsController.java:0)
    - Method <click.kivvi.web.CampaignsController.toBlock(click.kivvi.fixtures.CampaignsFixtures$Block)> has parameter of type <click.kivvi.fixtures.CampaignsFixtures$Block> in (CampaignsController.java:0)
    - Method <click.kivvi.web.CampaignsController.toProduct(click.kivvi.fixtures.CampaignsFixtures$Product)> has parameter of type <click.kivvi.fixtures.CampaignsFixtures$Product> in (CampaignsController.java:0)
    - Method <click.kivvi.web.CampaignsController.toSection(click.kivvi.fixtures.CampaignsFixtures$Section)> has parameter of type <click.kivvi.fixtures.CampaignsFixtures$Section> in (CampaignsController.java:0)
    - Method <click.kivvi.web.CampaignsController.toSelectedBlock(click.kivvi.fixtures.CampaignsFixtures$SelectedBlock)> has parameter of type <click.kivvi.fixtures.CampaignsFixtures$SelectedBlock> in (CampaignsController.java:0)
    - Method <click.kivvi.web.CampaignsController.toVariable(click.kivvi.fixtures.CampaignsFixtures$Variable)> has parameter of type <click.kivvi.fixtures.CampaignsFixtures$Variable> in (CampaignsController.java:0)
    - Method <click.kivvi.web.CustomersController.toAutomation(click.kivvi.fixtures.AutomationsFixtures$ActiveAutomation)> has parameter of type <click.kivvi.fixtures.AutomationsFixtures$ActiveAutomation> in (CustomersController.java:0)
    - Method <click.kivvi.web.FeedsController.toCoverageBar(click.kivvi.fixtures.FeedsFixtures$CoverageBar)> has parameter of type <click.kivvi.fixtures.FeedsFixtures$CoverageBar> in (FeedsController.java:0)
    - Method <click.kivvi.web.FeedsController.toFallbackRule(click.kivvi.fixtures.FeedsFixtures$FallbackRule)> has parameter of type <click.kivvi.fixtures.FeedsFixtures$FallbackRule> in (FeedsController.java:0)
    - Method <click.kivvi.web.FeedsController.toKpi(click.kivvi.fixtures.FeedsFixtures$Kpi)> has parameter of type <click.kivvi.fixtures.FeedsFixtures$Kpi> in (FeedsController.java:0)
    - Method <click.kivvi.web.FeedsController.toSource(click.kivvi.fixtures.FeedsFixtures$Source)> has parameter of type <click.kivvi.fixtures.FeedsFixtures$Source> in (FeedsController.java:0)
    - Method <click.kivvi.web.SettingsController.toApiKey(click.kivvi.fixtures.SettingsFixtures$ApiKey)> has parameter of type <click.kivvi.fixtures.SettingsFixtures$ApiKey> in (SettingsController.java:0)
    - Method <click.kivvi.web.SettingsController.toBar(click.kivvi.fixtures.SettingsFixtures$Bar)> has parameter of type <click.kivvi.fixtures.SettingsFixtures$Bar> in (SettingsController.java:0)
    - Method <click.kivvi.web.SettingsController.toDataSubjectRequest(click.kivvi.fixtures.SettingsFixtures$DataSubjectRequest)> has parameter of type <click.kivvi.fixtures.SettingsFixtures$DataSubjectRequest> in (SettingsController.java:0)
    - Method <click.kivvi.web.SettingsController.toDnsRecord(click.kivvi.fixtures.SettingsFixtures$DnsRecord)> has parameter of type <click.kivvi.fixtures.SettingsFixtures$DnsRecord> in (SettingsController.java:0)
    (155 further dependencies have been omitted...)
  3. Dependencies of Slice fixtures
    - Field <click.kivvi.fixtures.ShellFixtures.DEFAULT_IDENTITY> has type <click.kivvi.domain.Identity> in (ShellFixtures.java:0)
    - Static Initializer <click.kivvi.fixtures.ShellFixtures.<clinit>()> calls constructor <click.kivvi.domain.Identity.<init>(java.lang.String, java.lang.String)> in (ShellFixtures.java:16)
    - Static Initializer <click.kivvi.fixtures.FeedsFixtures.<clinit>()> calls method <click.kivvi.domain.Format.number(double)> in (FeedsFixtures.java:53)
    - Static Initializer <click.kivvi.fixtures.FeedsFixtures.<clinit>()> calls method <click.kivvi.domain.Format.money(double)> in (FeedsFixtures.java:57)
    - Method <click.kivvi.fixtures.CustomersFixtures.profile(int)> calls method <click.kivvi.domain.Format.initials(java.lang.String)> in (CustomersFixtures.java:82)
    - Static Initializer <click.kivvi.fixtures.SettingsFixtures.<clinit>()> calls method <click.kivvi.domain.Format.number(double)> in (SettingsFixtures.java:113)
    - Static Initializer <click.kivvi.fixtures.SettingsFixtures.<clinit>()> calls method <click.kivvi.domain.Format.number(double)> in (SettingsFixtures.java:114)
    - Static Initializer <click.kivvi.fixtures.SettingsFixtures.<clinit>()> calls method <click.kivvi.domain.Format.number(double)> in (SettingsFixtures.java:115)
    - Method <click.kivvi.fixtures.LandingFixtures.previewTiles()> calls method <click.kivvi.domain.Format.number(double)> in (LandingFixtures.java:144)
    - Method <click.kivvi.fixtures.LandingFixtures.previewTiles()> calls method <click.kivvi.domain.Format.number(double)> in (LandingFixtures.java:145)
    - Static Initializer <click.kivvi.fixtures.SettingsFixtures.<clinit>()> calls method <click.kivvi.domain.Format.number(double)> in (SettingsFixtures.java:172)
    - Static Initializer <click.kivvi.fixtures.SettingsFixtures.<clinit>()> calls method <click.kivvi.domain.Format.number(double)> in (SettingsFixtures.java:182)
Cycle detected: Slice domain -> 
                Slice web -> 
                Slice infrastructure -> 
                Slice domain
  1. Dependencies of Slice domain
    - Field <click.kivvi.domain.probe.ProbeDomainToWeb.controller> has type <click.kivvi.web.EventsController> in (ProbeDomainToWeb.java:0)
  2. Dependencies of Slice web
    - Method <click.kivvi.web.probe.ProbeWebToInfrastructure.create()> has return type <click.kivvi.infrastructure.session.SessionRequestSerializationFilter> in (ProbeWebToInfrastructure.java:0)
    - Method <click.kivvi.web.probe.ProbeWebToMercurePublisher.probe(click.kivvi.infrastructure.mercure.MercurePublisher)> has parameter of type <click.kivvi.infrastructure.mercure.MercurePublisher> in (ProbeWebToMercurePublisher.java:0)
    - Method <click.kivvi.web.probe.ProbeWebToInfrastructure.create()> calls constructor <click.kivvi.infrastructure.session.SessionRequestSerializationFilter.<init>(click.kivvi.infrastructure.session.SessionLockRegistry, long, long, boolean, java.lang.String)> in (ProbeWebToInfrastructure.java:8)
    - Method <click.kivvi.web.probe.ProbeWebToMercurePublisher.probe(click.kivvi.infrastructure.mercure.MercurePublisher)> calls method <click.kivvi.infrastructure.mercure.MercurePublisher.publish(java.lang.String, java.lang.String)> in (ProbeWebToMercurePublisher.java:8)
  3. Dependencies of Slice infrastructure
    - Method <click.kivvi.infrastructure.SessionIdentityStore.current(jakarta.servlet.http.HttpSession)> has return type <click.kivvi.domain.Identity> in (SessionIdentityStore.java:0)
    - Method <click.kivvi.infrastructure.SessionPreferencesStore.sidebarState(jakarta.servlet.http.HttpSession)> has return type <click.kivvi.domain.SidebarState> in (SessionPreferencesStore.java:0)
    - Method <click.kivvi.infrastructure.SessionPreferencesStore.storeSidebarState(jakarta.servlet.http.HttpSession, java.lang.String)> has return type <click.kivvi.domain.SidebarState> in (SessionPreferencesStore.java:0)
    - Method <click.kivvi.infrastructure.SessionPreferencesStore.storeTheme(jakarta.servlet.http.HttpSession, java.lang.String)> has return type <click.kivvi.domain.Theme> in (SessionPreferencesStore.java:0)
    - Method <click.kivvi.infrastructure.SessionPreferencesStore.theme(jakarta.servlet.http.HttpSession)> has return type <click.kivvi.domain.Theme> in (SessionPreferencesStore.java:0)
    - Method <click.kivvi.infrastructure.SessionPreferencesStore.theme(jakarta.servlet.http.HttpSession)> calls method <click.kivvi.domain.Theme.fromValueOrDefault(java.lang.String)> in (SessionPreferencesStore.java:24)
    - Method <click.kivvi.infrastructure.SessionPreferencesStore.sidebarState(jakarta.servlet.http.HttpSession)> calls method <click.kivvi.domain.SidebarState.fromValueOrDefault(java.lang.String)> in (SessionPreferencesStore.java:29)
    - Method <click.kivvi.infrastructure.SessionIdentityStore.current(jakarta.servlet.http.HttpSession)> calls method <click.kivvi.domain.Identity.derive(java.lang.String)> in (SessionIdentityStore.java:34)
    - Method <click.kivvi.infrastructure.SessionPreferencesStore.storeTheme(jakarta.servlet.http.HttpSession, java.lang.String)> calls method <click.kivvi.domain.Theme.fromValueOrDefault(java.lang.String)> in (SessionPreferencesStore.java:34)
    - Method <click.kivvi.infrastructure.SessionPreferencesStore.storeTheme(jakarta.servlet.http.HttpSession, java.lang.String)> calls method <click.kivvi.domain.Theme.value()> in (SessionPreferencesStore.java:35)
    - Method <click.kivvi.infrastructure.SessionPreferencesStore.storeSidebarState(jakarta.servlet.http.HttpSession, java.lang.String)> calls method <click.kivvi.domain.SidebarState.fromValueOrDefault(java.lang.String)> in (SessionPreferencesStore.java:40)
    - Method <click.kivvi.infrastructure.SessionPreferencesStore.storeSidebarState(jakarta.servlet.http.HttpSession, java.lang.String)> calls method <click.kivvi.domain.SidebarState.value()> in (SessionPreferencesStore.java:41)
Cycle detected: Slice domain -> 
                Slice web -> 
                Slice infrastructure -> 
                Slice fixtures -> 
                Slice domain
  1. Dependencies of Slice domain
    - Field <click.kivvi.domain.probe.ProbeDomainToWeb.controller> has type <click.kivvi.web.EventsController> in (ProbeDomainToWeb.java:0)
  2. Dependencies of Slice web
    - Method <click.kivvi.web.probe.ProbeWebToInfrastructure.create()> has return type <click.kivvi.infrastructure.session.SessionRequestSerializationFilter> in (ProbeWebToInfrastructure.java:0)
    - Method <click.kivvi.web.probe.ProbeWebToMercurePublisher.probe(click.kivvi.infrastructure.mercure.MercurePublisher)> has parameter of type <click.kivvi.infrastructure.mercure.MercurePublisher> in (ProbeWebToMercurePublisher.java:0)
    - Method <click.kivvi.web.probe.ProbeWebToInfrastructure.create()> calls constructor <click.kivvi.infrastructure.session.SessionRequestSerializationFilter.<init>(click.kivvi.infrastructure.session.SessionLockRegistry, long, long, boolean, java.lang.String)> in (ProbeWebToInfrastructure.java:8)
    - Method <click.kivvi.web.probe.ProbeWebToMercurePublisher.probe(click.kivvi.infrastructure.mercure.MercurePublisher)> calls method <click.kivvi.infrastructure.mercure.MercurePublisher.publish(java.lang.String, java.lang.String)> in (ProbeWebToMercurePublisher.java:8)
  3. Dependencies of Slice infrastructure
    - Method <click.kivvi.infrastructure.SessionIdentityStore.current(jakarta.servlet.http.HttpSession)> gets field <click.kivvi.fixtures.ShellFixtures.DEFAULT_IDENTITY> in (SessionIdentityStore.java:36)
  4. Dependencies of Slice fixtures
    - Field <click.kivvi.fixtures.ShellFixtures.DEFAULT_IDENTITY> has type <click.kivvi.domain.Identity> in (ShellFixtures.java:0)
    - Static Initializer <click.kivvi.fixtures.ShellFixtures.<clinit>()> calls constructor <click.kivvi.domain.Identity.<init>(java.lang.String, java.lang.String)> in (ShellFixtures.java:16)
    - Static Initializer <click.kivvi.fixtures.FeedsFixtures.<clinit>()> calls method <click.kivvi.domain.Format.number(double)> in (FeedsFixtures.java:53)
    - Static Initializer <click.kivvi.fixtures.FeedsFixtures.<clinit>()> calls method <click.kivvi.domain.Format.money(double)> in (FeedsFixtures.java:57)
    - Method <click.kivvi.fixtures.CustomersFixtures.profile(int)> calls method <click.kivvi.domain.Format.initials(java.lang.String)> in (CustomersFixtures.java:82)
    - Static Initializer <click.kivvi.fixtures.SettingsFixtures.<clinit>()> calls method <click.kivvi.domain.Format.number(double)> in (SettingsFixtures.java:113)
    - Static Initializer <click.kivvi.fixtures.SettingsFixtures.<clinit>()> calls method <click.kivvi.domain.Format.number(double)> in (SettingsFixtures.java:114)
    - Static Initializer <click.kivvi.fixtures.SettingsFixtures.<clinit>()> calls method <click.kivvi.domain.Format.number(double)> in (SettingsFixtures.java:115)
    - Method <click.kivvi.fixtures.LandingFixtures.previewTiles()> calls method <click.kivvi.domain.Format.number(double)> in (LandingFixtures.java:144)
    - Method <click.kivvi.fixtures.LandingFixtures.previewTiles()> calls method <click.kivvi.domain.Format.number(double)> in (LandingFixtures.java:145)
    - Static Initializer <click.kivvi.fixtures.SettingsFixtures.<clinit>()> calls method <click.kivvi.domain.Format.number(double)> in (SettingsFixtures.java:172)
    - Static Initializer <click.kivvi.fixtures.SettingsFixtures.<clinit>()> calls method <click.kivvi.domain.Format.number(double)> in (SettingsFixtures.java:182)
	at com.tngtech.archunit.lang.ArchRule$Assertions.assertNoViolation(ArchRule.java:94)
	at com.tngtech.archunit.lang.ArchRule$Assertions.check(ArchRule.java:86)
	at com.tngtech.archunit.lang.ArchRule$Factory$SimpleArchRule.check(ArchRule.java:165)
	at com.tngtech.archunit.lang.syntax.ObjectsShouldInternal.check(ObjectsShouldInternal.java:81)
	at com.tngtech.archunit.library.dependencies.SliceRule.check(SliceRule.java:81)
	at click.kivvi.architecture.ArchitectureTest.topLevelPackagesFormNoCycle(ArchitectureTest.java:74)

click.kivvi.architecture.ArchitectureTest.accountsTopicLiteralExistsOnlyInEventStreamTopic -- Time elapsed: 0.060 s <<< FAILURE!
org.opentest4j.AssertionFailedError: 

Expecting actual:
  ["src/main/java/click/kivvi/domain/tracking/EventStreamTopic.java",
    "src/main/java/click/kivvi/application/probe/ProbeAccountsLiteral.java"]
to contain exactly (and in same order):
  ["src/main/java/click/kivvi/domain/tracking/EventStreamTopic.java"]
but some elements were not expected:
  ["src/main/java/click/kivvi/application/probe/ProbeAccountsLiteral.java"]

	at click.kivvi.architecture.ArchitectureTest.accountsTopicLiteralExistsOnlyInEventStreamTopic(ArchitectureTest.java:115)

click.kivvi.architecture.ArchitectureTest.infrastructureIsOnlyUsedFromApplication -- Time elapsed: 0.011 s <<< FAILURE!
java.lang.AssertionError: 
Architecture Violation [Priority: MEDIUM] - Rule 'classes that reside in a package '..infrastructure..' should only be accessed by any package ['..infrastructure..', '..application..']' was violated (2 times):
Method <click.kivvi.web.probe.ProbeWebToInfrastructure.create()> calls constructor <click.kivvi.infrastructure.session.SessionRequestSerializationFilter.<init>(click.kivvi.infrastructure.session.SessionLockRegistry, long, long, boolean, java.lang.String)> in (ProbeWebToInfrastructure.java:8)
Method <click.kivvi.web.probe.ProbeWebToMercurePublisher.probe(click.kivvi.infrastructure.mercure.MercurePublisher)> calls method <click.kivvi.infrastructure.mercure.MercurePublisher.publish(java.lang.String, java.lang.String)> in (ProbeWebToMercurePublisher.java:8)
	at com.tngtech.archunit.lang.ArchRule$Assertions.assertNoViolation(ArchRule.java:94)
	at com.tngtech.archunit.lang.ArchRule$Assertions.check(ArchRule.java:86)
	at com.tngtech.archunit.lang.ArchRule$Factory$SimpleArchRule.check(ArchRule.java:165)
	at com.tngtech.archunit.lang.syntax.ObjectsShouldInternal.check(ObjectsShouldInternal.java:81)
	at click.kivvi.architecture.ArchitectureTest.infrastructureIsOnlyUsedFromApplication(ArchitectureTest.java:66)

click.kivvi.architecture.ArchitectureTest.onlyTrackingApplicationAndMercureInfrastructureDependOnThePublisher -- Time elapsed: 0.004 s <<< FAILURE!
java.lang.AssertionError: 
Architecture Violation [Priority: MEDIUM] - Rule 'classes that have simple name 'MercurePublisher' or have simple name 'HttpMercurePublisher' should only be accessed by any package ['click.kivvi.application.tracking..', 'click.kivvi.infrastructure.mercure..']' was violated (1 times):
Method <click.kivvi.web.probe.ProbeWebToMercurePublisher.probe(click.kivvi.infrastructure.mercure.MercurePublisher)> calls method <click.kivvi.infrastructure.mercure.MercurePublisher.publish(java.lang.String, java.lang.String)> in (ProbeWebToMercurePublisher.java:8)
	at com.tngtech.archunit.lang.ArchRule$Assertions.assertNoViolation(ArchRule.java:94)
	at com.tngtech.archunit.lang.ArchRule$Assertions.check(ArchRule.java:86)
	at com.tngtech.archunit.lang.ArchRule$Factory$SimpleArchRule.check(ArchRule.java:165)
	at com.tngtech.archunit.lang.syntax.ObjectsShouldInternal.check(ObjectsShouldInternal.java:81)
	at click.kivvi.architecture.ArchitectureTest.onlyTrackingApplicationAndMercureInfrastructureDependOnThePublisher(ArchitectureTest.java:92)

