WARNING: A terminally deprecated method in sun.misc.Unsafe has been called
WARNING: sun.misc.Unsafe::staticFieldBase has been called by com.google.inject.internal.aop.HiddenClassDefiner (file:/home/muszkin/.m2/wrapper/dists/apache-maven-3.9.11/a2d47e15/lib/guice-5.1.0-classes.jar)
WARNING: Please consider reporting this to the maintainers of class com.google.inject.internal.aop.HiddenClassDefiner
WARNING: sun.misc.Unsafe::staticFieldBase will be removed in a future release
07:37:18.746 [main] INFO click.kivvi.infrastructure.scheduling.HeartbeatJob -- Scheduler heartbeat tick.
07:37:18.754 [main] INFO click.kivvi.infrastructure.tracking.EventDedupCleanupJob -- Event dedup cleanup removed 3 expired row(s).
07:37:18.969 [main] INFO com.tngtech.archunit.core.PluginLoader -- Detected Java version 25.0.4.1
07:37:20.951 [main] INFO org.springframework.test.context.support.AnnotationConfigContextLoaderUtils -- Could not detect default configuration classes for test class [click.kivvi.web.SettingsControllerTest]: SettingsControllerTest does not declare any static, non-private, non-final, nested classes annotated with @Configuration.
07:37:21.081 [main] INFO org.springframework.boot.test.context.SpringBootTestContextBootstrapper -- Found @SpringBootConfiguration click.kivvi.KivviApplication for test class click.kivvi.web.SettingsControllerTest
07:37:21.083 [main] INFO org.springframework.test.context.support.AnnotationConfigContextLoaderUtils -- Could not detect default configuration classes for test class [click.kivvi.web.SettingsControllerTest]: SettingsControllerTest does not declare any static, non-private, non-final, nested classes annotated with @Configuration.
07:37:21.091 [main] INFO org.springframework.boot.test.context.SpringBootTestContextBootstrapper -- Found @SpringBootConfiguration click.kivvi.KivviApplication for test class click.kivvi.web.SettingsControllerTest

  .   ____          _            __ _ _
 /\\ / ___'_ __ _ _(_)_ __  __ _ \ \ \ \
( ( )\___ | '_ | '_| | '_ \/ _` | \ \ \ \
 \\/  ___)| |_)| | | | | || (_| |  ) ) ) )
  '  |____| .__|_| |_|_| |_\__, | / / / /
 =========|_|==============|___/=/_/_/_/

 :: Spring Boot ::                (v4.1.1)

2026-09-09T07:37:21.393Z  INFO 239917 --- [kivvi-click] [           main] click.kivvi.web.SettingsControllerTest   : Starting SettingsControllerTest using Java 25.0.4.1 with PID 239917 (started by muszkin in /home/muszkin/work/kivvi-click-wt/verify-wave-4-integration/backend)
2026-09-09T07:37:21.394Z  INFO 239917 --- [kivvi-click] [           main] click.kivvi.web.SettingsControllerTest   : No active profile set, falling back to 1 default profile: "default"
2026-09-09T07:37:21.837Z  INFO 239917 --- [kivvi-click] [           main] o.s.b.w.a.WelcomePageHandlerMapping      : Adding welcome page: class path resource [static/index.html]
2026-09-09T07:37:22.019Z  INFO 239917 --- [kivvi-click] [           main] o.s.b.t.m.w.SpringBootMockServletContext : Initializing Spring TestDispatcherServlet ''
2026-09-09T07:37:22.019Z  INFO 239917 --- [kivvi-click] [           main] o.s.t.web.servlet.TestDispatcherServlet  : Initializing Servlet ''
2026-09-09T07:37:22.021Z  INFO 239917 --- [kivvi-click] [           main] o.s.t.web.servlet.TestDispatcherServlet  : Completed initialization in 2 ms
2026-09-09T07:37:22.046Z  INFO 239917 --- [kivvi-click] [           main] click.kivvi.web.SettingsControllerTest   : Started SettingsControllerTest in 0.921 seconds (process running for 4.905)
OpenJDK 64-Bit Server VM warning: Sharing is only supported for boot loader classes because bootstrap classpath has been appended
2026-09-09T07:37:22.667Z  INFO 239917 --- [kivvi-click] [           main] t.c.s.AnnotationConfigContextLoaderUtils : Could not detect default configuration classes for test class [click.kivvi.web.CampaignsControllerTest]: CampaignsControllerTest does not declare any static, non-private, non-final, nested classes annotated with @Configuration.
2026-09-09T07:37:22.677Z  INFO 239917 --- [kivvi-click] [           main] .b.t.c.SpringBootTestContextBootstrapper : Found @SpringBootConfiguration click.kivvi.KivviApplication for test class click.kivvi.web.CampaignsControllerTest
2026-09-09T07:37:22.678Z  INFO 239917 --- [kivvi-click] [           main] t.c.s.AnnotationConfigContextLoaderUtils : Could not detect default configuration classes for test class [click.kivvi.web.CampaignsControllerTest]: CampaignsControllerTest does not declare any static, non-private, non-final, nested classes annotated with @Configuration.
2026-09-09T07:37:22.686Z  INFO 239917 --- [kivvi-click] [           main] .b.t.c.SpringBootTestContextBootstrapper : Found @SpringBootConfiguration click.kivvi.KivviApplication for test class click.kivvi.web.CampaignsControllerTest

  .   ____          _            __ _ _
 /\\ / ___'_ __ _ _(_)_ __  __ _ \ \ \ \
( ( )\___ | '_ | '_| | '_ \/ _` | \ \ \ \
 \\/  ___)| |_)| | | | | || (_| |  ) ) ) )
  '  |____| .__|_| |_|_| |_\__, | / / / /
 =========|_|==============|___/=/_/_/_/

 :: Spring Boot ::                (v4.1.1)

2026-09-09T07:37:22.722Z  INFO 239917 --- [kivvi-click] [           main] c.kivvi.web.CampaignsControllerTest      : Starting CampaignsControllerTest using Java 25.0.4.1 with PID 239917 (started by muszkin in /home/muszkin/work/kivvi-click-wt/verify-wave-4-integration/backend)
2026-09-09T07:37:22.722Z  INFO 239917 --- [kivvi-click] [           main] c.kivvi.web.CampaignsControllerTest      : No active profile set, falling back to 1 default profile: "default"
2026-09-09T07:37:23.192Z  INFO 239917 --- [kivvi-click] [           main] o.s.b.w.a.WelcomePageHandlerMapping      : Adding welcome page: class path resource [static/index.html]
2026-09-09T07:37:23.484Z  INFO 239917 --- [kivvi-click] [           main] o.s.b.t.m.w.SpringBootMockServletContext : Initializing Spring TestDispatcherServlet ''
2026-09-09T07:37:23.484Z  INFO 239917 --- [kivvi-click] [           main] o.s.t.web.servlet.TestDispatcherServlet  : Initializing Servlet ''
2026-09-09T07:37:23.486Z  INFO 239917 --- [kivvi-click] [           main] o.s.t.web.servlet.TestDispatcherServlet  : Completed initialization in 2 ms
2026-09-09T07:37:23.525Z  INFO 239917 --- [kivvi-click] [           main] c.kivvi.web.CampaignsControllerTest      : Started CampaignsControllerTest in 0.832 seconds (process running for 6.385)
2026-09-09T07:37:23.831Z  INFO 239917 --- [kivvi-click] [           main] .b.t.c.SpringBootTestContextBootstrapper : Found @SpringBootConfiguration click.kivvi.KivviApplication for test class click.kivvi.web.CollectControllerTest
2026-09-09T07:37:23.863Z  INFO 239917 --- [kivvi-click] [           main] .b.t.c.SpringBootTestContextBootstrapper : Found @SpringBootConfiguration click.kivvi.KivviApplication for test class click.kivvi.web.CollectControllerTest

  .   ____          _            __ _ _
 /\\ / ___'_ __ _ _(_)_ __  __ _ \ \ \ \
( ( )\___ | '_ | '_| | '_ \/ _` | \ \ \ \
 \\/  ___)| |_)| | | | | || (_| |  ) ) ) )
  '  |____| .__|_| |_|_| |_\__, | / / / /
 =========|_|==============|___/=/_/_/_/

 :: Spring Boot ::                (v4.1.1)

2026-09-09T07:37:23.995Z  INFO 239917 --- [kivvi-click] [           main] click.kivvi.web.CollectControllerTest    : Starting CollectControllerTest using Java 25.0.4.1 with PID 239917 (started by muszkin in /home/muszkin/work/kivvi-click-wt/verify-wave-4-integration/backend)
2026-09-09T07:37:23.995Z  INFO 239917 --- [kivvi-click] [           main] click.kivvi.web.CollectControllerTest    : No active profile set, falling back to 1 default profile: "default"
2026-09-09T07:37:24.392Z  INFO 239917 --- [kivvi-click] [           main] o.s.b.w.a.WelcomePageHandlerMapping      : Adding welcome page: class path resource [static/index.html]
2026-09-09T07:37:24.431Z  INFO 239917 --- [kivvi-click] [           main] o.s.b.t.m.w.SpringBootMockServletContext : Initializing Spring TestDispatcherServlet ''
2026-09-09T07:37:24.431Z  INFO 239917 --- [kivvi-click] [           main] o.s.t.web.servlet.TestDispatcherServlet  : Initializing Servlet ''
2026-09-09T07:37:24.432Z  INFO 239917 --- [kivvi-click] [           main] o.s.t.web.servlet.TestDispatcherServlet  : Completed initialization in 1 ms
2026-09-09T07:37:24.442Z  INFO 239917 --- [kivvi-click] [           main] click.kivvi.web.CollectControllerTest    : Started CollectControllerTest in 0.557 seconds (process running for 7.301)
2026-09-09T07:37:24.540Z  INFO 239917 --- [kivvi-click] [           main] t.c.s.AnnotationConfigContextLoaderUtils : Could not detect default configuration classes for test class [click.kivvi.web.AutomationsControllerTest]: AutomationsControllerTest does not declare any static, non-private, non-final, nested classes annotated with @Configuration.
2026-09-09T07:37:24.547Z  INFO 239917 --- [kivvi-click] [           main] .b.t.c.SpringBootTestContextBootstrapper : Found @SpringBootConfiguration click.kivvi.KivviApplication for test class click.kivvi.web.AutomationsControllerTest
2026-09-09T07:37:24.548Z  INFO 239917 --- [kivvi-click] [           main] t.c.s.AnnotationConfigContextLoaderUtils : Could not detect default configuration classes for test class [click.kivvi.web.AutomationsControllerTest]: AutomationsControllerTest does not declare any static, non-private, non-final, nested classes annotated with @Configuration.
2026-09-09T07:37:24.555Z  INFO 239917 --- [kivvi-click] [           main] .b.t.c.SpringBootTestContextBootstrapper : Found @SpringBootConfiguration click.kivvi.KivviApplication for test class click.kivvi.web.AutomationsControllerTest

  .   ____          _            __ _ _
 /\\ / ___'_ __ _ _(_)_ __  __ _ \ \ \ \
( ( )\___ | '_ | '_| | '_ \/ _` | \ \ \ \
 \\/  ___)| |_)| | | | | || (_| |  ) ) ) )
  '  |____| .__|_| |_|_| |_\__, | / / / /
 =========|_|==============|___/=/_/_/_/

 :: Spring Boot ::                (v4.1.1)

2026-09-09T07:37:24.598Z  INFO 239917 --- [kivvi-click] [           main] c.kivvi.web.AutomationsControllerTest    : Starting AutomationsControllerTest using Java 25.0.4.1 with PID 239917 (started by muszkin in /home/muszkin/work/kivvi-click-wt/verify-wave-4-integration/backend)
2026-09-09T07:37:24.599Z  INFO 239917 --- [kivvi-click] [           main] c.kivvi.web.AutomationsControllerTest    : No active profile set, falling back to 1 default profile: "default"
2026-09-09T07:37:24.951Z  INFO 239917 --- [kivvi-click] [           main] o.s.b.w.a.WelcomePageHandlerMapping      : Adding welcome page: class path resource [static/index.html]
2026-09-09T07:37:25.020Z  INFO 239917 --- [kivvi-click] [           main] o.s.b.t.m.w.SpringBootMockServletContext : Initializing Spring TestDispatcherServlet ''
2026-09-09T07:37:25.020Z  INFO 239917 --- [kivvi-click] [           main] o.s.t.web.servlet.TestDispatcherServlet  : Initializing Servlet ''
2026-09-09T07:37:25.021Z  INFO 239917 --- [kivvi-click] [           main] o.s.t.web.servlet.TestDispatcherServlet  : Completed initialization in 1 ms
2026-09-09T07:37:25.033Z  INFO 239917 --- [kivvi-click] [           main] c.kivvi.web.AutomationsControllerTest    : Started AutomationsControllerTest in 0.475 seconds (process running for 7.893)
2026-09-09T07:37:25.298Z  INFO 239917 --- [kivvi-click] [           main] t.c.s.AnnotationConfigContextLoaderUtils : Could not detect default configuration classes for test class [click.kivvi.web.FeedsControllerTest]: FeedsControllerTest does not declare any static, non-private, non-final, nested classes annotated with @Configuration.
2026-09-09T07:37:25.311Z  INFO 239917 --- [kivvi-click] [           main] .b.t.c.SpringBootTestContextBootstrapper : Found @SpringBootConfiguration click.kivvi.KivviApplication for test class click.kivvi.web.FeedsControllerTest
2026-09-09T07:37:25.312Z  INFO 239917 --- [kivvi-click] [           main] t.c.s.AnnotationConfigContextLoaderUtils : Could not detect default configuration classes for test class [click.kivvi.web.FeedsControllerTest]: FeedsControllerTest does not declare any static, non-private, non-final, nested classes annotated with @Configuration.
2026-09-09T07:37:25.321Z  INFO 239917 --- [kivvi-click] [           main] .b.t.c.SpringBootTestContextBootstrapper : Found @SpringBootConfiguration click.kivvi.KivviApplication for test class click.kivvi.web.FeedsControllerTest

  .   ____          _            __ _ _
 /\\ / ___'_ __ _ _(_)_ __  __ _ \ \ \ \
( ( )\___ | '_ | '_| | '_ \/ _` | \ \ \ \
 \\/  ___)| |_)| | | | | || (_| |  ) ) ) )
  '  |____| .__|_| |_|_| |_\__, | / / / /
 =========|_|==============|___/=/_/_/_/

 :: Spring Boot ::                (v4.1.1)

2026-09-09T07:37:25.405Z  INFO 239917 --- [kivvi-click] [           main] click.kivvi.web.FeedsControllerTest      : Starting FeedsControllerTest using Java 25.0.4.1 with PID 239917 (started by muszkin in /home/muszkin/work/kivvi-click-wt/verify-wave-4-integration/backend)
2026-09-09T07:37:25.408Z  INFO 239917 --- [kivvi-click] [           main] click.kivvi.web.FeedsControllerTest      : No active profile set, falling back to 1 default profile: "default"
2026-09-09T07:37:25.791Z  INFO 239917 --- [kivvi-click] [           main] o.s.b.w.a.WelcomePageHandlerMapping      : Adding welcome page: class path resource [static/index.html]
2026-09-09T07:37:25.871Z  INFO 239917 --- [kivvi-click] [           main] o.s.b.t.m.w.SpringBootMockServletContext : Initializing Spring TestDispatcherServlet ''
2026-09-09T07:37:25.871Z  INFO 239917 --- [kivvi-click] [           main] o.s.t.web.servlet.TestDispatcherServlet  : Initializing Servlet ''
2026-09-09T07:37:25.875Z  INFO 239917 --- [kivvi-click] [           main] o.s.t.web.servlet.TestDispatcherServlet  : Completed initialization in 4 ms
2026-09-09T07:37:25.897Z  INFO 239917 --- [kivvi-click] [           main] click.kivvi.web.FeedsControllerTest      : Started FeedsControllerTest in 0.563 seconds (process running for 8.756)
2026-09-09T07:37:25.947Z  INFO 239917 --- [kivvi-click] [           main] t.c.s.AnnotationConfigContextLoaderUtils : Could not detect default configuration classes for test class [click.kivvi.web.WidgetControllerTest]: WidgetControllerTest does not declare any static, non-private, non-final, nested classes annotated with @Configuration.
2026-09-09T07:37:25.957Z  INFO 239917 --- [kivvi-click] [           main] .b.t.c.SpringBootTestContextBootstrapper : Found @SpringBootConfiguration click.kivvi.KivviApplication for test class click.kivvi.web.WidgetControllerTest
2026-09-09T07:37:25.957Z  INFO 239917 --- [kivvi-click] [           main] t.c.s.AnnotationConfigContextLoaderUtils : Could not detect default configuration classes for test class [click.kivvi.web.WidgetControllerTest]: WidgetControllerTest does not declare any static, non-private, non-final, nested classes annotated with @Configuration.
2026-09-09T07:37:25.965Z  INFO 239917 --- [kivvi-click] [           main] .b.t.c.SpringBootTestContextBootstrapper : Found @SpringBootConfiguration click.kivvi.KivviApplication for test class click.kivvi.web.WidgetControllerTest

  .   ____          _            __ _ _
 /\\ / ___'_ __ _ _(_)_ __  __ _ \ \ \ \
( ( )\___ | '_ | '_| | '_ \/ _` | \ \ \ \
 \\/  ___)| |_)| | | | | || (_| |  ) ) ) )
  '  |____| .__|_| |_|_| |_\__, | / / / /
 =========|_|==============|___/=/_/_/_/

 :: Spring Boot ::                (v4.1.1)

2026-09-09T07:37:26.045Z  INFO 239917 --- [kivvi-click] [           main] click.kivvi.web.WidgetControllerTest     : Starting WidgetControllerTest using Java 25.0.4.1 with PID 239917 (started by muszkin in /home/muszkin/work/kivvi-click-wt/verify-wave-4-integration/backend)
2026-09-09T07:37:26.046Z  INFO 239917 --- [kivvi-click] [           main] click.kivvi.web.WidgetControllerTest     : No active profile set, falling back to 1 default profile: "default"
2026-09-09T07:37:26.332Z  INFO 239917 --- [kivvi-click] [           main] o.s.b.w.a.WelcomePageHandlerMapping      : Adding welcome page: class path resource [static/index.html]
2026-09-09T07:37:26.420Z  INFO 239917 --- [kivvi-click] [           main] o.s.b.t.m.w.SpringBootMockServletContext : Initializing Spring TestDispatcherServlet ''
2026-09-09T07:37:26.420Z  INFO 239917 --- [kivvi-click] [           main] o.s.t.web.servlet.TestDispatcherServlet  : Initializing Servlet ''
2026-09-09T07:37:26.421Z  INFO 239917 --- [kivvi-click] [           main] o.s.t.web.servlet.TestDispatcherServlet  : Completed initialization in 1 ms
2026-09-09T07:37:26.429Z  INFO 239917 --- [kivvi-click] [           main] click.kivvi.web.WidgetControllerTest     : Started WidgetControllerTest in 0.458 seconds (process running for 9.288)
2026-09-09T07:37:26.539Z  INFO 239917 --- [kivvi-click] [           main] t.c.s.AnnotationConfigContextLoaderUtils : Could not detect default configuration classes for test class [click.kivvi.web.LoginControllerTest]: LoginControllerTest does not declare any static, non-private, non-final, nested classes annotated with @Configuration.
2026-09-09T07:37:26.546Z  INFO 239917 --- [kivvi-click] [           main] .b.t.c.SpringBootTestContextBootstrapper : Found @SpringBootConfiguration click.kivvi.KivviApplication for test class click.kivvi.web.LoginControllerTest
2026-09-09T07:37:26.547Z  INFO 239917 --- [kivvi-click] [           main] t.c.s.AnnotationConfigContextLoaderUtils : Could not detect default configuration classes for test class [click.kivvi.web.LoginControllerTest]: LoginControllerTest does not declare any static, non-private, non-final, nested classes annotated with @Configuration.
2026-09-09T07:37:26.553Z  INFO 239917 --- [kivvi-click] [           main] .b.t.c.SpringBootTestContextBootstrapper : Found @SpringBootConfiguration click.kivvi.KivviApplication for test class click.kivvi.web.LoginControllerTest

  .   ____          _            __ _ _
 /\\ / ___'_ __ _ _(_)_ __  __ _ \ \ \ \
( ( )\___ | '_ | '_| | '_ \/ _` | \ \ \ \
 \\/  ___)| |_)| | | | | || (_| |  ) ) ) )
  '  |____| .__|_| |_|_| |_\__, | / / / /
 =========|_|==============|___/=/_/_/_/

 :: Spring Boot ::                (v4.1.1)

2026-09-09T07:37:26.586Z  INFO 239917 --- [kivvi-click] [           main] click.kivvi.web.LoginControllerTest      : Starting LoginControllerTest using Java 25.0.4.1 with PID 239917 (started by muszkin in /home/muszkin/work/kivvi-click-wt/verify-wave-4-integration/backend)
2026-09-09T07:37:26.586Z  INFO 239917 --- [kivvi-click] [           main] click.kivvi.web.LoginControllerTest      : No active profile set, falling back to 1 default profile: "default"
2026-09-09T07:37:26.744Z  INFO 239917 --- [kivvi-click] [           main] o.s.b.w.a.WelcomePageHandlerMapping      : Adding welcome page: class path resource [static/index.html]
2026-09-09T07:37:26.784Z  INFO 239917 --- [kivvi-click] [           main] o.s.b.t.m.w.SpringBootMockServletContext : Initializing Spring TestDispatcherServlet ''
2026-09-09T07:37:26.784Z  INFO 239917 --- [kivvi-click] [           main] o.s.t.web.servlet.TestDispatcherServlet  : Initializing Servlet ''
2026-09-09T07:37:26.785Z  INFO 239917 --- [kivvi-click] [           main] o.s.t.web.servlet.TestDispatcherServlet  : Completed initialization in 1 ms
2026-09-09T07:37:26.794Z  INFO 239917 --- [kivvi-click] [           main] click.kivvi.web.LoginControllerTest      : Started LoginControllerTest in 0.234 seconds (process running for 9.653)
2026-09-09T07:37:26.845Z  INFO 239917 --- [kivvi-click] [           main] t.c.s.AnnotationConfigContextLoaderUtils : Could not detect default configuration classes for test class [click.kivvi.web.ImportUploadControllerTest]: ImportUploadControllerTest does not declare any static, non-private, non-final, nested classes annotated with @Configuration.
2026-09-09T07:37:26.863Z  INFO 239917 --- [kivvi-click] [           main] .b.t.c.SpringBootTestContextBootstrapper : Found @SpringBootConfiguration click.kivvi.KivviApplication for test class click.kivvi.web.ImportUploadControllerTest
2026-09-09T07:37:26.864Z  INFO 239917 --- [kivvi-click] [           main] t.c.s.AnnotationConfigContextLoaderUtils : Could not detect default configuration classes for test class [click.kivvi.web.ImportUploadControllerTest]: ImportUploadControllerTest does not declare any static, non-private, non-final, nested classes annotated with @Configuration.
2026-09-09T07:37:26.873Z  INFO 239917 --- [kivvi-click] [           main] .b.t.c.SpringBootTestContextBootstrapper : Found @SpringBootConfiguration click.kivvi.KivviApplication for test class click.kivvi.web.ImportUploadControllerTest

  .   ____          _            __ _ _
 /\\ / ___'_ __ _ _(_)_ __  __ _ \ \ \ \
( ( )\___ | '_ | '_| | '_ \/ _` | \ \ \ \
 \\/  ___)| |_)| | | | | || (_| |  ) ) ) )
  '  |____| .__|_| |_|_| |_\__, | / / / /
 =========|_|==============|___/=/_/_/_/

 :: Spring Boot ::                (v4.1.1)

2026-09-09T07:37:26.907Z  INFO 239917 --- [kivvi-click] [           main] c.kivvi.web.ImportUploadControllerTest   : Starting ImportUploadControllerTest using Java 25.0.4.1 with PID 239917 (started by muszkin in /home/muszkin/work/kivvi-click-wt/verify-wave-4-integration/backend)
2026-09-09T07:37:26.908Z  INFO 239917 --- [kivvi-click] [           main] c.kivvi.web.ImportUploadControllerTest   : No active profile set, falling back to 1 default profile: "default"
2026-09-09T07:37:27.040Z  INFO 239917 --- [kivvi-click] [           main] o.s.b.w.a.WelcomePageHandlerMapping      : Adding welcome page: class path resource [static/index.html]
2026-09-09T07:37:27.083Z  INFO 239917 --- [kivvi-click] [           main] o.s.b.t.m.w.SpringBootMockServletContext : Initializing Spring TestDispatcherServlet ''
2026-09-09T07:37:27.083Z  INFO 239917 --- [kivvi-click] [           main] o.s.t.web.servlet.TestDispatcherServlet  : Initializing Servlet ''
2026-09-09T07:37:27.084Z  INFO 239917 --- [kivvi-click] [           main] o.s.t.web.servlet.TestDispatcherServlet  : Completed initialization in 1 ms
2026-09-09T07:37:27.093Z  INFO 239917 --- [kivvi-click] [           main] c.kivvi.web.ImportUploadControllerTest   : Started ImportUploadControllerTest in 0.217 seconds (process running for 9.953)
2026-09-09T07:37:27.136Z  INFO 239917 --- [kivvi-click] [           main] t.c.s.AnnotationConfigContextLoaderUtils : Could not detect default configuration classes for test class [click.kivvi.web.ImportControllerTest]: ImportControllerTest does not declare any static, non-private, non-final, nested classes annotated with @Configuration.
2026-09-09T07:37:27.144Z  INFO 239917 --- [kivvi-click] [           main] .b.t.c.SpringBootTestContextBootstrapper : Found @SpringBootConfiguration click.kivvi.KivviApplication for test class click.kivvi.web.ImportControllerTest
2026-09-09T07:37:27.145Z  INFO 239917 --- [kivvi-click] [           main] t.c.s.AnnotationConfigContextLoaderUtils : Could not detect default configuration classes for test class [click.kivvi.web.ImportControllerTest]: ImportControllerTest does not declare any static, non-private, non-final, nested classes annotated with @Configuration.
2026-09-09T07:37:27.152Z  INFO 239917 --- [kivvi-click] [           main] .b.t.c.SpringBootTestContextBootstrapper : Found @SpringBootConfiguration click.kivvi.KivviApplication for test class click.kivvi.web.ImportControllerTest

  .   ____          _            __ _ _
 /\\ / ___'_ __ _ _(_)_ __  __ _ \ \ \ \
( ( )\___ | '_ | '_| | '_ \/ _` | \ \ \ \
 \\/  ___)| |_)| | | | | || (_| |  ) ) ) )
  '  |____| .__|_| |_|_| |_\__, | / / / /
 =========|_|==============|___/=/_/_/_/

 :: Spring Boot ::                (v4.1.1)

2026-09-09T07:37:27.182Z  INFO 239917 --- [kivvi-click] [           main] click.kivvi.web.ImportControllerTest     : Starting ImportControllerTest using Java 25.0.4.1 with PID 239917 (started by muszkin in /home/muszkin/work/kivvi-click-wt/verify-wave-4-integration/backend)
2026-09-09T07:37:27.183Z  INFO 239917 --- [kivvi-click] [           main] click.kivvi.web.ImportControllerTest     : No active profile set, falling back to 1 default profile: "default"
2026-09-09T07:37:27.324Z  INFO 239917 --- [kivvi-click] [           main] o.s.b.w.a.WelcomePageHandlerMapping      : Adding welcome page: class path resource [static/index.html]
2026-09-09T07:37:27.359Z  INFO 239917 --- [kivvi-click] [           main] o.s.b.t.m.w.SpringBootMockServletContext : Initializing Spring TestDispatcherServlet ''
2026-09-09T07:37:27.359Z  INFO 239917 --- [kivvi-click] [           main] o.s.t.web.servlet.TestDispatcherServlet  : Initializing Servlet ''
2026-09-09T07:37:27.360Z  INFO 239917 --- [kivvi-click] [           main] o.s.t.web.servlet.TestDispatcherServlet  : Completed initialization in 1 ms
2026-09-09T07:37:27.363Z  INFO 239917 --- [kivvi-click] [           main] click.kivvi.web.ImportControllerTest     : Started ImportControllerTest in 0.205 seconds (process running for 10.222)
2026-09-09T07:37:27.422Z  INFO 239917 --- [kivvi-click] [           main] t.c.s.AnnotationConfigContextLoaderUtils : Could not detect default configuration classes for test class [click.kivvi.web.CustomersControllerTest]: CustomersControllerTest does not declare any static, non-private, non-final, nested classes annotated with @Configuration.
2026-09-09T07:37:27.428Z  INFO 239917 --- [kivvi-click] [           main] .b.t.c.SpringBootTestContextBootstrapper : Found @SpringBootConfiguration click.kivvi.KivviApplication for test class click.kivvi.web.CustomersControllerTest
2026-09-09T07:37:27.428Z  INFO 239917 --- [kivvi-click] [           main] t.c.s.AnnotationConfigContextLoaderUtils : Could not detect default configuration classes for test class [click.kivvi.web.CustomersControllerTest]: CustomersControllerTest does not declare any static, non-private, non-final, nested classes annotated with @Configuration.
2026-09-09T07:37:27.436Z  INFO 239917 --- [kivvi-click] [           main] .b.t.c.SpringBootTestContextBootstrapper : Found @SpringBootConfiguration click.kivvi.KivviApplication for test class click.kivvi.web.CustomersControllerTest

  .   ____          _            __ _ _
 /\\ / ___'_ __ _ _(_)_ __  __ _ \ \ \ \
( ( )\___ | '_ | '_| | '_ \/ _` | \ \ \ \
 \\/  ___)| |_)| | | | | || (_| |  ) ) ) )
  '  |____| .__|_| |_|_| |_\__, | / / / /
 =========|_|==============|___/=/_/_/_/

 :: Spring Boot ::                (v4.1.1)

2026-09-09T07:37:27.461Z  INFO 239917 --- [kivvi-click] [           main] c.kivvi.web.CustomersControllerTest      : Starting CustomersControllerTest using Java 25.0.4.1 with PID 239917 (started by muszkin in /home/muszkin/work/kivvi-click-wt/verify-wave-4-integration/backend)
2026-09-09T07:37:27.462Z  INFO 239917 --- [kivvi-click] [           main] c.kivvi.web.CustomersControllerTest      : No active profile set, falling back to 1 default profile: "default"
2026-09-09T07:37:27.556Z  INFO 239917 --- [kivvi-click] [           main] o.s.b.w.a.WelcomePageHandlerMapping      : Adding welcome page: class path resource [static/index.html]
2026-09-09T07:37:27.579Z  INFO 239917 --- [kivvi-click] [           main] o.s.b.t.m.w.SpringBootMockServletContext : Initializing Spring TestDispatcherServlet ''
2026-09-09T07:37:27.579Z  INFO 239917 --- [kivvi-click] [           main] o.s.t.web.servlet.TestDispatcherServlet  : Initializing Servlet ''
2026-09-09T07:37:27.580Z  INFO 239917 --- [kivvi-click] [           main] o.s.t.web.servlet.TestDispatcherServlet  : Completed initialization in 1 ms
2026-09-09T07:37:27.583Z  INFO 239917 --- [kivvi-click] [           main] c.kivvi.web.CustomersControllerTest      : Started CustomersControllerTest in 0.142 seconds (process running for 10.443)
2026-09-09T07:37:27.635Z  INFO 239917 --- [kivvi-click] [           main] t.c.s.AnnotationConfigContextLoaderUtils : Could not detect default configuration classes for test class [click.kivvi.web.LandingControllerTest]: LandingControllerTest does not declare any static, non-private, non-final, nested classes annotated with @Configuration.
2026-09-09T07:37:27.639Z  INFO 239917 --- [kivvi-click] [           main] .b.t.c.SpringBootTestContextBootstrapper : Found @SpringBootConfiguration click.kivvi.KivviApplication for test class click.kivvi.web.LandingControllerTest
2026-09-09T07:37:27.640Z  INFO 239917 --- [kivvi-click] [           main] t.c.s.AnnotationConfigContextLoaderUtils : Could not detect default configuration classes for test class [click.kivvi.web.LandingControllerTest]: LandingControllerTest does not declare any static, non-private, non-final, nested classes annotated with @Configuration.
2026-09-09T07:37:27.643Z  INFO 239917 --- [kivvi-click] [           main] .b.t.c.SpringBootTestContextBootstrapper : Found @SpringBootConfiguration click.kivvi.KivviApplication for test class click.kivvi.web.LandingControllerTest

  .   ____          _            __ _ _
 /\\ / ___'_ __ _ _(_)_ __  __ _ \ \ \ \
( ( )\___ | '_ | '_| | '_ \/ _` | \ \ \ \
 \\/  ___)| |_)| | | | | || (_| |  ) ) ) )
  '  |____| .__|_| |_|_| |_\__, | / / / /
 =========|_|==============|___/=/_/_/_/

 :: Spring Boot ::                (v4.1.1)

2026-09-09T07:37:27.657Z  INFO 239917 --- [kivvi-click] [           main] click.kivvi.web.LandingControllerTest    : Starting LandingControllerTest using Java 25.0.4.1 with PID 239917 (started by muszkin in /home/muszkin/work/kivvi-click-wt/verify-wave-4-integration/backend)
2026-09-09T07:37:27.658Z  INFO 239917 --- [kivvi-click] [           main] click.kivvi.web.LandingControllerTest    : No active profile set, falling back to 1 default profile: "default"
2026-09-09T07:37:27.730Z  INFO 239917 --- [kivvi-click] [           main] o.s.b.w.a.WelcomePageHandlerMapping      : Adding welcome page: class path resource [static/index.html]
2026-09-09T07:37:27.748Z  INFO 239917 --- [kivvi-click] [           main] o.s.b.t.m.w.SpringBootMockServletContext : Initializing Spring TestDispatcherServlet ''
2026-09-09T07:37:27.749Z  INFO 239917 --- [kivvi-click] [           main] o.s.t.web.servlet.TestDispatcherServlet  : Initializing Servlet ''
2026-09-09T07:37:27.749Z  INFO 239917 --- [kivvi-click] [           main] o.s.t.web.servlet.TestDispatcherServlet  : Completed initialization in 0 ms
2026-09-09T07:37:27.751Z  INFO 239917 --- [kivvi-click] [           main] click.kivvi.web.LandingControllerTest    : Started LandingControllerTest in 0.106 seconds (process running for 10.611)
2026-09-09T07:37:27.773Z  INFO 239917 --- [kivvi-click] [           main] t.c.s.AnnotationConfigContextLoaderUtils : Could not detect default configuration classes for test class [click.kivvi.web.EventsControllerTest]: EventsControllerTest does not declare any static, non-private, non-final, nested classes annotated with @Configuration.
2026-09-09T07:37:27.777Z  INFO 239917 --- [kivvi-click] [           main] .b.t.c.SpringBootTestContextBootstrapper : Found @SpringBootConfiguration click.kivvi.KivviApplication for test class click.kivvi.web.EventsControllerTest
2026-09-09T07:37:27.777Z  INFO 239917 --- [kivvi-click] [           main] t.c.s.AnnotationConfigContextLoaderUtils : Could not detect default configuration classes for test class [click.kivvi.web.EventsControllerTest]: EventsControllerTest does not declare any static, non-private, non-final, nested classes annotated with @Configuration.
2026-09-09T07:37:27.779Z  INFO 239917 --- [kivvi-click] [           main] .b.t.c.SpringBootTestContextBootstrapper : Found @SpringBootConfiguration click.kivvi.KivviApplication for test class click.kivvi.web.EventsControllerTest

  .   ____          _            __ _ _
 /\\ / ___'_ __ _ _(_)_ __  __ _ \ \ \ \
( ( )\___ | '_ | '_| | '_ \/ _` | \ \ \ \
 \\/  ___)| |_)| | | | | || (_| |  ) ) ) )
  '  |____| .__|_| |_|_| |_\__, | / / / /
 =========|_|==============|___/=/_/_/_/

 :: Spring Boot ::                (v4.1.1)

2026-09-09T07:37:27.790Z  INFO 239917 --- [kivvi-click] [           main] click.kivvi.web.EventsControllerTest     : Starting EventsControllerTest using Java 25.0.4.1 with PID 239917 (started by muszkin in /home/muszkin/work/kivvi-click-wt/verify-wave-4-integration/backend)
2026-09-09T07:37:27.791Z  INFO 239917 --- [kivvi-click] [           main] click.kivvi.web.EventsControllerTest     : No active profile set, falling back to 1 default profile: "default"
2026-09-09T07:37:27.859Z  INFO 239917 --- [kivvi-click] [           main] o.s.b.w.a.WelcomePageHandlerMapping      : Adding welcome page: class path resource [static/index.html]
2026-09-09T07:37:27.879Z  INFO 239917 --- [kivvi-click] [           main] o.s.b.t.m.w.SpringBootMockServletContext : Initializing Spring TestDispatcherServlet ''
2026-09-09T07:37:27.880Z  INFO 239917 --- [kivvi-click] [           main] o.s.t.web.servlet.TestDispatcherServlet  : Initializing Servlet ''
2026-09-09T07:37:27.880Z  INFO 239917 --- [kivvi-click] [           main] o.s.t.web.servlet.TestDispatcherServlet  : Completed initialization in 0 ms
2026-09-09T07:37:27.883Z  INFO 239917 --- [kivvi-click] [           main] click.kivvi.web.EventsControllerTest     : Started EventsControllerTest in 0.102 seconds (process running for 10.743)
2026-09-09T07:37:27.912Z  INFO 239917 --- [kivvi-click] [           main] t.c.s.AnnotationConfigContextLoaderUtils : Could not detect default configuration classes for test class [click.kivvi.web.DashboardControllerTest]: DashboardControllerTest does not declare any static, non-private, non-final, nested classes annotated with @Configuration.
2026-09-09T07:37:27.916Z  INFO 239917 --- [kivvi-click] [           main] .b.t.c.SpringBootTestContextBootstrapper : Found @SpringBootConfiguration click.kivvi.KivviApplication for test class click.kivvi.web.DashboardControllerTest
2026-09-09T07:37:27.917Z  INFO 239917 --- [kivvi-click] [           main] t.c.s.AnnotationConfigContextLoaderUtils : Could not detect default configuration classes for test class [click.kivvi.web.DashboardControllerTest]: DashboardControllerTest does not declare any static, non-private, non-final, nested classes annotated with @Configuration.
2026-09-09T07:37:27.921Z  INFO 239917 --- [kivvi-click] [           main] .b.t.c.SpringBootTestContextBootstrapper : Found @SpringBootConfiguration click.kivvi.KivviApplication for test class click.kivvi.web.DashboardControllerTest

  .   ____          _            __ _ _
 /\\ / ___'_ __ _ _(_)_ __  __ _ \ \ \ \
( ( )\___ | '_ | '_| | '_ \/ _` | \ \ \ \
 \\/  ___)| |_)| | | | | || (_| |  ) ) ) )
  '  |____| .__|_| |_|_| |_\__, | / / / /
 =========|_|==============|___/=/_/_/_/

 :: Spring Boot ::                (v4.1.1)

2026-09-09T07:37:27.936Z  INFO 239917 --- [kivvi-click] [           main] c.kivvi.web.DashboardControllerTest      : Starting DashboardControllerTest using Java 25.0.4.1 with PID 239917 (started by muszkin in /home/muszkin/work/kivvi-click-wt/verify-wave-4-integration/backend)
2026-09-09T07:37:27.936Z  INFO 239917 --- [kivvi-click] [           main] c.kivvi.web.DashboardControllerTest      : No active profile set, falling back to 1 default profile: "default"
2026-09-09T07:37:28.021Z  INFO 239917 --- [kivvi-click] [           main] o.s.b.w.a.WelcomePageHandlerMapping      : Adding welcome page: class path resource [static/index.html]
2026-09-09T07:37:28.046Z  INFO 239917 --- [kivvi-click] [           main] o.s.b.t.m.w.SpringBootMockServletContext : Initializing Spring TestDispatcherServlet ''
2026-09-09T07:37:28.046Z  INFO 239917 --- [kivvi-click] [           main] o.s.t.web.servlet.TestDispatcherServlet  : Initializing Servlet ''
2026-09-09T07:37:28.047Z  INFO 239917 --- [kivvi-click] [           main] o.s.t.web.servlet.TestDispatcherServlet  : Completed initialization in 1 ms
2026-09-09T07:37:28.050Z  INFO 239917 --- [kivvi-click] [           main] c.kivvi.web.DashboardControllerTest      : Started DashboardControllerTest in 0.127 seconds (process running for 10.909)
2026-09-09T07:37:28.080Z  INFO 239917 --- [kivvi-click] [           main] t.c.s.AnnotationConfigContextLoaderUtils : Could not detect default configuration classes for test class [click.kivvi.web.SpaDocumentControllerTest]: SpaDocumentControllerTest does not declare any static, non-private, non-final, nested classes annotated with @Configuration.
2026-09-09T07:37:28.093Z  INFO 239917 --- [kivvi-click] [           main] .b.t.c.SpringBootTestContextBootstrapper : Found @SpringBootConfiguration click.kivvi.KivviApplication for test class click.kivvi.web.SpaDocumentControllerTest
2026-09-09T07:37:28.094Z  INFO 239917 --- [kivvi-click] [           main] t.c.s.AnnotationConfigContextLoaderUtils : Could not detect default configuration classes for test class [click.kivvi.web.SpaDocumentControllerTest]: SpaDocumentControllerTest does not declare any static, non-private, non-final, nested classes annotated with @Configuration.
2026-09-09T07:37:28.097Z  INFO 239917 --- [kivvi-click] [           main] .b.t.c.SpringBootTestContextBootstrapper : Found @SpringBootConfiguration click.kivvi.KivviApplication for test class click.kivvi.web.SpaDocumentControllerTest

  .   ____          _            __ _ _
 /\\ / ___'_ __ _ _(_)_ __  __ _ \ \ \ \
( ( )\___ | '_ | '_| | '_ \/ _` | \ \ \ \
 \\/  ___)| |_)| | | | | || (_| |  ) ) ) )
  '  |____| .__|_| |_|_| |_\__, | / / / /
 =========|_|==============|___/=/_/_/_/

 :: Spring Boot ::                (v4.1.1)

2026-09-09T07:37:28.110Z  INFO 239917 --- [kivvi-click] [           main] c.kivvi.web.SpaDocumentControllerTest    : Starting SpaDocumentControllerTest using Java 25.0.4.1 with PID 239917 (started by muszkin in /home/muszkin/work/kivvi-click-wt/verify-wave-4-integration/backend)
2026-09-09T07:37:28.110Z  INFO 239917 --- [kivvi-click] [           main] c.kivvi.web.SpaDocumentControllerTest    : No active profile set, falling back to 1 default profile: "default"
2026-09-09T07:37:28.184Z  INFO 239917 --- [kivvi-click] [           main] o.s.b.w.a.WelcomePageHandlerMapping      : Adding welcome page: class path resource [static/index.html]
2026-09-09T07:37:28.202Z  INFO 239917 --- [kivvi-click] [           main] o.s.b.t.m.w.SpringBootMockServletContext : Initializing Spring TestDispatcherServlet ''
2026-09-09T07:37:28.203Z  INFO 239917 --- [kivvi-click] [           main] o.s.t.web.servlet.TestDispatcherServlet  : Initializing Servlet ''
2026-09-09T07:37:28.203Z  INFO 239917 --- [kivvi-click] [           main] o.s.t.web.servlet.TestDispatcherServlet  : Completed initialization in 0 ms
2026-09-09T07:37:28.205Z  INFO 239917 --- [kivvi-click] [           main] c.kivvi.web.SpaDocumentControllerTest    : Started SpaDocumentControllerTest in 0.106 seconds (process running for 11.065)
2026-09-09T07:37:28.281Z  INFO 239917 --- [kivvi-click] [           main] t.c.s.AnnotationConfigContextLoaderUtils : Could not detect default configuration classes for test class [click.kivvi.web.PreferencesControllerTest]: PreferencesControllerTest does not declare any static, non-private, non-final, nested classes annotated with @Configuration.
2026-09-09T07:37:28.285Z  INFO 239917 --- [kivvi-click] [           main] .b.t.c.SpringBootTestContextBootstrapper : Found @SpringBootConfiguration click.kivvi.KivviApplication for test class click.kivvi.web.PreferencesControllerTest
2026-09-09T07:37:28.285Z  INFO 239917 --- [kivvi-click] [           main] t.c.s.AnnotationConfigContextLoaderUtils : Could not detect default configuration classes for test class [click.kivvi.web.PreferencesControllerTest]: PreferencesControllerTest does not declare any static, non-private, non-final, nested classes annotated with @Configuration.
2026-09-09T07:37:28.288Z  INFO 239917 --- [kivvi-click] [           main] .b.t.c.SpringBootTestContextBootstrapper : Found @SpringBootConfiguration click.kivvi.KivviApplication for test class click.kivvi.web.PreferencesControllerTest

  .   ____          _            __ _ _
 /\\ / ___'_ __ _ _(_)_ __  __ _ \ \ \ \
( ( )\___ | '_ | '_| | '_ \/ _` | \ \ \ \
 \\/  ___)| |_)| | | | | || (_| |  ) ) ) )
  '  |____| .__|_| |_|_| |_\__, | / / / /
 =========|_|==============|___/=/_/_/_/

 :: Spring Boot ::                (v4.1.1)

2026-09-09T07:37:28.299Z  INFO 239917 --- [kivvi-click] [           main] c.kivvi.web.PreferencesControllerTest    : Starting PreferencesControllerTest using Java 25.0.4.1 with PID 239917 (started by muszkin in /home/muszkin/work/kivvi-click-wt/verify-wave-4-integration/backend)
2026-09-09T07:37:28.300Z  INFO 239917 --- [kivvi-click] [           main] c.kivvi.web.PreferencesControllerTest    : No active profile set, falling back to 1 default profile: "default"
2026-09-09T07:37:28.376Z  INFO 239917 --- [kivvi-click] [           main] o.s.b.w.a.WelcomePageHandlerMapping      : Adding welcome page: class path resource [static/index.html]
2026-09-09T07:37:28.386Z  INFO 239917 --- [kivvi-click] [           main] o.s.b.t.m.w.SpringBootMockServletContext : Initializing Spring TestDispatcherServlet ''
2026-09-09T07:37:28.386Z  INFO 239917 --- [kivvi-click] [           main] o.s.t.web.servlet.TestDispatcherServlet  : Initializing Servlet ''
2026-09-09T07:37:28.386Z  INFO 239917 --- [kivvi-click] [           main] o.s.t.web.servlet.TestDispatcherServlet  : Completed initialization in 0 ms
2026-09-09T07:37:28.389Z  INFO 239917 --- [kivvi-click] [           main] c.kivvi.web.PreferencesControllerTest    : Started PreferencesControllerTest in 0.099 seconds (process running for 11.248)
07:37:29.661 [main] INFO org.testcontainers.images.PullPolicy -- Image pull policy will be performed by: DefaultPullPolicy()
07:37:29.665 [main] INFO org.testcontainers.utility.ImageNameSubstitutor -- Image name substitution will be performed by: DefaultImageNameSubstitutor (composite of 'ConfigurationFileImageNameSubstitutor' and 'PrefixingImageNameSubstitutor')
07:37:29.684 [main] INFO org.testcontainers.DockerClientFactory -- Testcontainers version: 2.0.5
07:37:29.793 [main] INFO org.testcontainers.dockerclient.DockerClientProviderStrategy -- Loaded org.testcontainers.dockerclient.UnixSocketClientProviderStrategy from ~/.testcontainers.properties, will try it first
07:37:30.107 [main] INFO org.testcontainers.dockerclient.DockerClientProviderStrategy -- Found Docker environment with local Unix socket (unix:///var/run/docker.sock)
07:37:30.108 [main] INFO org.testcontainers.DockerClientFactory -- Docker host IP address is localhost
07:37:30.120 [main] INFO org.testcontainers.DockerClientFactory -- Connected to docker: 
  Server Version: 29.8.0
  API Version: 1.56
  Operating System: Ubuntu 24.04.4 LTS
  Total Memory: 128182 MB
07:37:30.151 [main] INFO tc.testcontainers/ryuk:0.14.0 -- Creating container for image: testcontainers/ryuk:0.14.0
07:37:30.156 [main] INFO org.testcontainers.utility.RegistryAuthLocator -- Failure when attempting to lookup auth config. Please ignore if you don't have images in an authenticated registry. Details: (dockerImageName: testcontainers/ryuk:0.14.0, configFile: /home/muszkin/.docker/config.json, configEnv: DOCKER_AUTH_CONFIG). Falling back to docker-java default behaviour. Exception message: Status 404: No config supplied. Checked in order: /home/muszkin/.docker/config.json (file not found), DOCKER_AUTH_CONFIG (not set)
07:37:30.442 [main] INFO tc.testcontainers/ryuk:0.14.0 -- Container testcontainers/ryuk:0.14.0 is starting: 2e6ebcf54fcd3cb8104412edab6752002491e869f80de3b526295f1f9d3a3353
07:37:30.716 [main] INFO tc.testcontainers/ryuk:0.14.0 -- Container testcontainers/ryuk:0.14.0 started in PT0.564862901S
07:37:30.720 [main] INFO org.testcontainers.utility.RyukResourceReaper -- Ryuk started - will monitor and terminate Testcontainers containers on JVM exit
07:37:30.720 [main] INFO org.testcontainers.DockerClientFactory -- Checking the system...
07:37:30.721 [main] INFO org.testcontainers.DockerClientFactory -- ✔︎ Docker server version should be at least 1.6.0
07:37:30.721 [main] INFO tc.postgres:18-alpine -- Creating container for image: postgres:18-alpine
07:37:30.785 [main] INFO tc.postgres:18-alpine -- Container postgres:18-alpine is starting: 1a1c2d4de28dfe210165af2c15ec44cc40e4fdc1143c7365feb2ea965673efe6
07:37:32.208 [main] INFO tc.postgres:18-alpine -- Container postgres:18-alpine started in PT1.486668993S
07:37:32.209 [main] INFO tc.postgres:18-alpine -- Container is started (JDBC URL: jdbc:postgresql://localhost:34662/test?loggerLevel=OFF)
07:37:32.296 [main] INFO org.springframework.test.context.support.AnnotationConfigContextLoaderUtils -- Could not detect default configuration classes for test class [click.kivvi.CampaignsApiIT]: CampaignsApiIT does not declare any static, non-private, non-final, nested classes annotated with @Configuration.
07:37:32.429 [main] INFO org.springframework.boot.test.context.SpringBootTestContextBootstrapper -- Found @SpringBootConfiguration click.kivvi.KivviApplication for test class click.kivvi.CampaignsApiIT
07:37:32.485 [main] INFO org.springframework.test.context.support.AnnotationConfigContextLoaderUtils -- Could not detect default configuration classes for test class [click.kivvi.CampaignsApiIT]: CampaignsApiIT does not declare any static, non-private, non-final, nested classes annotated with @Configuration.
07:37:32.490 [main] INFO org.springframework.boot.test.context.SpringBootTestContextBootstrapper -- Found @SpringBootConfiguration click.kivvi.KivviApplication for test class click.kivvi.CampaignsApiIT

  .   ____          _            __ _ _
 /\\ / ___'_ __ _ _(_)_ __  __ _ \ \ \ \
( ( )\___ | '_ | '_| | '_ \/ _` | \ \ \ \
 \\/  ___)| |_)| | | | | || (_| |  ) ) ) )
  '  |____| .__|_| |_|_| |_\__, | / / / /
 =========|_|==============|___/=/_/_/_/

 :: Spring Boot ::                (v4.1.1)

2026-09-09T07:37:32.764Z  INFO 241471 --- [kivvi-click] [           main] click.kivvi.CampaignsApiIT               : Starting CampaignsApiIT using Java 25.0.4.1 with PID 241471 (started by muszkin in /home/muszkin/work/kivvi-click-wt/verify-wave-4-integration/backend)
2026-09-09T07:37:32.769Z  INFO 241471 --- [kivvi-click] [           main] click.kivvi.CampaignsApiIT               : No active profile set, falling back to 1 default profile: "default"
2026-09-09T07:37:33.985Z  INFO 241471 --- [kivvi-click] [           main] o.s.boot.tomcat.TomcatWebServer          : Tomcat initialized with port 0 (http)
2026-09-09T07:37:33.996Z  INFO 241471 --- [kivvi-click] [           main] o.apache.catalina.core.StandardService   : Starting service [Tomcat]
2026-09-09T07:37:33.997Z  INFO 241471 --- [kivvi-click] [           main] o.apache.catalina.core.StandardEngine    : Starting Servlet engine: [Apache Tomcat/11.0.24]
2026-09-09T07:37:34.024Z  INFO 241471 --- [kivvi-click] [           main] b.w.c.s.WebApplicationContextInitializer : Root WebApplicationContext: initialization completed in 1237 ms
2026-09-09T07:37:34.475Z  INFO 241471 --- [kivvi-click] [           main] org.flywaydb.core.FlywayExecutor         : Database: jdbc:postgresql://localhost:34662/test?loggerLevel=OFF (PostgreSQL 18.6)
2026-09-09T07:37:34.516Z  INFO 241471 --- [kivvi-click] [           main] o.f.c.i.s.JdbcTableSchemaHistory         : Schema history table "public"."flyway_schema_history" does not exist yet
2026-09-09T07:37:34.518Z  INFO 241471 --- [kivvi-click] [           main] o.f.core.internal.command.DbValidate     : Successfully validated 1 migration (execution time 00:00.010s)
2026-09-09T07:37:34.529Z  INFO 241471 --- [kivvi-click] [           main] o.f.c.i.s.JdbcTableSchemaHistory         : Creating Schema History table "public"."flyway_schema_history" ...
2026-09-09T07:37:34.573Z  INFO 241471 --- [kivvi-click] [           main] o.f.core.internal.command.DbMigrate      : Current version of schema "public": << Empty Schema >>
2026-09-09T07:37:34.583Z  INFO 241471 --- [kivvi-click] [           main] o.f.core.internal.command.DbMigrate      : Migrating schema "public" to version "1 - baseline"
2026-09-09T07:37:34.616Z  INFO 241471 --- [kivvi-click] [           main] o.f.core.internal.command.DbMigrate      : Successfully applied 1 migration to schema "public", now at version v1 (execution time 00:00.024s)
2026-09-09T07:37:34.817Z  INFO 241471 --- [kivvi-click] [           main] o.s.b.w.a.WelcomePageHandlerMapping      : Adding welcome page: class path resource [static/index.html]
2026-09-09T07:37:35.273Z  INFO 241471 --- [kivvi-click] [           main] com.zaxxer.hikari.HikariDataSource       : HikariPool-1 - Starting...
2026-09-09T07:37:35.290Z  INFO 241471 --- [kivvi-click] [           main] com.zaxxer.hikari.pool.HikariPool        : HikariPool-1 - Added connection org.postgresql.jdbc.PgConnection@76d220eb
2026-09-09T07:37:35.291Z  INFO 241471 --- [kivvi-click] [           main] com.zaxxer.hikari.HikariDataSource       : HikariPool-1 - Start completed.
2026-09-09T07:37:35.330Z  INFO 241471 --- [kivvi-click] [           main] o.s.b.a.e.web.EndpointLinksResolver      : Exposing 1 endpoint beneath base path '/actuator'
2026-09-09T07:37:35.373Z  INFO 241471 --- [kivvi-click] [           main] o.s.boot.tomcat.TomcatWebServer          : Tomcat started on port 42313 (http) with context path '/'
2026-09-09T07:37:35.389Z  INFO 241471 --- [kivvi-click] [           main] click.kivvi.CampaignsApiIT               : Started CampaignsApiIT in 2.859 seconds (process running for 6.373)
2026-09-09T07:37:35.410Z  INFO 241471 --- [kivvi-click] [eat-scheduler-1] c.k.i.scheduling.HeartbeatJob            : Scheduler heartbeat tick.
2026-09-09T07:37:35.421Z  INFO 241471 --- [kivvi-click] [eat-scheduler-1] c.k.i.tracking.EventDedupCleanupJob      : Event dedup cleanup removed 0 expired row(s).
OpenJDK 64-Bit Server VM warning: Sharing is only supported for boot loader classes because bootstrap classpath has been appended
2026-09-09T07:37:35.933Z  INFO 241471 --- [kivvi-click] [o-auto-1-exec-1] o.a.c.c.C.[Tomcat].[localhost].[/]       : Initializing Spring DispatcherServlet 'dispatcherServlet'
2026-09-09T07:37:35.933Z  INFO 241471 --- [kivvi-click] [o-auto-1-exec-1] o.s.web.servlet.DispatcherServlet        : Initializing Servlet 'dispatcherServlet'
2026-09-09T07:37:35.934Z  INFO 241471 --- [kivvi-click] [o-auto-1-exec-1] o.s.web.servlet.DispatcherServlet        : Completed initialization in 1 ms
2026-09-09T07:37:36.406Z  INFO 241471 --- [kivvi-click] [           main] tc.postgres:18-alpine                    : Creating container for image: postgres:18-alpine
2026-09-09T07:37:36.430Z  INFO 241471 --- [kivvi-click] [           main] tc.postgres:18-alpine                    : Container postgres:18-alpine is starting: 4c9cc248938ab4b9e686ce7252214d73abe584b1a9ba2efc21217628c3e376f4
2026-09-09T07:37:37.963Z  INFO 241471 --- [kivvi-click] [           main] tc.postgres:18-alpine                    : Container postgres:18-alpine started in PT1.556878328S
2026-09-09T07:37:37.963Z  INFO 241471 --- [kivvi-click] [           main] tc.postgres:18-alpine                    : Container is started (JDBC URL: jdbc:postgresql://localhost:34663/test?loggerLevel=OFF)
2026-09-09T07:37:37.966Z  INFO 241471 --- [kivvi-click] [           main] t.c.s.AnnotationConfigContextLoaderUtils : Could not detect default configuration classes for test class [click.kivvi.infrastructure.scheduling.HeartbeatSchedulerIT]: HeartbeatSchedulerIT does not declare any static, non-private, non-final, nested classes annotated with @Configuration.
2026-09-09T07:37:37.981Z  INFO 241471 --- [kivvi-click] [           main] .b.t.c.SpringBootTestContextBootstrapper : Found @SpringBootConfiguration click.kivvi.KivviApplication for test class click.kivvi.infrastructure.scheduling.HeartbeatSchedulerIT

  .   ____          _            __ _ _
 /\\ / ___'_ __ _ _(_)_ __  __ _ \ \ \ \
( ( )\___ | '_ | '_| | '_ \/ _` | \ \ \ \
 \\/  ___)| |_)| | | | | || (_| |  ) ) ) )
  '  |____| .__|_| |_|_| |_\__, | / / / /
 =========|_|==============|___/=/_/_/_/

 :: Spring Boot ::                (v4.1.1)

2026-09-09T07:37:38.004Z  INFO 241471 --- [kivvi-click] [           main] c.k.i.scheduling.HeartbeatSchedulerIT    : Starting HeartbeatSchedulerIT using Java 25.0.4.1 with PID 241471 (started by muszkin in /home/muszkin/work/kivvi-click-wt/verify-wave-4-integration/backend)
2026-09-09T07:37:38.004Z  INFO 241471 --- [kivvi-click] [           main] c.k.i.scheduling.HeartbeatSchedulerIT    : No active profile set, falling back to 1 default profile: "default"
2026-09-09T07:37:38.355Z  INFO 241471 --- [kivvi-click] [           main] o.s.boot.tomcat.TomcatWebServer          : Tomcat initialized with port 0 (http)
2026-09-09T07:37:38.357Z  INFO 241471 --- [kivvi-click] [           main] o.apache.catalina.core.StandardService   : Starting service [Tomcat]
2026-09-09T07:37:38.358Z  INFO 241471 --- [kivvi-click] [           main] o.apache.catalina.core.StandardEngine    : Starting Servlet engine: [Apache Tomcat/11.0.24]
2026-09-09T07:37:38.382Z  INFO 241471 --- [kivvi-click] [           main] b.w.c.s.WebApplicationContextInitializer : Root WebApplicationContext: initialization completed in 376 ms
2026-09-09T07:37:38.566Z  INFO 241471 --- [kivvi-click] [           main] org.flywaydb.core.FlywayExecutor         : Database: jdbc:postgresql://localhost:34663/test?loggerLevel=OFF (PostgreSQL 18.6)
2026-09-09T07:37:38.586Z  INFO 241471 --- [kivvi-click] [           main] o.f.c.i.s.JdbcTableSchemaHistory         : Schema history table "public"."flyway_schema_history" does not exist yet
2026-09-09T07:37:38.587Z  INFO 241471 --- [kivvi-click] [           main] o.f.core.internal.command.DbValidate     : Successfully validated 1 migration (execution time 00:00.004s)
2026-09-09T07:37:38.596Z  INFO 241471 --- [kivvi-click] [           main] o.f.c.i.s.JdbcTableSchemaHistory         : Creating Schema History table "public"."flyway_schema_history" ...
2026-09-09T07:37:38.628Z  INFO 241471 --- [kivvi-click] [           main] o.f.core.internal.command.DbMigrate      : Current version of schema "public": << Empty Schema >>
2026-09-09T07:37:38.634Z  INFO 241471 --- [kivvi-click] [           main] o.f.core.internal.command.DbMigrate      : Migrating schema "public" to version "1 - baseline"
2026-09-09T07:37:38.657Z  INFO 241471 --- [kivvi-click] [           main] o.f.core.internal.command.DbMigrate      : Successfully applied 1 migration to schema "public", now at version v1 (execution time 00:00.019s)
2026-09-09T07:37:38.720Z  INFO 241471 --- [kivvi-click] [           main] o.s.b.w.a.WelcomePageHandlerMapping      : Adding welcome page: class path resource [static/index.html]
2026-09-09T07:37:38.801Z  INFO 241471 --- [kivvi-click] [           main] com.zaxxer.hikari.HikariDataSource       : HikariPool-2 - Starting...
2026-09-09T07:37:38.808Z  INFO 241471 --- [kivvi-click] [           main] com.zaxxer.hikari.pool.HikariPool        : HikariPool-2 - Added connection org.postgresql.jdbc.PgConnection@11a88d87
2026-09-09T07:37:38.808Z  INFO 241471 --- [kivvi-click] [           main] com.zaxxer.hikari.HikariDataSource       : HikariPool-2 - Start completed.
2026-09-09T07:37:38.814Z  INFO 241471 --- [kivvi-click] [           main] o.s.b.a.e.web.EndpointLinksResolver      : Exposing 1 endpoint beneath base path '/actuator'
2026-09-09T07:37:38.825Z  INFO 241471 --- [kivvi-click] [           main] o.s.boot.tomcat.TomcatWebServer          : Tomcat started on port 46353 (http) with context path '/'
2026-09-09T07:37:38.832Z  INFO 241471 --- [kivvi-click] [           main] c.k.i.scheduling.HeartbeatSchedulerIT    : Started HeartbeatSchedulerIT in 0.846 seconds (process running for 9.815)
2026-09-09T07:37:38.835Z  INFO 241471 --- [kivvi-click] [eat-scheduler-1] c.k.i.scheduling.HeartbeatJob            : Scheduler heartbeat tick.
2026-09-09T07:37:38.840Z  INFO 241471 --- [kivvi-click] [eat-scheduler-1] c.k.i.tracking.EventDedupCleanupJob      : Event dedup cleanup removed 0 expired row(s).
2026-09-09T07:37:39.209Z  INFO 241471 --- [kivvi-click] [           main] tc.postgres:18-alpine                    : Creating container for image: postgres:18-alpine
2026-09-09T07:37:39.234Z  INFO 241471 --- [kivvi-click] [           main] tc.postgres:18-alpine                    : Container postgres:18-alpine is starting: 1a9065529f0de413cc3ad7669c3e248bcdd937f3dcc50ed3b8044185bad6f13c
2026-09-09T07:37:40.639Z  INFO 241471 --- [kivvi-click] [           main] tc.postgres:18-alpine                    : Container postgres:18-alpine started in PT1.429636812S
2026-09-09T07:37:40.639Z  INFO 241471 --- [kivvi-click] [           main] tc.postgres:18-alpine                    : Container is started (JDBC URL: jdbc:postgresql://localhost:34665/test?loggerLevel=OFF)
2026-09-09T07:37:40.640Z  INFO 241471 --- [kivvi-click] [           main] t.c.s.AnnotationConfigContextLoaderUtils : Could not detect default configuration classes for test class [click.kivvi.infrastructure.tracking.EventDedupStoreIT]: EventDedupStoreIT does not declare any static, non-private, non-final, nested classes annotated with @Configuration.
2026-09-09T07:37:40.651Z  INFO 241471 --- [kivvi-click] [           main] .b.t.c.SpringBootTestContextBootstrapper : Found @SpringBootConfiguration click.kivvi.KivviApplication for test class click.kivvi.infrastructure.tracking.EventDedupStoreIT
2026-09-09T07:37:40.652Z  INFO 241471 --- [kivvi-click] [           main] t.c.s.AnnotationConfigContextLoaderUtils : Could not detect default configuration classes for test class [click.kivvi.infrastructure.tracking.EventDedupStoreIT]: EventDedupStoreIT does not declare any static, non-private, non-final, nested classes annotated with @Configuration.
2026-09-09T07:37:40.654Z  INFO 241471 --- [kivvi-click] [           main] .b.t.c.SpringBootTestContextBootstrapper : Found @SpringBootConfiguration click.kivvi.KivviApplication for test class click.kivvi.infrastructure.tracking.EventDedupStoreIT

  .   ____          _            __ _ _
 /\\ / ___'_ __ _ _(_)_ __  __ _ \ \ \ \
( ( )\___ | '_ | '_| | '_ \/ _` | \ \ \ \
 \\/  ___)| |_)| | | | | || (_| |  ) ) ) )
  '  |____| .__|_| |_|_| |_\__, | / / / /
 =========|_|==============|___/=/_/_/_/

 :: Spring Boot ::                (v4.1.1)

2026-09-09T07:37:40.677Z  INFO 241471 --- [kivvi-click] [           main] c.k.i.tracking.EventDedupStoreIT         : Starting EventDedupStoreIT using Java 25.0.4.1 with PID 241471 (started by muszkin in /home/muszkin/work/kivvi-click-wt/verify-wave-4-integration/backend)
2026-09-09T07:37:40.677Z  INFO 241471 --- [kivvi-click] [           main] c.k.i.tracking.EventDedupStoreIT         : No active profile set, falling back to 1 default profile: "default"
2026-09-09T07:37:40.927Z  INFO 241471 --- [kivvi-click] [           main] org.flywaydb.core.FlywayExecutor         : Database: jdbc:postgresql://localhost:34665/test?loggerLevel=OFF (PostgreSQL 18.6)
2026-09-09T07:37:40.939Z  INFO 241471 --- [kivvi-click] [           main] o.f.c.i.s.JdbcTableSchemaHistory         : Schema history table "public"."flyway_schema_history" does not exist yet
2026-09-09T07:37:40.939Z  INFO 241471 --- [kivvi-click] [           main] o.f.core.internal.command.DbValidate     : Successfully validated 1 migration (execution time 00:00.003s)
2026-09-09T07:37:40.947Z  INFO 241471 --- [kivvi-click] [           main] o.f.c.i.s.JdbcTableSchemaHistory         : Creating Schema History table "public"."flyway_schema_history" ...
2026-09-09T07:37:40.971Z  INFO 241471 --- [kivvi-click] [           main] o.f.core.internal.command.DbMigrate      : Current version of schema "public": << Empty Schema >>
2026-09-09T07:37:40.974Z  INFO 241471 --- [kivvi-click] [           main] o.f.core.internal.command.DbMigrate      : Migrating schema "public" to version "1 - baseline"
2026-09-09T07:37:40.995Z  INFO 241471 --- [kivvi-click] [           main] o.f.core.internal.command.DbMigrate      : Successfully applied 1 migration to schema "public", now at version v1 (execution time 00:00.017s)
2026-09-09T07:37:41.038Z  INFO 241471 --- [kivvi-click] [           main] o.s.b.w.a.WelcomePageHandlerMapping      : Adding welcome page: class path resource [static/index.html]
2026-09-09T07:37:41.107Z  INFO 241471 --- [kivvi-click] [           main] com.zaxxer.hikari.HikariDataSource       : HikariPool-3 - Starting...
2026-09-09T07:37:41.114Z  INFO 241471 --- [kivvi-click] [           main] com.zaxxer.hikari.pool.HikariPool        : HikariPool-3 - Added connection org.postgresql.jdbc.PgConnection@63dd81ee
2026-09-09T07:37:41.114Z  INFO 241471 --- [kivvi-click] [           main] com.zaxxer.hikari.HikariDataSource       : HikariPool-3 - Start completed.
2026-09-09T07:37:41.128Z  INFO 241471 --- [kivvi-click] [           main] o.s.b.a.e.web.EndpointLinksResolver      : Exposing 1 endpoint beneath base path '/actuator'
2026-09-09T07:37:41.145Z  INFO 241471 --- [kivvi-click] [           main] c.k.i.tracking.EventDedupStoreIT         : Started EventDedupStoreIT in 0.485 seconds (process running for 12.128)
2026-09-09T07:37:41.146Z  INFO 241471 --- [kivvi-click] [eat-scheduler-1] c.k.i.scheduling.HeartbeatJob            : Scheduler heartbeat tick.
2026-09-09T07:37:41.149Z  INFO 241471 --- [kivvi-click] [eat-scheduler-1] c.k.i.tracking.EventDedupCleanupJob      : Event dedup cleanup removed 0 expired row(s).
2026-09-09T07:37:41.407Z  INFO 241471 --- [kivvi-click] [           main] tc.postgres:18-alpine                    : Creating container for image: postgres:18-alpine
2026-09-09T07:37:41.426Z  INFO 241471 --- [kivvi-click] [           main] tc.postgres:18-alpine                    : Container postgres:18-alpine is starting: 3069a9ef9aa4503f727b15013925e3267e22b6f88ad4881bcb984218e96791a9
2026-09-09T07:37:42.785Z  INFO 241471 --- [kivvi-click] [           main] tc.postgres:18-alpine                    : Container postgres:18-alpine started in PT1.378719018S
2026-09-09T07:37:42.786Z  INFO 241471 --- [kivvi-click] [           main] tc.postgres:18-alpine                    : Container is started (JDBC URL: jdbc:postgresql://localhost:34666/test?loggerLevel=OFF)
2026-09-09T07:37:42.787Z  INFO 241471 --- [kivvi-click] [           main] t.c.s.AnnotationConfigContextLoaderUtils : Could not detect default configuration classes for test class [click.kivvi.LandingApiIT]: LandingApiIT does not declare any static, non-private, non-final, nested classes annotated with @Configuration.
2026-09-09T07:37:42.790Z  INFO 241471 --- [kivvi-click] [           main] .b.t.c.SpringBootTestContextBootstrapper : Found @SpringBootConfiguration click.kivvi.KivviApplication for test class click.kivvi.LandingApiIT
2026-09-09T07:37:42.790Z  INFO 241471 --- [kivvi-click] [           main] t.c.s.AnnotationConfigContextLoaderUtils : Could not detect default configuration classes for test class [click.kivvi.LandingApiIT]: LandingApiIT does not declare any static, non-private, non-final, nested classes annotated with @Configuration.
2026-09-09T07:37:42.792Z  INFO 241471 --- [kivvi-click] [           main] .b.t.c.SpringBootTestContextBootstrapper : Found @SpringBootConfiguration click.kivvi.KivviApplication for test class click.kivvi.LandingApiIT

  .   ____          _            __ _ _
 /\\ / ___'_ __ _ _(_)_ __  __ _ \ \ \ \
( ( )\___ | '_ | '_| | '_ \/ _` | \ \ \ \
 \\/  ___)| |_)| | | | | || (_| |  ) ) ) )
  '  |____| .__|_| |_|_| |_\__, | / / / /
 =========|_|==============|___/=/_/_/_/

 :: Spring Boot ::                (v4.1.1)

2026-09-09T07:37:42.812Z  INFO 241471 --- [kivvi-click] [           main] click.kivvi.LandingApiIT                 : Starting LandingApiIT using Java 25.0.4.1 with PID 241471 (started by muszkin in /home/muszkin/work/kivvi-click-wt/verify-wave-4-integration/backend)
2026-09-09T07:37:42.812Z  INFO 241471 --- [kivvi-click] [           main] click.kivvi.LandingApiIT                 : No active profile set, falling back to 1 default profile: "default"
2026-09-09T07:37:42.989Z  INFO 241471 --- [kivvi-click] [           main] o.s.boot.tomcat.TomcatWebServer          : Tomcat initialized with port 0 (http)
2026-09-09T07:37:42.990Z  INFO 241471 --- [kivvi-click] [           main] o.apache.catalina.core.StandardService   : Starting service [Tomcat]
2026-09-09T07:37:42.990Z  INFO 241471 --- [kivvi-click] [           main] o.apache.catalina.core.StandardEngine    : Starting Servlet engine: [Apache Tomcat/11.0.24]
2026-09-09T07:37:42.997Z  INFO 241471 --- [kivvi-click] [           main] b.w.c.s.WebApplicationContextInitializer : Root WebApplicationContext: initialization completed in 184 ms
2026-09-09T07:37:43.074Z  INFO 241471 --- [kivvi-click] [           main] org.flywaydb.core.FlywayExecutor         : Database: jdbc:postgresql://localhost:34666/test?loggerLevel=OFF (PostgreSQL 18.6)
2026-09-09T07:37:43.084Z  INFO 241471 --- [kivvi-click] [           main] o.f.c.i.s.JdbcTableSchemaHistory         : Schema history table "public"."flyway_schema_history" does not exist yet
2026-09-09T07:37:43.085Z  INFO 241471 --- [kivvi-click] [           main] o.f.core.internal.command.DbValidate     : Successfully validated 1 migration (execution time 00:00.002s)
2026-09-09T07:37:43.091Z  INFO 241471 --- [kivvi-click] [           main] o.f.c.i.s.JdbcTableSchemaHistory         : Creating Schema History table "public"."flyway_schema_history" ...
2026-09-09T07:37:43.110Z  INFO 241471 --- [kivvi-click] [           main] o.f.core.internal.command.DbMigrate      : Current version of schema "public": << Empty Schema >>
2026-09-09T07:37:43.113Z  INFO 241471 --- [kivvi-click] [           main] o.f.core.internal.command.DbMigrate      : Migrating schema "public" to version "1 - baseline"
2026-09-09T07:37:43.131Z  INFO 241471 --- [kivvi-click] [           main] o.f.core.internal.command.DbMigrate      : Successfully applied 1 migration to schema "public", now at version v1 (execution time 00:00.014s)
2026-09-09T07:37:43.161Z  INFO 241471 --- [kivvi-click] [           main] o.s.b.w.a.WelcomePageHandlerMapping      : Adding welcome page: class path resource [static/index.html]
2026-09-09T07:37:43.213Z  INFO 241471 --- [kivvi-click] [           main] com.zaxxer.hikari.HikariDataSource       : HikariPool-4 - Starting...
2026-09-09T07:37:43.220Z  INFO 241471 --- [kivvi-click] [           main] com.zaxxer.hikari.pool.HikariPool        : HikariPool-4 - Added connection org.postgresql.jdbc.PgConnection@70027aec
2026-09-09T07:37:43.221Z  INFO 241471 --- [kivvi-click] [           main] com.zaxxer.hikari.HikariDataSource       : HikariPool-4 - Start completed.
2026-09-09T07:37:43.225Z  INFO 241471 --- [kivvi-click] [           main] o.s.b.a.e.web.EndpointLinksResolver      : Exposing 1 endpoint beneath base path '/actuator'
2026-09-09T07:37:43.234Z  INFO 241471 --- [kivvi-click] [           main] o.s.boot.tomcat.TomcatWebServer          : Tomcat started on port 43043 (http) with context path '/'
2026-09-09T07:37:43.239Z  INFO 241471 --- [kivvi-click] [           main] click.kivvi.LandingApiIT                 : Started LandingApiIT in 0.443 seconds (process running for 14.222)
2026-09-09T07:37:43.241Z  INFO 241471 --- [kivvi-click] [eat-scheduler-1] c.k.i.scheduling.HeartbeatJob            : Scheduler heartbeat tick.
2026-09-09T07:37:43.243Z  INFO 241471 --- [kivvi-click] [eat-scheduler-1] c.k.i.tracking.EventDedupCleanupJob      : Event dedup cleanup removed 0 expired row(s).
2026-09-09T07:37:43.246Z  INFO 241471 --- [kivvi-click] [o-auto-3-exec-1] o.a.c.c.C.[Tomcat-2].[localhost].[/]     : Initializing Spring DispatcherServlet 'dispatcherServlet'
2026-09-09T07:37:43.246Z  INFO 241471 --- [kivvi-click] [o-auto-3-exec-1] o.s.web.servlet.DispatcherServlet        : Initializing Servlet 'dispatcherServlet'
2026-09-09T07:37:43.247Z  INFO 241471 --- [kivvi-click] [o-auto-3-exec-1] o.s.web.servlet.DispatcherServlet        : Completed initialization in 1 ms
2026-09-09T07:37:43.461Z  INFO 241471 --- [kivvi-click] [           main] tc.postgres:18-alpine                    : Creating container for image: postgres:18-alpine
2026-09-09T07:37:43.477Z  INFO 241471 --- [kivvi-click] [           main] tc.postgres:18-alpine                    : Container postgres:18-alpine is starting: 2b875c7450769ba2ad655824658a6f59d9fdd23eb8ff4c9c4f34fe55e5b03a8c
2026-09-09T07:37:44.876Z  INFO 241471 --- [kivvi-click] [           main] tc.postgres:18-alpine                    : Container postgres:18-alpine started in PT1.414437331S
2026-09-09T07:37:44.876Z  INFO 241471 --- [kivvi-click] [           main] tc.postgres:18-alpine                    : Container is started (JDBC URL: jdbc:postgresql://localhost:34667/test?loggerLevel=OFF)
2026-09-09T07:37:44.877Z  INFO 241471 --- [kivvi-click] [           main] t.c.s.AnnotationConfigContextLoaderUtils : Could not detect default configuration classes for test class [click.kivvi.SettingsApiIT]: SettingsApiIT does not declare any static, non-private, non-final, nested classes annotated with @Configuration.
2026-09-09T07:37:44.881Z  INFO 241471 --- [kivvi-click] [           main] .b.t.c.SpringBootTestContextBootstrapper : Found @SpringBootConfiguration click.kivvi.KivviApplication for test class click.kivvi.SettingsApiIT
2026-09-09T07:37:44.881Z  INFO 241471 --- [kivvi-click] [           main] t.c.s.AnnotationConfigContextLoaderUtils : Could not detect default configuration classes for test class [click.kivvi.SettingsApiIT]: SettingsApiIT does not declare any static, non-private, non-final, nested classes annotated with @Configuration.
2026-09-09T07:37:44.884Z  INFO 241471 --- [kivvi-click] [           main] .b.t.c.SpringBootTestContextBootstrapper : Found @SpringBootConfiguration click.kivvi.KivviApplication for test class click.kivvi.SettingsApiIT

  .   ____          _            __ _ _
 /\\ / ___'_ __ _ _(_)_ __  __ _ \ \ \ \
( ( )\___ | '_ | '_| | '_ \/ _` | \ \ \ \
 \\/  ___)| |_)| | | | | || (_| |  ) ) ) )
  '  |____| .__|_| |_|_| |_\__, | / / / /
 =========|_|==============|___/=/_/_/_/

 :: Spring Boot ::                (v4.1.1)

2026-09-09T07:37:44.905Z  INFO 241471 --- [kivvi-click] [           main] click.kivvi.SettingsApiIT                : Starting SettingsApiIT using Java 25.0.4.1 with PID 241471 (started by muszkin in /home/muszkin/work/kivvi-click-wt/verify-wave-4-integration/backend)
2026-09-09T07:37:44.905Z  INFO 241471 --- [kivvi-click] [           main] click.kivvi.SettingsApiIT                : No active profile set, falling back to 1 default profile: "default"
2026-09-09T07:37:45.114Z  INFO 241471 --- [kivvi-click] [           main] o.s.boot.tomcat.TomcatWebServer          : Tomcat initialized with port 0 (http)
2026-09-09T07:37:45.114Z  INFO 241471 --- [kivvi-click] [           main] o.apache.catalina.core.StandardService   : Starting service [Tomcat]
2026-09-09T07:37:45.114Z  INFO 241471 --- [kivvi-click] [           main] o.apache.catalina.core.StandardEngine    : Starting Servlet engine: [Apache Tomcat/11.0.24]
2026-09-09T07:37:45.121Z  INFO 241471 --- [kivvi-click] [           main] b.w.c.s.WebApplicationContextInitializer : Root WebApplicationContext: initialization completed in 214 ms
2026-09-09T07:37:45.199Z  INFO 241471 --- [kivvi-click] [           main] org.flywaydb.core.FlywayExecutor         : Database: jdbc:postgresql://localhost:34667/test?loggerLevel=OFF (PostgreSQL 18.6)
2026-09-09T07:37:45.214Z  INFO 241471 --- [kivvi-click] [           main] o.f.c.i.s.JdbcTableSchemaHistory         : Schema history table "public"."flyway_schema_history" does not exist yet
2026-09-09T07:37:45.214Z  INFO 241471 --- [kivvi-click] [           main] o.f.core.internal.command.DbValidate     : Successfully validated 1 migration (execution time 00:00.004s)
2026-09-09T07:37:45.224Z  INFO 241471 --- [kivvi-click] [           main] o.f.c.i.s.JdbcTableSchemaHistory         : Creating Schema History table "public"."flyway_schema_history" ...
2026-09-09T07:37:45.248Z  INFO 241471 --- [kivvi-click] [           main] o.f.core.internal.command.DbMigrate      : Current version of schema "public": << Empty Schema >>
2026-09-09T07:37:45.251Z  INFO 241471 --- [kivvi-click] [           main] o.f.core.internal.command.DbMigrate      : Migrating schema "public" to version "1 - baseline"
2026-09-09T07:37:45.269Z  INFO 241471 --- [kivvi-click] [           main] o.f.core.internal.command.DbMigrate      : Successfully applied 1 migration to schema "public", now at version v1 (execution time 00:00.015s)
2026-09-09T07:37:45.299Z  INFO 241471 --- [kivvi-click] [           main] o.s.b.w.a.WelcomePageHandlerMapping      : Adding welcome page: class path resource [static/index.html]
2026-09-09T07:37:45.355Z  INFO 241471 --- [kivvi-click] [           main] com.zaxxer.hikari.HikariDataSource       : HikariPool-5 - Starting...
2026-09-09T07:37:45.362Z  INFO 241471 --- [kivvi-click] [           main] com.zaxxer.hikari.pool.HikariPool        : HikariPool-5 - Added connection org.postgresql.jdbc.PgConnection@4a3c683d
2026-09-09T07:37:45.362Z  INFO 241471 --- [kivvi-click] [           main] com.zaxxer.hikari.HikariDataSource       : HikariPool-5 - Start completed.
2026-09-09T07:37:45.367Z  INFO 241471 --- [kivvi-click] [           main] o.s.b.a.e.web.EndpointLinksResolver      : Exposing 1 endpoint beneath base path '/actuator'
2026-09-09T07:37:45.375Z  INFO 241471 --- [kivvi-click] [           main] o.s.boot.tomcat.TomcatWebServer          : Tomcat started on port 33883 (http) with context path '/'
2026-09-09T07:37:45.380Z  INFO 241471 --- [kivvi-click] [           main] click.kivvi.SettingsApiIT                : Started SettingsApiIT in 0.494 seconds (process running for 16.364)
2026-09-09T07:37:45.382Z  INFO 241471 --- [kivvi-click] [eat-scheduler-1] c.k.i.scheduling.HeartbeatJob            : Scheduler heartbeat tick.
2026-09-09T07:37:45.386Z  INFO 241471 --- [kivvi-click] [eat-scheduler-1] c.k.i.tracking.EventDedupCleanupJob      : Event dedup cleanup removed 0 expired row(s).
2026-09-09T07:37:45.387Z  INFO 241471 --- [kivvi-click] [o-auto-4-exec-1] o.a.c.c.C.[Tomcat-3].[localhost].[/]     : Initializing Spring DispatcherServlet 'dispatcherServlet'
2026-09-09T07:37:45.387Z  INFO 241471 --- [kivvi-click] [o-auto-4-exec-1] o.s.web.servlet.DispatcherServlet        : Initializing Servlet 'dispatcherServlet'
2026-09-09T07:37:45.388Z  INFO 241471 --- [kivvi-click] [o-auto-4-exec-1] o.s.web.servlet.DispatcherServlet        : Completed initialization in 1 ms
2026-09-09T07:37:45.830Z  INFO 241471 --- [kivvi-click] [           main] tc.postgres:18-alpine                    : Creating container for image: postgres:18-alpine
2026-09-09T07:37:45.845Z  INFO 241471 --- [kivvi-click] [           main] tc.postgres:18-alpine                    : Container postgres:18-alpine is starting: f98f6a024464ffd36a2c45a08a91d334ffdce1c51859ee6b8546b35da44b1c96
2026-09-09T07:37:47.207Z  INFO 241471 --- [kivvi-click] [           main] tc.postgres:18-alpine                    : Container postgres:18-alpine started in PT1.37630994S
2026-09-09T07:37:47.207Z  INFO 241471 --- [kivvi-click] [           main] tc.postgres:18-alpine                    : Container is started (JDBC URL: jdbc:postgresql://localhost:34668/test?loggerLevel=OFF)
2026-09-09T07:37:47.208Z  INFO 241471 --- [kivvi-click] [           main] t.c.s.AnnotationConfigContextLoaderUtils : Could not detect default configuration classes for test class [click.kivvi.DashboardApiIT]: DashboardApiIT does not declare any static, non-private, non-final, nested classes annotated with @Configuration.
2026-09-09T07:37:47.212Z  INFO 241471 --- [kivvi-click] [           main] .b.t.c.SpringBootTestContextBootstrapper : Found @SpringBootConfiguration click.kivvi.KivviApplication for test class click.kivvi.DashboardApiIT
2026-09-09T07:37:47.213Z  INFO 241471 --- [kivvi-click] [           main] t.c.s.AnnotationConfigContextLoaderUtils : Could not detect default configuration classes for test class [click.kivvi.DashboardApiIT]: DashboardApiIT does not declare any static, non-private, non-final, nested classes annotated with @Configuration.
2026-09-09T07:37:47.217Z  INFO 241471 --- [kivvi-click] [           main] .b.t.c.SpringBootTestContextBootstrapper : Found @SpringBootConfiguration click.kivvi.KivviApplication for test class click.kivvi.DashboardApiIT

  .   ____          _            __ _ _
 /\\ / ___'_ __ _ _(_)_ __  __ _ \ \ \ \
( ( )\___ | '_ | '_| | '_ \/ _` | \ \ \ \
 \\/  ___)| |_)| | | | | || (_| |  ) ) ) )
  '  |____| .__|_| |_|_| |_\__, | / / / /
 =========|_|==============|___/=/_/_/_/

 :: Spring Boot ::                (v4.1.1)

2026-09-09T07:37:47.233Z  INFO 241471 --- [kivvi-click] [           main] click.kivvi.DashboardApiIT               : Starting DashboardApiIT using Java 25.0.4.1 with PID 241471 (started by muszkin in /home/muszkin/work/kivvi-click-wt/verify-wave-4-integration/backend)
2026-09-09T07:37:47.233Z  INFO 241471 --- [kivvi-click] [           main] click.kivvi.DashboardApiIT               : No active profile set, falling back to 1 default profile: "default"
2026-09-09T07:37:47.386Z  INFO 241471 --- [kivvi-click] [           main] o.s.boot.tomcat.TomcatWebServer          : Tomcat initialized with port 0 (http)
2026-09-09T07:37:47.387Z  INFO 241471 --- [kivvi-click] [           main] o.apache.catalina.core.StandardService   : Starting service [Tomcat]
2026-09-09T07:37:47.387Z  INFO 241471 --- [kivvi-click] [           main] o.apache.catalina.core.StandardEngine    : Starting Servlet engine: [Apache Tomcat/11.0.24]
2026-09-09T07:37:47.393Z  INFO 241471 --- [kivvi-click] [           main] b.w.c.s.WebApplicationContextInitializer : Root WebApplicationContext: initialization completed in 159 ms
2026-09-09T07:37:47.464Z  INFO 241471 --- [kivvi-click] [           main] org.flywaydb.core.FlywayExecutor         : Database: jdbc:postgresql://localhost:34668/test?loggerLevel=OFF (PostgreSQL 18.6)
2026-09-09T07:37:47.474Z  INFO 241471 --- [kivvi-click] [           main] o.f.c.i.s.JdbcTableSchemaHistory         : Schema history table "public"."flyway_schema_history" does not exist yet
2026-09-09T07:37:47.475Z  INFO 241471 --- [kivvi-click] [           main] o.f.core.internal.command.DbValidate     : Successfully validated 1 migration (execution time 00:00.002s)
2026-09-09T07:37:47.481Z  INFO 241471 --- [kivvi-click] [           main] o.f.c.i.s.JdbcTableSchemaHistory         : Creating Schema History table "public"."flyway_schema_history" ...
2026-09-09T07:37:47.500Z  INFO 241471 --- [kivvi-click] [           main] o.f.core.internal.command.DbMigrate      : Current version of schema "public": << Empty Schema >>
2026-09-09T07:37:47.504Z  INFO 241471 --- [kivvi-click] [           main] o.f.core.internal.command.DbMigrate      : Migrating schema "public" to version "1 - baseline"
2026-09-09T07:37:47.520Z  INFO 241471 --- [kivvi-click] [           main] o.f.core.internal.command.DbMigrate      : Successfully applied 1 migration to schema "public", now at version v1 (execution time 00:00.013s)
2026-09-09T07:37:47.547Z  INFO 241471 --- [kivvi-click] [           main] o.s.b.w.a.WelcomePageHandlerMapping      : Adding welcome page: class path resource [static/index.html]
2026-09-09T07:37:47.597Z  INFO 241471 --- [kivvi-click] [           main] com.zaxxer.hikari.HikariDataSource       : HikariPool-6 - Starting...
2026-09-09T07:37:47.603Z  INFO 241471 --- [kivvi-click] [           main] com.zaxxer.hikari.pool.HikariPool        : HikariPool-6 - Added connection org.postgresql.jdbc.PgConnection@4fdb4052
2026-09-09T07:37:47.604Z  INFO 241471 --- [kivvi-click] [           main] com.zaxxer.hikari.HikariDataSource       : HikariPool-6 - Start completed.
2026-09-09T07:37:47.608Z  INFO 241471 --- [kivvi-click] [           main] o.s.b.a.e.web.EndpointLinksResolver      : Exposing 1 endpoint beneath base path '/actuator'
2026-09-09T07:37:47.615Z  INFO 241471 --- [kivvi-click] [           main] o.s.boot.tomcat.TomcatWebServer          : Tomcat started on port 36787 (http) with context path '/'
2026-09-09T07:37:47.620Z  INFO 241471 --- [kivvi-click] [           main] click.kivvi.DashboardApiIT               : Started DashboardApiIT in 0.4 seconds (process running for 18.603)
2026-09-09T07:37:47.621Z  INFO 241471 --- [kivvi-click] [eat-scheduler-1] c.k.i.scheduling.HeartbeatJob            : Scheduler heartbeat tick.
2026-09-09T07:37:47.624Z  INFO 241471 --- [kivvi-click] [eat-scheduler-1] c.k.i.tracking.EventDedupCleanupJob      : Event dedup cleanup removed 0 expired row(s).
2026-09-09T07:37:47.625Z  INFO 241471 --- [kivvi-click] [o-auto-5-exec-1] o.a.c.c.C.[Tomcat-4].[localhost].[/]     : Initializing Spring DispatcherServlet 'dispatcherServlet'
2026-09-09T07:37:47.625Z  INFO 241471 --- [kivvi-click] [o-auto-5-exec-1] o.s.web.servlet.DispatcherServlet        : Initializing Servlet 'dispatcherServlet'
2026-09-09T07:37:47.626Z  INFO 241471 --- [kivvi-click] [o-auto-5-exec-1] o.s.web.servlet.DispatcherServlet        : Completed initialization in 1 ms
2026-09-09T07:37:47.880Z  INFO 241471 --- [kivvi-click] [           main] tc.postgres:18-alpine                    : Creating container for image: postgres:18-alpine
2026-09-09T07:37:47.898Z  INFO 241471 --- [kivvi-click] [           main] tc.postgres:18-alpine                    : Container postgres:18-alpine is starting: 72d946fc9e0726bb8fced0f4d581738cd63a13cb128d193d4f98abe2cb5e3d07
2026-09-09T07:37:49.250Z  INFO 241471 --- [kivvi-click] [           main] tc.postgres:18-alpine                    : Container postgres:18-alpine started in PT1.370773459S
2026-09-09T07:37:49.251Z  INFO 241471 --- [kivvi-click] [           main] tc.postgres:18-alpine                    : Container is started (JDBC URL: jdbc:postgresql://localhost:34669/test?loggerLevel=OFF)
2026-09-09T07:37:49.252Z  INFO 241471 --- [kivvi-click] [           main] t.c.s.AnnotationConfigContextLoaderUtils : Could not detect default configuration classes for test class [click.kivvi.CollectApiIT]: CollectApiIT does not declare any static, non-private, non-final, nested classes annotated with @Configuration.
2026-09-09T07:37:49.255Z  INFO 241471 --- [kivvi-click] [           main] .b.t.c.SpringBootTestContextBootstrapper : Found @SpringBootConfiguration click.kivvi.KivviApplication for test class click.kivvi.CollectApiIT
2026-09-09T07:37:49.255Z  INFO 241471 --- [kivvi-click] [           main] t.c.s.AnnotationConfigContextLoaderUtils : Could not detect default configuration classes for test class [click.kivvi.CollectApiIT]: CollectApiIT does not declare any static, non-private, non-final, nested classes annotated with @Configuration.
2026-09-09T07:37:49.257Z  INFO 241471 --- [kivvi-click] [           main] .b.t.c.SpringBootTestContextBootstrapper : Found @SpringBootConfiguration click.kivvi.KivviApplication for test class click.kivvi.CollectApiIT

  .   ____          _            __ _ _
 /\\ / ___'_ __ _ _(_)_ __  __ _ \ \ \ \
( ( )\___ | '_ | '_| | '_ \/ _` | \ \ \ \
 \\/  ___)| |_)| | | | | || (_| |  ) ) ) )
  '  |____| .__|_| |_|_| |_\__, | / / / /
 =========|_|==============|___/=/_/_/_/

 :: Spring Boot ::                (v4.1.1)

2026-09-09T07:37:49.270Z  INFO 241471 --- [kivvi-click] [           main] click.kivvi.CollectApiIT                 : Starting CollectApiIT using Java 25.0.4.1 with PID 241471 (started by muszkin in /home/muszkin/work/kivvi-click-wt/verify-wave-4-integration/backend)
2026-09-09T07:37:49.270Z  INFO 241471 --- [kivvi-click] [           main] click.kivvi.CollectApiIT                 : No active profile set, falling back to 1 default profile: "default"
2026-09-09T07:37:49.457Z  INFO 241471 --- [kivvi-click] [           main] o.s.boot.tomcat.TomcatWebServer          : Tomcat initialized with port 0 (http)
2026-09-09T07:37:49.457Z  INFO 241471 --- [kivvi-click] [           main] o.apache.catalina.core.StandardService   : Starting service [Tomcat]
2026-09-09T07:37:49.457Z  INFO 241471 --- [kivvi-click] [           main] o.apache.catalina.core.StandardEngine    : Starting Servlet engine: [Apache Tomcat/11.0.24]
2026-09-09T07:37:49.464Z  INFO 241471 --- [kivvi-click] [           main] b.w.c.s.WebApplicationContextInitializer : Root WebApplicationContext: initialization completed in 193 ms
2026-09-09T07:37:49.552Z  INFO 241471 --- [kivvi-click] [           main] org.flywaydb.core.FlywayExecutor         : Database: jdbc:postgresql://localhost:34669/test?loggerLevel=OFF (PostgreSQL 18.6)
2026-09-09T07:37:49.562Z  INFO 241471 --- [kivvi-click] [           main] o.f.c.i.s.JdbcTableSchemaHistory         : Schema history table "public"."flyway_schema_history" does not exist yet
2026-09-09T07:37:49.562Z  INFO 241471 --- [kivvi-click] [           main] o.f.core.internal.command.DbValidate     : Successfully validated 1 migration (execution time 00:00.002s)
2026-09-09T07:37:49.568Z  INFO 241471 --- [kivvi-click] [           main] o.f.c.i.s.JdbcTableSchemaHistory         : Creating Schema History table "public"."flyway_schema_history" ...
2026-09-09T07:37:49.587Z  INFO 241471 --- [kivvi-click] [           main] o.f.core.internal.command.DbMigrate      : Current version of schema "public": << Empty Schema >>
2026-09-09T07:37:49.589Z  INFO 241471 --- [kivvi-click] [           main] o.f.core.internal.command.DbMigrate      : Migrating schema "public" to version "1 - baseline"
2026-09-09T07:37:49.605Z  INFO 241471 --- [kivvi-click] [           main] o.f.core.internal.command.DbMigrate      : Successfully applied 1 migration to schema "public", now at version v1 (execution time 00:00.013s)
2026-09-09T07:37:49.634Z  INFO 241471 --- [kivvi-click] [           main] o.s.b.w.a.WelcomePageHandlerMapping      : Adding welcome page: class path resource [static/index.html]
2026-09-09T07:37:49.682Z  INFO 241471 --- [kivvi-click] [           main] com.zaxxer.hikari.HikariDataSource       : HikariPool-7 - Starting...
2026-09-09T07:37:49.688Z  INFO 241471 --- [kivvi-click] [           main] com.zaxxer.hikari.pool.HikariPool        : HikariPool-7 - Added connection org.postgresql.jdbc.PgConnection@56b6e072
2026-09-09T07:37:49.688Z  INFO 241471 --- [kivvi-click] [           main] com.zaxxer.hikari.HikariDataSource       : HikariPool-7 - Start completed.
2026-09-09T07:37:49.693Z  INFO 241471 --- [kivvi-click] [           main] o.s.b.a.e.web.EndpointLinksResolver      : Exposing 1 endpoint beneath base path '/actuator'
2026-09-09T07:37:49.700Z  INFO 241471 --- [kivvi-click] [           main] o.s.boot.tomcat.TomcatWebServer          : Tomcat started on port 37569 (http) with context path '/'
2026-09-09T07:37:49.705Z  INFO 241471 --- [kivvi-click] [           main] click.kivvi.CollectApiIT                 : Started CollectApiIT in 0.446 seconds (process running for 20.688)
2026-09-09T07:37:49.706Z  INFO 241471 --- [kivvi-click] [eat-scheduler-1] c.k.i.scheduling.HeartbeatJob            : Scheduler heartbeat tick.
2026-09-09T07:37:49.709Z  INFO 241471 --- [kivvi-click] [eat-scheduler-1] c.k.i.tracking.EventDedupCleanupJob      : Event dedup cleanup removed 0 expired row(s).
2026-09-09T07:37:49.713Z  INFO 241471 --- [kivvi-click] [o-auto-6-exec-1] o.a.c.c.C.[Tomcat-5].[localhost].[/]     : Initializing Spring DispatcherServlet 'dispatcherServlet'
2026-09-09T07:37:49.714Z  INFO 241471 --- [kivvi-click] [o-auto-6-exec-1] o.s.web.servlet.DispatcherServlet        : Initializing Servlet 'dispatcherServlet'
2026-09-09T07:37:49.715Z  INFO 241471 --- [kivvi-click] [o-auto-6-exec-1] o.s.web.servlet.DispatcherServlet        : Completed initialization in 1 ms
2026-09-09T07:37:49.999Z  INFO 241471 --- [kivvi-click] [           main] tc.postgres:18-alpine                    : Creating container for image: postgres:18-alpine
2026-09-09T07:37:50.016Z  INFO 241471 --- [kivvi-click] [           main] tc.postgres:18-alpine                    : Container postgres:18-alpine is starting: 8cdcc21862075141b983bb20b49e08073274f1faf8f80442e9e596032fbbc25e
2026-09-09T07:37:51.395Z  INFO 241471 --- [kivvi-click] [           main] tc.postgres:18-alpine                    : Container postgres:18-alpine started in PT1.395457222S
2026-09-09T07:37:51.395Z  INFO 241471 --- [kivvi-click] [           main] tc.postgres:18-alpine                    : Container is started (JDBC URL: jdbc:postgresql://localhost:34670/test?loggerLevel=OFF)
2026-09-09T07:37:51.396Z  INFO 241471 --- [kivvi-click] [           main] t.c.s.AnnotationConfigContextLoaderUtils : Could not detect default configuration classes for test class [click.kivvi.CustomersApiIT]: CustomersApiIT does not declare any static, non-private, non-final, nested classes annotated with @Configuration.
2026-09-09T07:37:51.399Z  INFO 241471 --- [kivvi-click] [           main] .b.t.c.SpringBootTestContextBootstrapper : Found @SpringBootConfiguration click.kivvi.KivviApplication for test class click.kivvi.CustomersApiIT
2026-09-09T07:37:51.399Z  INFO 241471 --- [kivvi-click] [           main] t.c.s.AnnotationConfigContextLoaderUtils : Could not detect default configuration classes for test class [click.kivvi.CustomersApiIT]: CustomersApiIT does not declare any static, non-private, non-final, nested classes annotated with @Configuration.
2026-09-09T07:37:51.401Z  INFO 241471 --- [kivvi-click] [           main] .b.t.c.SpringBootTestContextBootstrapper : Found @SpringBootConfiguration click.kivvi.KivviApplication for test class click.kivvi.CustomersApiIT

  .   ____          _            __ _ _
 /\\ / ___'_ __ _ _(_)_ __  __ _ \ \ \ \
( ( )\___ | '_ | '_| | '_ \/ _` | \ \ \ \
 \\/  ___)| |_)| | | | | || (_| |  ) ) ) )
  '  |____| .__|_| |_|_| |_\__, | / / / /
 =========|_|==============|___/=/_/_/_/

 :: Spring Boot ::                (v4.1.1)

2026-09-09T07:37:51.419Z  INFO 241471 --- [kivvi-click] [           main] click.kivvi.CustomersApiIT               : Starting CustomersApiIT using Java 25.0.4.1 with PID 241471 (started by muszkin in /home/muszkin/work/kivvi-click-wt/verify-wave-4-integration/backend)
2026-09-09T07:37:51.419Z  INFO 241471 --- [kivvi-click] [           main] click.kivvi.CustomersApiIT               : No active profile set, falling back to 1 default profile: "default"
2026-09-09T07:37:51.607Z  INFO 241471 --- [kivvi-click] [           main] o.s.boot.tomcat.TomcatWebServer          : Tomcat initialized with port 0 (http)
2026-09-09T07:37:51.608Z  INFO 241471 --- [kivvi-click] [           main] o.apache.catalina.core.StandardService   : Starting service [Tomcat]
2026-09-09T07:37:51.608Z  INFO 241471 --- [kivvi-click] [           main] o.apache.catalina.core.StandardEngine    : Starting Servlet engine: [Apache Tomcat/11.0.24]
2026-09-09T07:37:51.614Z  INFO 241471 --- [kivvi-click] [           main] b.w.c.s.WebApplicationContextInitializer : Root WebApplicationContext: initialization completed in 194 ms
2026-09-09T07:37:51.696Z  INFO 241471 --- [kivvi-click] [           main] org.flywaydb.core.FlywayExecutor         : Database: jdbc:postgresql://localhost:34670/test?loggerLevel=OFF (PostgreSQL 18.6)
2026-09-09T07:37:51.707Z  INFO 241471 --- [kivvi-click] [           main] o.f.c.i.s.JdbcTableSchemaHistory         : Schema history table "public"."flyway_schema_history" does not exist yet
2026-09-09T07:37:51.708Z  INFO 241471 --- [kivvi-click] [           main] o.f.core.internal.command.DbValidate     : Successfully validated 1 migration (execution time 00:00.002s)
2026-09-09T07:37:51.714Z  INFO 241471 --- [kivvi-click] [           main] o.f.c.i.s.JdbcTableSchemaHistory         : Creating Schema History table "public"."flyway_schema_history" ...
2026-09-09T07:37:51.736Z  INFO 241471 --- [kivvi-click] [           main] o.f.core.internal.command.DbMigrate      : Current version of schema "public": << Empty Schema >>
2026-09-09T07:37:51.739Z  INFO 241471 --- [kivvi-click] [           main] o.f.core.internal.command.DbMigrate      : Migrating schema "public" to version "1 - baseline"
2026-09-09T07:37:51.757Z  INFO 241471 --- [kivvi-click] [           main] o.f.core.internal.command.DbMigrate      : Successfully applied 1 migration to schema "public", now at version v1 (execution time 00:00.014s)
2026-09-09T07:37:51.791Z  INFO 241471 --- [kivvi-click] [           main] o.s.b.w.a.WelcomePageHandlerMapping      : Adding welcome page: class path resource [static/index.html]
2026-09-09T07:37:51.840Z  INFO 241471 --- [kivvi-click] [           main] com.zaxxer.hikari.HikariDataSource       : HikariPool-8 - Starting...
2026-09-09T07:37:51.847Z  INFO 241471 --- [kivvi-click] [           main] com.zaxxer.hikari.pool.HikariPool        : HikariPool-8 - Added connection org.postgresql.jdbc.PgConnection@11c885a6
2026-09-09T07:37:51.848Z  INFO 241471 --- [kivvi-click] [           main] com.zaxxer.hikari.HikariDataSource       : HikariPool-8 - Start completed.
2026-09-09T07:37:51.853Z  INFO 241471 --- [kivvi-click] [           main] o.s.b.a.e.web.EndpointLinksResolver      : Exposing 1 endpoint beneath base path '/actuator'
2026-09-09T07:37:51.861Z  INFO 241471 --- [kivvi-click] [           main] o.s.boot.tomcat.TomcatWebServer          : Tomcat started on port 43375 (http) with context path '/'
2026-09-09T07:37:51.867Z  INFO 241471 --- [kivvi-click] [           main] click.kivvi.CustomersApiIT               : Started CustomersApiIT in 0.462 seconds (process running for 22.85)
2026-09-09T07:37:51.868Z  INFO 241471 --- [kivvi-click] [eat-scheduler-1] c.k.i.scheduling.HeartbeatJob            : Scheduler heartbeat tick.
2026-09-09T07:37:51.871Z  INFO 241471 --- [kivvi-click] [eat-scheduler-1] c.k.i.tracking.EventDedupCleanupJob      : Event dedup cleanup removed 0 expired row(s).
2026-09-09T07:37:51.873Z  INFO 241471 --- [kivvi-click] [o-auto-7-exec-1] o.a.c.c.C.[Tomcat-6].[localhost].[/]     : Initializing Spring DispatcherServlet 'dispatcherServlet'
2026-09-09T07:37:51.873Z  INFO 241471 --- [kivvi-click] [o-auto-7-exec-1] o.s.web.servlet.DispatcherServlet        : Initializing Servlet 'dispatcherServlet'
2026-09-09T07:37:51.874Z  INFO 241471 --- [kivvi-click] [o-auto-7-exec-1] o.s.web.servlet.DispatcherServlet        : Completed initialization in 1 ms
2026-09-09T07:37:52.148Z  INFO 241471 --- [kivvi-click] [           main] tc.postgres:18-alpine                    : Creating container for image: postgres:18-alpine
2026-09-09T07:37:52.163Z  INFO 241471 --- [kivvi-click] [           main] tc.postgres:18-alpine                    : Container postgres:18-alpine is starting: 72d2ea4ed4fcb5c3e59f1171a1ee01a0517de787af8e9508d0efd085b67aac86
2026-09-09T07:37:53.497Z  INFO 241471 --- [kivvi-click] [           main] tc.postgres:18-alpine                    : Container postgres:18-alpine started in PT1.349576292S
2026-09-09T07:37:53.498Z  INFO 241471 --- [kivvi-click] [           main] tc.postgres:18-alpine                    : Container is started (JDBC URL: jdbc:postgresql://localhost:34671/test?loggerLevel=OFF)
2026-09-09T07:37:53.498Z  INFO 241471 --- [kivvi-click] [           main] t.c.s.AnnotationConfigContextLoaderUtils : Could not detect default configuration classes for test class [click.kivvi.ImportApiIT]: ImportApiIT does not declare any static, non-private, non-final, nested classes annotated with @Configuration.
2026-09-09T07:37:53.501Z  INFO 241471 --- [kivvi-click] [           main] .b.t.c.SpringBootTestContextBootstrapper : Found @SpringBootConfiguration click.kivvi.KivviApplication for test class click.kivvi.ImportApiIT
2026-09-09T07:37:53.502Z  INFO 241471 --- [kivvi-click] [           main] t.c.s.AnnotationConfigContextLoaderUtils : Could not detect default configuration classes for test class [click.kivvi.ImportApiIT]: ImportApiIT does not declare any static, non-private, non-final, nested classes annotated with @Configuration.
2026-09-09T07:37:53.504Z  INFO 241471 --- [kivvi-click] [           main] .b.t.c.SpringBootTestContextBootstrapper : Found @SpringBootConfiguration click.kivvi.KivviApplication for test class click.kivvi.ImportApiIT

  .   ____          _            __ _ _
 /\\ / ___'_ __ _ _(_)_ __  __ _ \ \ \ \
( ( )\___ | '_ | '_| | '_ \/ _` | \ \ \ \
 \\/  ___)| |_)| | | | | || (_| |  ) ) ) )
  '  |____| .__|_| |_|_| |_\__, | / / / /
 =========|_|==============|___/=/_/_/_/

 :: Spring Boot ::                (v4.1.1)

2026-09-09T07:37:53.516Z  INFO 241471 --- [kivvi-click] [           main] click.kivvi.ImportApiIT                  : Starting ImportApiIT using Java 25.0.4.1 with PID 241471 (started by muszkin in /home/muszkin/work/kivvi-click-wt/verify-wave-4-integration/backend)
2026-09-09T07:37:53.516Z  INFO 241471 --- [kivvi-click] [           main] click.kivvi.ImportApiIT                  : No active profile set, falling back to 1 default profile: "default"
2026-09-09T07:37:53.626Z  INFO 241471 --- [kivvi-click] [           main] o.s.boot.tomcat.TomcatWebServer          : Tomcat initialized with port 0 (http)
2026-09-09T07:37:53.627Z  INFO 241471 --- [kivvi-click] [           main] o.apache.catalina.core.StandardService   : Starting service [Tomcat]
2026-09-09T07:37:53.627Z  INFO 241471 --- [kivvi-click] [           main] o.apache.catalina.core.StandardEngine    : Starting Servlet engine: [Apache Tomcat/11.0.24]
2026-09-09T07:37:53.633Z  INFO 241471 --- [kivvi-click] [           main] b.w.c.s.WebApplicationContextInitializer : Root WebApplicationContext: initialization completed in 116 ms
2026-09-09T07:37:53.704Z  INFO 241471 --- [kivvi-click] [           main] org.flywaydb.core.FlywayExecutor         : Database: jdbc:postgresql://localhost:34671/test?loggerLevel=OFF (PostgreSQL 18.6)
2026-09-09T07:37:53.715Z  INFO 241471 --- [kivvi-click] [           main] o.f.c.i.s.JdbcTableSchemaHistory         : Schema history table "public"."flyway_schema_history" does not exist yet
2026-09-09T07:37:53.715Z  INFO 241471 --- [kivvi-click] [           main] o.f.core.internal.command.DbValidate     : Successfully validated 1 migration (execution time 00:00.002s)
2026-09-09T07:37:53.722Z  INFO 241471 --- [kivvi-click] [           main] o.f.c.i.s.JdbcTableSchemaHistory         : Creating Schema History table "public"."flyway_schema_history" ...
2026-09-09T07:37:53.741Z  INFO 241471 --- [kivvi-click] [           main] o.f.core.internal.command.DbMigrate      : Current version of schema "public": << Empty Schema >>
2026-09-09T07:37:53.743Z  INFO 241471 --- [kivvi-click] [           main] o.f.core.internal.command.DbMigrate      : Migrating schema "public" to version "1 - baseline"
2026-09-09T07:37:53.760Z  INFO 241471 --- [kivvi-click] [           main] o.f.core.internal.command.DbMigrate      : Successfully applied 1 migration to schema "public", now at version v1 (execution time 00:00.014s)
2026-09-09T07:37:53.780Z  INFO 241471 --- [kivvi-click] [           main] o.s.b.w.a.WelcomePageHandlerMapping      : Adding welcome page: class path resource [static/index.html]
2026-09-09T07:37:53.821Z  INFO 241471 --- [kivvi-click] [           main] com.zaxxer.hikari.HikariDataSource       : HikariPool-9 - Starting...
2026-09-09T07:37:53.827Z  INFO 241471 --- [kivvi-click] [           main] com.zaxxer.hikari.pool.HikariPool        : HikariPool-9 - Added connection org.postgresql.jdbc.PgConnection@2269b05b
2026-09-09T07:37:53.827Z  INFO 241471 --- [kivvi-click] [           main] com.zaxxer.hikari.HikariDataSource       : HikariPool-9 - Start completed.
2026-09-09T07:37:53.831Z  INFO 241471 --- [kivvi-click] [           main] o.s.b.a.e.web.EndpointLinksResolver      : Exposing 1 endpoint beneath base path '/actuator'
2026-09-09T07:37:53.837Z  INFO 241471 --- [kivvi-click] [           main] o.s.boot.tomcat.TomcatWebServer          : Tomcat started on port 36475 (http) with context path '/'
2026-09-09T07:37:53.842Z  INFO 241471 --- [kivvi-click] [           main] click.kivvi.ImportApiIT                  : Started ImportApiIT in 0.336 seconds (process running for 24.825)
2026-09-09T07:37:53.843Z  INFO 241471 --- [kivvi-click] [eat-scheduler-1] c.k.i.scheduling.HeartbeatJob            : Scheduler heartbeat tick.
2026-09-09T07:37:53.846Z  INFO 241471 --- [kivvi-click] [eat-scheduler-1] c.k.i.tracking.EventDedupCleanupJob      : Event dedup cleanup removed 0 expired row(s).
2026-09-09T07:37:53.847Z  INFO 241471 --- [kivvi-click] [o-auto-8-exec-1] o.a.c.c.C.[Tomcat-7].[localhost].[/]     : Initializing Spring DispatcherServlet 'dispatcherServlet'
2026-09-09T07:37:53.847Z  INFO 241471 --- [kivvi-click] [o-auto-8-exec-1] o.s.web.servlet.DispatcherServlet        : Initializing Servlet 'dispatcherServlet'
2026-09-09T07:37:53.848Z  INFO 241471 --- [kivvi-click] [o-auto-8-exec-1] o.s.web.servlet.DispatcherServlet        : Completed initialization in 1 ms
2026-09-09T07:37:54.178Z  INFO 241471 --- [kivvi-click] [           main] tc.postgres:18-alpine                    : Creating container for image: postgres:18-alpine
2026-09-09T07:37:54.201Z  INFO 241471 --- [kivvi-click] [           main] tc.postgres:18-alpine                    : Container postgres:18-alpine is starting: 03e7fbef9753f55eed938c372ae4bf4eca00a1d040cbbdaaba279e41f6783e75
2026-09-09T07:37:55.552Z  INFO 241471 --- [kivvi-click] [           main] tc.postgres:18-alpine                    : Container postgres:18-alpine started in PT1.373617611S
2026-09-09T07:37:55.552Z  INFO 241471 --- [kivvi-click] [           main] tc.postgres:18-alpine                    : Container is started (JDBC URL: jdbc:postgresql://localhost:34672/test?loggerLevel=OFF)
2026-09-09T07:37:55.553Z  INFO 241471 --- [kivvi-click] [           main] t.c.s.AnnotationConfigContextLoaderUtils : Could not detect default configuration classes for test class [click.kivvi.WidgetApiIT]: WidgetApiIT does not declare any static, non-private, non-final, nested classes annotated with @Configuration.
2026-09-09T07:37:55.555Z  INFO 241471 --- [kivvi-click] [           main] .b.t.c.SpringBootTestContextBootstrapper : Found @SpringBootConfiguration click.kivvi.KivviApplication for test class click.kivvi.WidgetApiIT
2026-09-09T07:37:55.555Z  INFO 241471 --- [kivvi-click] [           main] t.c.s.AnnotationConfigContextLoaderUtils : Could not detect default configuration classes for test class [click.kivvi.WidgetApiIT]: WidgetApiIT does not declare any static, non-private, non-final, nested classes annotated with @Configuration.
2026-09-09T07:37:55.557Z  INFO 241471 --- [kivvi-click] [           main] .b.t.c.SpringBootTestContextBootstrapper : Found @SpringBootConfiguration click.kivvi.KivviApplication for test class click.kivvi.WidgetApiIT

  .   ____          _            __ _ _
 /\\ / ___'_ __ _ _(_)_ __  __ _ \ \ \ \
( ( )\___ | '_ | '_| | '_ \/ _` | \ \ \ \
 \\/  ___)| |_)| | | | | || (_| |  ) ) ) )
  '  |____| .__|_| |_|_| |_\__, | / / / /
 =========|_|==============|___/=/_/_/_/

 :: Spring Boot ::                (v4.1.1)

2026-09-09T07:37:55.571Z  INFO 241471 --- [kivvi-click] [           main] click.kivvi.WidgetApiIT                  : Starting WidgetApiIT using Java 25.0.4.1 with PID 241471 (started by muszkin in /home/muszkin/work/kivvi-click-wt/verify-wave-4-integration/backend)
2026-09-09T07:37:55.571Z  INFO 241471 --- [kivvi-click] [           main] click.kivvi.WidgetApiIT                  : No active profile set, falling back to 1 default profile: "default"
2026-09-09T07:37:55.690Z  INFO 241471 --- [kivvi-click] [           main] o.s.boot.tomcat.TomcatWebServer          : Tomcat initialized with port 0 (http)
2026-09-09T07:37:55.691Z  INFO 241471 --- [kivvi-click] [           main] o.apache.catalina.core.StandardService   : Starting service [Tomcat]
2026-09-09T07:37:55.691Z  INFO 241471 --- [kivvi-click] [           main] o.apache.catalina.core.StandardEngine    : Starting Servlet engine: [Apache Tomcat/11.0.24]
2026-09-09T07:37:55.697Z  INFO 241471 --- [kivvi-click] [           main] b.w.c.s.WebApplicationContextInitializer : Root WebApplicationContext: initialization completed in 125 ms
2026-09-09T07:37:55.762Z  INFO 241471 --- [kivvi-click] [           main] org.flywaydb.core.FlywayExecutor         : Database: jdbc:postgresql://localhost:34672/test?loggerLevel=OFF (PostgreSQL 18.6)
2026-09-09T07:37:55.773Z  INFO 241471 --- [kivvi-click] [           main] o.f.c.i.s.JdbcTableSchemaHistory         : Schema history table "public"."flyway_schema_history" does not exist yet
2026-09-09T07:37:55.773Z  INFO 241471 --- [kivvi-click] [           main] o.f.core.internal.command.DbValidate     : Successfully validated 1 migration (execution time 00:00.002s)
2026-09-09T07:37:55.779Z  INFO 241471 --- [kivvi-click] [           main] o.f.c.i.s.JdbcTableSchemaHistory         : Creating Schema History table "public"."flyway_schema_history" ...
2026-09-09T07:37:55.798Z  INFO 241471 --- [kivvi-click] [           main] o.f.core.internal.command.DbMigrate      : Current version of schema "public": << Empty Schema >>
2026-09-09T07:37:55.801Z  INFO 241471 --- [kivvi-click] [           main] o.f.core.internal.command.DbMigrate      : Migrating schema "public" to version "1 - baseline"
2026-09-09T07:37:55.818Z  INFO 241471 --- [kivvi-click] [           main] o.f.core.internal.command.DbMigrate      : Successfully applied 1 migration to schema "public", now at version v1 (execution time 00:00.014s)
2026-09-09T07:37:55.840Z  INFO 241471 --- [kivvi-click] [           main] o.s.b.w.a.WelcomePageHandlerMapping      : Adding welcome page: class path resource [static/index.html]
2026-09-09T07:37:55.877Z  INFO 241471 --- [kivvi-click] [           main] com.zaxxer.hikari.HikariDataSource       : HikariPool-10 - Starting...
2026-09-09T07:37:55.884Z  INFO 241471 --- [kivvi-click] [           main] com.zaxxer.hikari.pool.HikariPool        : HikariPool-10 - Added connection org.postgresql.jdbc.PgConnection@3157a760
2026-09-09T07:37:55.884Z  INFO 241471 --- [kivvi-click] [           main] com.zaxxer.hikari.HikariDataSource       : HikariPool-10 - Start completed.
2026-09-09T07:37:55.888Z  INFO 241471 --- [kivvi-click] [           main] o.s.b.a.e.web.EndpointLinksResolver      : Exposing 1 endpoint beneath base path '/actuator'
2026-09-09T07:37:55.894Z  INFO 241471 --- [kivvi-click] [           main] o.s.boot.tomcat.TomcatWebServer          : Tomcat started on port 42809 (http) with context path '/'
2026-09-09T07:37:55.899Z  INFO 241471 --- [kivvi-click] [           main] click.kivvi.WidgetApiIT                  : Started WidgetApiIT in 0.34 seconds (process running for 26.882)
2026-09-09T07:37:55.900Z  INFO 241471 --- [kivvi-click] [eat-scheduler-1] c.k.i.scheduling.HeartbeatJob            : Scheduler heartbeat tick.
2026-09-09T07:37:55.903Z  INFO 241471 --- [kivvi-click] [eat-scheduler-1] c.k.i.tracking.EventDedupCleanupJob      : Event dedup cleanup removed 0 expired row(s).
2026-09-09T07:37:55.904Z  INFO 241471 --- [kivvi-click] [o-auto-9-exec-1] o.a.c.c.C.[Tomcat-8].[localhost].[/]     : Initializing Spring DispatcherServlet 'dispatcherServlet'
2026-09-09T07:37:55.905Z  INFO 241471 --- [kivvi-click] [o-auto-9-exec-1] o.s.web.servlet.DispatcherServlet        : Initializing Servlet 'dispatcherServlet'
2026-09-09T07:37:55.906Z  INFO 241471 --- [kivvi-click] [o-auto-9-exec-1] o.s.web.servlet.DispatcherServlet        : Completed initialization in 1 ms
2026-09-09T07:37:56.181Z  INFO 241471 --- [kivvi-click] [           main] tc.postgres:18-alpine                    : Creating container for image: postgres:18-alpine
2026-09-09T07:37:56.196Z  INFO 241471 --- [kivvi-click] [           main] tc.postgres:18-alpine                    : Container postgres:18-alpine is starting: a52adc1b54f4280277a06f6e3d9892dbf5bb2fc175cb6161985124e287fa6928
2026-09-09T07:37:57.596Z  INFO 241471 --- [kivvi-click] [           main] tc.postgres:18-alpine                    : Container postgres:18-alpine started in PT1.41475231S
2026-09-09T07:37:57.596Z  INFO 241471 --- [kivvi-click] [           main] tc.postgres:18-alpine                    : Container is started (JDBC URL: jdbc:postgresql://localhost:34673/test?loggerLevel=OFF)
2026-09-09T07:37:57.597Z  INFO 241471 --- [kivvi-click] [           main] t.c.s.AnnotationConfigContextLoaderUtils : Could not detect default configuration classes for test class [click.kivvi.FeedsApiIT]: FeedsApiIT does not declare any static, non-private, non-final, nested classes annotated with @Configuration.
2026-09-09T07:37:57.600Z  INFO 241471 --- [kivvi-click] [           main] .b.t.c.SpringBootTestContextBootstrapper : Found @SpringBootConfiguration click.kivvi.KivviApplication for test class click.kivvi.FeedsApiIT
2026-09-09T07:37:57.600Z  INFO 241471 --- [kivvi-click] [           main] t.c.s.AnnotationConfigContextLoaderUtils : Could not detect default configuration classes for test class [click.kivvi.FeedsApiIT]: FeedsApiIT does not declare any static, non-private, non-final, nested classes annotated with @Configuration.
2026-09-09T07:37:57.602Z  INFO 241471 --- [kivvi-click] [           main] .b.t.c.SpringBootTestContextBootstrapper : Found @SpringBootConfiguration click.kivvi.KivviApplication for test class click.kivvi.FeedsApiIT

  .   ____          _            __ _ _
 /\\ / ___'_ __ _ _(_)_ __  __ _ \ \ \ \
( ( )\___ | '_ | '_| | '_ \/ _` | \ \ \ \
 \\/  ___)| |_)| | | | | || (_| |  ) ) ) )
  '  |____| .__|_| |_|_| |_\__, | / / / /
 =========|_|==============|___/=/_/_/_/

 :: Spring Boot ::                (v4.1.1)

2026-09-09T07:37:57.613Z  INFO 241471 --- [kivvi-click] [           main] click.kivvi.FeedsApiIT                   : Starting FeedsApiIT using Java 25.0.4.1 with PID 241471 (started by muszkin in /home/muszkin/work/kivvi-click-wt/verify-wave-4-integration/backend)
2026-09-09T07:37:57.613Z  INFO 241471 --- [kivvi-click] [           main] click.kivvi.FeedsApiIT                   : No active profile set, falling back to 1 default profile: "default"
2026-09-09T07:37:57.742Z  INFO 241471 --- [kivvi-click] [           main] o.s.boot.tomcat.TomcatWebServer          : Tomcat initialized with port 0 (http)
2026-09-09T07:37:57.743Z  INFO 241471 --- [kivvi-click] [           main] o.apache.catalina.core.StandardService   : Starting service [Tomcat]
2026-09-09T07:37:57.743Z  INFO 241471 --- [kivvi-click] [           main] o.apache.catalina.core.StandardEngine    : Starting Servlet engine: [Apache Tomcat/11.0.24]
2026-09-09T07:37:57.748Z  INFO 241471 --- [kivvi-click] [           main] b.w.c.s.WebApplicationContextInitializer : Root WebApplicationContext: initialization completed in 134 ms
2026-09-09T07:37:57.835Z  INFO 241471 --- [kivvi-click] [           main] org.flywaydb.core.FlywayExecutor         : Database: jdbc:postgresql://localhost:34673/test?loggerLevel=OFF (PostgreSQL 18.6)
2026-09-09T07:37:57.848Z  INFO 241471 --- [kivvi-click] [           main] o.f.c.i.s.JdbcTableSchemaHistory         : Schema history table "public"."flyway_schema_history" does not exist yet
2026-09-09T07:37:57.849Z  INFO 241471 --- [kivvi-click] [           main] o.f.core.internal.command.DbValidate     : Successfully validated 1 migration (execution time 00:00.003s)
2026-09-09T07:37:57.857Z  INFO 241471 --- [kivvi-click] [           main] o.f.c.i.s.JdbcTableSchemaHistory         : Creating Schema History table "public"."flyway_schema_history" ...
2026-09-09T07:37:57.879Z  INFO 241471 --- [kivvi-click] [           main] o.f.core.internal.command.DbMigrate      : Current version of schema "public": << Empty Schema >>
2026-09-09T07:37:57.882Z  INFO 241471 --- [kivvi-click] [           main] o.f.core.internal.command.DbMigrate      : Migrating schema "public" to version "1 - baseline"
2026-09-09T07:37:57.902Z  INFO 241471 --- [kivvi-click] [           main] o.f.core.internal.command.DbMigrate      : Successfully applied 1 migration to schema "public", now at version v1 (execution time 00:00.016s)
2026-09-09T07:37:57.929Z  INFO 241471 --- [kivvi-click] [           main] o.s.b.w.a.WelcomePageHandlerMapping      : Adding welcome page: class path resource [static/index.html]
2026-09-09T07:37:57.970Z  INFO 241471 --- [kivvi-click] [           main] com.zaxxer.hikari.HikariDataSource       : HikariPool-11 - Starting...
2026-09-09T07:37:57.976Z  INFO 241471 --- [kivvi-click] [           main] com.zaxxer.hikari.pool.HikariPool        : HikariPool-11 - Added connection org.postgresql.jdbc.PgConnection@690406d0
2026-09-09T07:37:57.976Z  INFO 241471 --- [kivvi-click] [           main] com.zaxxer.hikari.HikariDataSource       : HikariPool-11 - Start completed.
2026-09-09T07:37:57.980Z  INFO 241471 --- [kivvi-click] [           main] o.s.b.a.e.web.EndpointLinksResolver      : Exposing 1 endpoint beneath base path '/actuator'
2026-09-09T07:37:57.986Z  INFO 241471 --- [kivvi-click] [           main] o.s.boot.tomcat.TomcatWebServer          : Tomcat started on port 39437 (http) with context path '/'
2026-09-09T07:37:57.992Z  INFO 241471 --- [kivvi-click] [           main] click.kivvi.FeedsApiIT                   : Started FeedsApiIT in 0.388 seconds (process running for 28.975)
2026-09-09T07:37:57.993Z  INFO 241471 --- [kivvi-click] [eat-scheduler-1] c.k.i.scheduling.HeartbeatJob            : Scheduler heartbeat tick.
2026-09-09T07:37:57.996Z  INFO 241471 --- [kivvi-click] [eat-scheduler-1] c.k.i.tracking.EventDedupCleanupJob      : Event dedup cleanup removed 0 expired row(s).
2026-09-09T07:37:57.996Z  INFO 241471 --- [kivvi-click] [-auto-10-exec-1] o.a.c.c.C.[Tomcat-9].[localhost].[/]     : Initializing Spring DispatcherServlet 'dispatcherServlet'
2026-09-09T07:37:57.997Z  INFO 241471 --- [kivvi-click] [-auto-10-exec-1] o.s.web.servlet.DispatcherServlet        : Initializing Servlet 'dispatcherServlet'
2026-09-09T07:37:57.998Z  INFO 241471 --- [kivvi-click] [-auto-10-exec-1] o.s.web.servlet.DispatcherServlet        : Completed initialization in 1 ms
2026-09-09T07:37:58.219Z  INFO 241471 --- [kivvi-click] [           main] tc.postgres:18-alpine                    : Creating container for image: postgres:18-alpine
2026-09-09T07:37:58.235Z  INFO 241471 --- [kivvi-click] [           main] tc.postgres:18-alpine                    : Container postgres:18-alpine is starting: 0fd49de5b439f72c107553a6b48f10aa9c1e2d4698c749bd3019fdd250f0b0a9
2026-09-09T07:37:59.567Z  INFO 241471 --- [kivvi-click] [           main] tc.postgres:18-alpine                    : Container postgres:18-alpine started in PT1.348294016S
2026-09-09T07:37:59.567Z  INFO 241471 --- [kivvi-click] [           main] tc.postgres:18-alpine                    : Container is started (JDBC URL: jdbc:postgresql://localhost:34674/test?loggerLevel=OFF)
2026-09-09T07:37:59.568Z  INFO 241471 --- [kivvi-click] [           main] t.c.s.AnnotationConfigContextLoaderUtils : Could not detect default configuration classes for test class [click.kivvi.SessionRoundTripIT]: SessionRoundTripIT does not declare any static, non-private, non-final, nested classes annotated with @Configuration.
2026-09-09T07:37:59.571Z  INFO 241471 --- [kivvi-click] [           main] .b.t.c.SpringBootTestContextBootstrapper : Found @SpringBootConfiguration click.kivvi.KivviApplication for test class click.kivvi.SessionRoundTripIT
2026-09-09T07:37:59.571Z  INFO 241471 --- [kivvi-click] [           main] t.c.s.AnnotationConfigContextLoaderUtils : Could not detect default configuration classes for test class [click.kivvi.SessionRoundTripIT]: SessionRoundTripIT does not declare any static, non-private, non-final, nested classes annotated with @Configuration.
2026-09-09T07:37:59.573Z  INFO 241471 --- [kivvi-click] [           main] .b.t.c.SpringBootTestContextBootstrapper : Found @SpringBootConfiguration click.kivvi.KivviApplication for test class click.kivvi.SessionRoundTripIT

  .   ____          _            __ _ _
 /\\ / ___'_ __ _ _(_)_ __  __ _ \ \ \ \
( ( )\___ | '_ | '_| | '_ \/ _` | \ \ \ \
 \\/  ___)| |_)| | | | | || (_| |  ) ) ) )
  '  |____| .__|_| |_|_| |_\__, | / / / /
 =========|_|==============|___/=/_/_/_/

 :: Spring Boot ::                (v4.1.1)

2026-09-09T07:37:59.582Z  INFO 241471 --- [kivvi-click] [           main] click.kivvi.SessionRoundTripIT           : Starting SessionRoundTripIT using Java 25.0.4.1 with PID 241471 (started by muszkin in /home/muszkin/work/kivvi-click-wt/verify-wave-4-integration/backend)
2026-09-09T07:37:59.582Z  INFO 241471 --- [kivvi-click] [           main] click.kivvi.SessionRoundTripIT           : No active profile set, falling back to 1 default profile: "default"
2026-09-09T07:37:59.679Z  INFO 241471 --- [kivvi-click] [           main] o.s.boot.tomcat.TomcatWebServer          : Tomcat initialized with port 0 (http)
2026-09-09T07:37:59.679Z  INFO 241471 --- [kivvi-click] [           main] o.apache.catalina.core.StandardService   : Starting service [Tomcat]
2026-09-09T07:37:59.680Z  INFO 241471 --- [kivvi-click] [           main] o.apache.catalina.core.StandardEngine    : Starting Servlet engine: [Apache Tomcat/11.0.24]
2026-09-09T07:37:59.684Z  INFO 241471 --- [kivvi-click] [           main] b.w.c.s.WebApplicationContextInitializer : Root WebApplicationContext: initialization completed in 101 ms
2026-09-09T07:37:59.738Z  INFO 241471 --- [kivvi-click] [           main] org.flywaydb.core.FlywayExecutor         : Database: jdbc:postgresql://localhost:34674/test?loggerLevel=OFF (PostgreSQL 18.6)
2026-09-09T07:37:59.748Z  INFO 241471 --- [kivvi-click] [           main] o.f.c.i.s.JdbcTableSchemaHistory         : Schema history table "public"."flyway_schema_history" does not exist yet
2026-09-09T07:37:59.749Z  INFO 241471 --- [kivvi-click] [           main] o.f.core.internal.command.DbValidate     : Successfully validated 1 migration (execution time 00:00.002s)
2026-09-09T07:37:59.755Z  INFO 241471 --- [kivvi-click] [           main] o.f.c.i.s.JdbcTableSchemaHistory         : Creating Schema History table "public"."flyway_schema_history" ...
2026-09-09T07:37:59.773Z  INFO 241471 --- [kivvi-click] [           main] o.f.core.internal.command.DbMigrate      : Current version of schema "public": << Empty Schema >>
2026-09-09T07:37:59.775Z  INFO 241471 --- [kivvi-click] [           main] o.f.core.internal.command.DbMigrate      : Migrating schema "public" to version "1 - baseline"
2026-09-09T07:37:59.792Z  INFO 241471 --- [kivvi-click] [           main] o.f.core.internal.command.DbMigrate      : Successfully applied 1 migration to schema "public", now at version v1 (execution time 00:00.014s)
2026-09-09T07:37:59.816Z  INFO 241471 --- [kivvi-click] [           main] o.s.b.w.a.WelcomePageHandlerMapping      : Adding welcome page: class path resource [static/index.html]
2026-09-09T07:37:59.859Z  INFO 241471 --- [kivvi-click] [           main] com.zaxxer.hikari.HikariDataSource       : HikariPool-12 - Starting...
2026-09-09T07:37:59.865Z  INFO 241471 --- [kivvi-click] [           main] com.zaxxer.hikari.pool.HikariPool        : HikariPool-12 - Added connection org.postgresql.jdbc.PgConnection@66adb24
2026-09-09T07:37:59.865Z  INFO 241471 --- [kivvi-click] [           main] com.zaxxer.hikari.HikariDataSource       : HikariPool-12 - Start completed.
2026-09-09T07:37:59.869Z  INFO 241471 --- [kivvi-click] [           main] o.s.b.a.e.web.EndpointLinksResolver      : Exposing 1 endpoint beneath base path '/actuator'
2026-09-09T07:37:59.875Z  INFO 241471 --- [kivvi-click] [           main] o.s.boot.tomcat.TomcatWebServer          : Tomcat started on port 33663 (http) with context path '/'
2026-09-09T07:37:59.880Z  INFO 241471 --- [kivvi-click] [           main] click.kivvi.SessionRoundTripIT           : Started SessionRoundTripIT in 0.306 seconds (process running for 30.863)
2026-09-09T07:37:59.881Z  INFO 241471 --- [kivvi-click] [eat-scheduler-1] c.k.i.scheduling.HeartbeatJob            : Scheduler heartbeat tick.
2026-09-09T07:37:59.884Z  INFO 241471 --- [kivvi-click] [eat-scheduler-1] c.k.i.tracking.EventDedupCleanupJob      : Event dedup cleanup removed 0 expired row(s).
2026-09-09T07:37:59.885Z  INFO 241471 --- [kivvi-click] [-auto-11-exec-1] o.a.c.c.C.[Tomcat-10].[localhost].[/]    : Initializing Spring DispatcherServlet 'dispatcherServlet'
2026-09-09T07:37:59.885Z  INFO 241471 --- [kivvi-click] [-auto-11-exec-1] o.s.web.servlet.DispatcherServlet        : Initializing Servlet 'dispatcherServlet'
2026-09-09T07:37:59.886Z  INFO 241471 --- [kivvi-click] [-auto-11-exec-1] o.s.web.servlet.DispatcherServlet        : Completed initialization in 1 ms
2026-09-09T07:38:00.001Z  WARN 241471 --- [kivvi-click] [pring-session-1] com.zaxxer.hikari.pool.PoolBase          : HikariPool-5 - Failed to validate connection org.postgresql.jdbc.PgConnection@4a3c683d (This connection has been closed.). Possibly consider using a shorter maxLifetime value.
2026-09-09T07:38:00.001Z  WARN 241471 --- [kivvi-click] [pring-session-1] com.zaxxer.hikari.pool.PoolBase          : HikariPool-7 - Failed to validate connection org.postgresql.jdbc.PgConnection@56b6e072 (This connection has been closed.). Possibly consider using a shorter maxLifetime value.
2026-09-09T07:38:00.001Z  WARN 241471 --- [kivvi-click] [pring-session-1] com.zaxxer.hikari.pool.PoolBase          : HikariPool-3 - Failed to validate connection org.postgresql.jdbc.PgConnection@63dd81ee (This connection has been closed.). Possibly consider using a shorter maxLifetime value.
2026-09-09T07:38:00.001Z  WARN 241471 --- [kivvi-click] [pring-session-1] com.zaxxer.hikari.pool.PoolBase          : HikariPool-11 - Failed to validate connection org.postgresql.jdbc.PgConnection@690406d0 (This connection has been closed.). Possibly consider using a shorter maxLifetime value.
2026-09-09T07:38:00.001Z  WARN 241471 --- [kivvi-click] [pring-session-1] com.zaxxer.hikari.pool.PoolBase          : HikariPool-2 - Failed to validate connection org.postgresql.jdbc.PgConnection@11a88d87 (This connection has been closed.). Possibly consider using a shorter maxLifetime value.
2026-09-09T07:38:00.001Z  WARN 241471 --- [kivvi-click] [pring-session-1] com.zaxxer.hikari.pool.PoolBase          : HikariPool-6 - Failed to validate connection org.postgresql.jdbc.PgConnection@4fdb4052 (This connection has been closed.). Possibly consider using a shorter maxLifetime value.
2026-09-09T07:38:00.001Z  WARN 241471 --- [kivvi-click] [pring-session-1] com.zaxxer.hikari.pool.PoolBase          : HikariPool-1 - Failed to validate connection org.postgresql.jdbc.PgConnection@76d220eb (This connection has been closed.). Possibly consider using a shorter maxLifetime value.
2026-09-09T07:38:00.001Z  WARN 241471 --- [kivvi-click] [pring-session-1] com.zaxxer.hikari.pool.PoolBase          : HikariPool-4 - Failed to validate connection org.postgresql.jdbc.PgConnection@70027aec (This connection has been closed.). Possibly consider using a shorter maxLifetime value.
2026-09-09T07:38:00.001Z  WARN 241471 --- [kivvi-click] [pring-session-1] com.zaxxer.hikari.pool.PoolBase          : HikariPool-8 - Failed to validate connection org.postgresql.jdbc.PgConnection@11c885a6 (This connection has been closed.). Possibly consider using a shorter maxLifetime value.
2026-09-09T07:38:00.002Z  WARN 241471 --- [kivvi-click] [pring-session-1] com.zaxxer.hikari.pool.PoolBase          : HikariPool-10 - Failed to validate connection org.postgresql.jdbc.PgConnection@3157a760 (This connection has been closed.). Possibly consider using a shorter maxLifetime value.
2026-09-09T07:38:00.001Z  WARN 241471 --- [kivvi-click] [pring-session-1] com.zaxxer.hikari.pool.PoolBase          : HikariPool-9 - Failed to validate connection org.postgresql.jdbc.PgConnection@2269b05b (This connection has been closed.). Possibly consider using a shorter maxLifetime value.
2026-09-09T07:38:00.002Z  WARN 241471 --- [kivvi-click] [pring-session-1] com.zaxxer.hikari.pool.PoolBase          : HikariPool-8 - Failed to validate connection org.postgresql.jdbc.PgConnection@454cc406 (This connection has been closed.). Possibly consider using a shorter maxLifetime value.
2026-09-09T07:38:00.002Z  WARN 241471 --- [kivvi-click] [pring-session-1] com.zaxxer.hikari.pool.PoolBase          : HikariPool-2 - Failed to validate connection org.postgresql.jdbc.PgConnection@f1d3739 (This connection has been closed.). Possibly consider using a shorter maxLifetime value.
2026-09-09T07:38:00.002Z  WARN 241471 --- [kivvi-click] [pring-session-1] com.zaxxer.hikari.pool.PoolBase          : HikariPool-2 - Failed to validate connection org.postgresql.jdbc.PgConnection@71dfa11f (This connection has been closed.). Possibly consider using a shorter maxLifetime value.
2026-09-09T07:38:00.002Z  WARN 241471 --- [kivvi-click] [pring-session-1] com.zaxxer.hikari.pool.PoolBase          : HikariPool-7 - Failed to validate connection org.postgresql.jdbc.PgConnection@1591d10d (This connection has been closed.). Possibly consider using a shorter maxLifetime value.
2026-09-09T07:38:00.003Z  WARN 241471 --- [kivvi-click] [pring-session-1] com.zaxxer.hikari.pool.PoolBase          : HikariPool-1 - Failed to validate connection org.postgresql.jdbc.PgConnection@6f82acb5 (This connection has been closed.). Possibly consider using a shorter maxLifetime value.
2026-09-09T07:38:00.003Z  WARN 241471 --- [kivvi-click] [pring-session-1] com.zaxxer.hikari.pool.PoolBase          : HikariPool-1 - Failed to validate connection org.postgresql.jdbc.PgConnection@dfffa60 (This connection has been closed.). Possibly consider using a shorter maxLifetime value.
2026-09-09T07:38:00.003Z  WARN 241471 --- [kivvi-click] [pring-session-1] com.zaxxer.hikari.pool.PoolBase          : HikariPool-9 - Failed to validate connection org.postgresql.jdbc.PgConnection@73b7d811 (This connection has been closed.). Possibly consider using a shorter maxLifetime value.
2026-09-09T07:38:00.003Z  WARN 241471 --- [kivvi-click] [pring-session-1] com.zaxxer.hikari.pool.PoolBase          : HikariPool-10 - Failed to validate connection org.postgresql.jdbc.PgConnection@fac250a (This connection has been closed.). Possibly consider using a shorter maxLifetime value.
2026-09-09T07:38:00.003Z  WARN 241471 --- [kivvi-click] [pring-session-1] com.zaxxer.hikari.pool.PoolBase          : HikariPool-1 - Failed to validate connection org.postgresql.jdbc.PgConnection@5e27a687 (This connection has been closed.). Possibly consider using a shorter maxLifetime value.
2026-09-09T07:38:00.003Z  WARN 241471 --- [kivvi-click] [pring-session-1] com.zaxxer.hikari.pool.PoolBase          : HikariPool-9 - Failed to validate connection org.postgresql.jdbc.PgConnection@36b54803 (This connection has been closed.). Possibly consider using a shorter maxLifetime value.
2026-09-09T07:38:00.003Z  WARN 241471 --- [kivvi-click] [pring-session-1] com.zaxxer.hikari.pool.PoolBase          : HikariPool-5 - Failed to validate connection org.postgresql.jdbc.PgConnection@19de8af (This connection has been closed.). Possibly consider using a shorter maxLifetime value.
2026-09-09T07:38:00.003Z  WARN 241471 --- [kivvi-click] [pring-session-1] com.zaxxer.hikari.pool.PoolBase          : HikariPool-1 - Failed to validate connection org.postgresql.jdbc.PgConnection@75b0aefd (This connection has been closed.). Possibly consider using a shorter maxLifetime value.
2026-09-09T07:38:00.003Z  WARN 241471 --- [kivvi-click] [pring-session-1] com.zaxxer.hikari.pool.PoolBase          : HikariPool-5 - Failed to validate connection org.postgresql.jdbc.PgConnection@7725e3f1 (This connection has been closed.). Possibly consider using a shorter maxLifetime value.
2026-09-09T07:38:00.003Z  WARN 241471 --- [kivvi-click] [pring-session-1] com.zaxxer.hikari.pool.PoolBase          : HikariPool-5 - Failed to validate connection org.postgresql.jdbc.PgConnection@30d60bc3 (This connection has been closed.). Possibly consider using a shorter maxLifetime value.
2026-09-09T07:38:00.004Z  WARN 241471 --- [kivvi-click] [pring-session-1] com.zaxxer.hikari.pool.PoolBase          : HikariPool-1 - Failed to validate connection org.postgresql.jdbc.PgConnection@fad53fa (This connection has been closed.). Possibly consider using a shorter maxLifetime value.
2026-09-09T07:38:00.004Z  WARN 241471 --- [kivvi-click] [pring-session-1] com.zaxxer.hikari.pool.PoolBase          : HikariPool-5 - Failed to validate connection org.postgresql.jdbc.PgConnection@f845e2f (This connection has been closed.). Possibly consider using a shorter maxLifetime value.
2026-09-09T07:38:00.004Z  WARN 241471 --- [kivvi-click] [pring-session-1] com.zaxxer.hikari.pool.PoolBase          : HikariPool-1 - Failed to validate connection org.postgresql.jdbc.PgConnection@7d738495 (This connection has been closed.). Possibly consider using a shorter maxLifetime value.
2026-09-09T07:38:00.004Z  WARN 241471 --- [kivvi-click] [pring-session-1] com.zaxxer.hikari.pool.PoolBase          : HikariPool-1 - Failed to validate connection org.postgresql.jdbc.PgConnection@1e031622 (This connection has been closed.). Possibly consider using a shorter maxLifetime value.
2026-09-09T07:38:00.004Z  WARN 241471 --- [kivvi-click] [pring-session-1] com.zaxxer.hikari.pool.PoolBase          : HikariPool-1 - Failed to validate connection org.postgresql.jdbc.PgConnection@6eb48459 (This connection has been closed.). Possibly consider using a shorter maxLifetime value.
2026-09-09T07:38:00.005Z  WARN 241471 --- [kivvi-click] [pring-session-1] com.zaxxer.hikari.pool.PoolBase          : HikariPool-1 - Failed to validate connection org.postgresql.jdbc.PgConnection@be328f6 (This connection has been closed.). Possibly consider using a shorter maxLifetime value.
2026-09-09T07:38:00.003Z  WARN 241471 --- [kivvi-click] [pring-session-1] com.zaxxer.hikari.pool.ProxyConnection   : HikariPool-12 - Connection org.postgresql.jdbc.PgConnection@66adb24 marked as broken because of SQLSTATE(08006), ErrorCode(0)

org.postgresql.util.PSQLException: An I/O error occurred while sending to the backend.
	at org.postgresql.core.v3.QueryExecutorImpl.execute(QueryExecutorImpl.java:474) ~[postgresql-42.7.13.jar:42.7.13]
	at org.postgresql.jdbc.PgStatement.executeInternal(PgStatement.java:533) ~[postgresql-42.7.13.jar:42.7.13]
	at org.postgresql.jdbc.PgStatement.execute(PgStatement.java:449) ~[postgresql-42.7.13.jar:42.7.13]
	at org.postgresql.jdbc.PgPreparedStatement.executeWithFlags(PgPreparedStatement.java:197) ~[postgresql-42.7.13.jar:42.7.13]
	at org.postgresql.jdbc.PgPreparedStatement.executeUpdate(PgPreparedStatement.java:158) ~[postgresql-42.7.13.jar:42.7.13]
	at com.zaxxer.hikari.pool.ProxyPreparedStatement.executeUpdate(ProxyPreparedStatement.java:61) ~[HikariCP-7.0.2.jar:na]
	at com.zaxxer.hikari.pool.HikariProxyPreparedStatement.executeUpdate(HikariProxyPreparedStatement.java) ~[HikariCP-7.0.2.jar:na]
	at org.springframework.jdbc.core.JdbcTemplate.lambda$update$0(JdbcTemplate.java:971) ~[spring-jdbc-7.0.9.jar:7.0.9]
	at org.springframework.jdbc.core.JdbcTemplate.execute(JdbcTemplate.java:670) ~[spring-jdbc-7.0.9.jar:7.0.9]
	at org.springframework.jdbc.core.JdbcTemplate.update(JdbcTemplate.java:966) ~[spring-jdbc-7.0.9.jar:7.0.9]
	at org.springframework.jdbc.core.JdbcTemplate.update(JdbcTemplate.java:1010) ~[spring-jdbc-7.0.9.jar:7.0.9]
	at org.springframework.jdbc.core.JdbcTemplate.update(JdbcTemplate.java:1020) ~[spring-jdbc-7.0.9.jar:7.0.9]
	at org.springframework.session.jdbc.JdbcIndexedSessionRepository.lambda$cleanUpExpiredSessions$0(JdbcIndexedSessionRepository.java:650) ~[spring-session-jdbc-4.1.1.jar:4.1.1]
	at org.springframework.transaction.support.TransactionTemplate.execute(TransactionTemplate.java:137) ~[spring-tx-7.0.9.jar:7.0.9]
	at org.springframework.session.jdbc.JdbcIndexedSessionRepository.cleanUpExpiredSessions(JdbcIndexedSessionRepository.java:649) ~[spring-session-jdbc-4.1.1.jar:4.1.1]
	at org.springframework.scheduling.support.DelegatingErrorHandlingRunnable.run(DelegatingErrorHandlingRunnable.java:54) ~[spring-context-7.0.9.jar:7.0.9]
	at org.springframework.scheduling.concurrent.ReschedulingRunnable.run(ReschedulingRunnable.java:94) ~[spring-context-7.0.9.jar:7.0.9]
	at java.base/java.util.concurrent.Executors$RunnableAdapter.call(Executors.java:545) ~[na:na]
	at java.base/java.util.concurrent.FutureTask.run(FutureTask.java:328) ~[na:na]
	at java.base/java.util.concurrent.ScheduledThreadPoolExecutor$ScheduledFutureTask.run(ScheduledThreadPoolExecutor.java:309) ~[na:na]
	at java.base/java.util.concurrent.ThreadPoolExecutor.runWorker(ThreadPoolExecutor.java:1090) ~[na:na]
	at java.base/java.util.concurrent.ThreadPoolExecutor$Worker.run(ThreadPoolExecutor.java:614) ~[na:na]
	at java.base/java.lang.Thread.run(Thread.java:1474) ~[na:na]
Caused by: java.io.EOFException
	at org.postgresql.core.PGStream.receiveChar(PGStream.java:482) ~[postgresql-42.7.13.jar:42.7.13]
	at org.postgresql.core.v3.QueryExecutorImpl.processResults(QueryExecutorImpl.java:2383) ~[postgresql-42.7.13.jar:42.7.13]
	at org.postgresql.core.v3.QueryExecutorImpl.execute(QueryExecutorImpl.java:446) ~[postgresql-42.7.13.jar:42.7.13]
	... 22 common frames omitted

2026-09-09T07:38:00.007Z ERROR 241471 --- [kivvi-click] [pring-session-1] o.s.t.support.TransactionTemplate        : Application exception overridden by rollback exception

org.springframework.dao.DataAccessResourceFailureException: PreparedStatementCallback; SQL [DELETE FROM SPRING_SESSION
WHERE EXPIRY_TIME < ?
]; An I/O error occurred while sending to the backend.
	at org.springframework.jdbc.support.SQLStateSQLExceptionTranslator.doTranslate(SQLStateSQLExceptionTranslator.java:152) ~[spring-jdbc-7.0.9.jar:7.0.9]
	at org.springframework.jdbc.support.AbstractFallbackSQLExceptionTranslator.translate(AbstractFallbackSQLExceptionTranslator.java:102) ~[spring-jdbc-7.0.9.jar:7.0.9]
	at org.springframework.jdbc.support.AbstractFallbackSQLExceptionTranslator.translate(AbstractFallbackSQLExceptionTranslator.java:111) ~[spring-jdbc-7.0.9.jar:7.0.9]
	at org.springframework.jdbc.support.AbstractFallbackSQLExceptionTranslator.translate(AbstractFallbackSQLExceptionTranslator.java:111) ~[spring-jdbc-7.0.9.jar:7.0.9]
	at org.springframework.jdbc.core.JdbcTemplate.translateException(JdbcTemplate.java:1549) ~[spring-jdbc-7.0.9.jar:7.0.9]
	at org.springframework.jdbc.core.JdbcTemplate.execute(JdbcTemplate.java:689) ~[spring-jdbc-7.0.9.jar:7.0.9]
	at org.springframework.jdbc.core.JdbcTemplate.update(JdbcTemplate.java:966) ~[spring-jdbc-7.0.9.jar:7.0.9]
	at org.springframework.jdbc.core.JdbcTemplate.update(JdbcTemplate.java:1010) ~[spring-jdbc-7.0.9.jar:7.0.9]
	at org.springframework.jdbc.core.JdbcTemplate.update(JdbcTemplate.java:1020) ~[spring-jdbc-7.0.9.jar:7.0.9]
	at org.springframework.session.jdbc.JdbcIndexedSessionRepository.lambda$cleanUpExpiredSessions$0(JdbcIndexedSessionRepository.java:650) ~[spring-session-jdbc-4.1.1.jar:4.1.1]
	at org.springframework.transaction.support.TransactionTemplate.execute(TransactionTemplate.java:137) ~[spring-tx-7.0.9.jar:7.0.9]
	at org.springframework.session.jdbc.JdbcIndexedSessionRepository.cleanUpExpiredSessions(JdbcIndexedSessionRepository.java:649) ~[spring-session-jdbc-4.1.1.jar:4.1.1]
	at org.springframework.scheduling.support.DelegatingErrorHandlingRunnable.run(DelegatingErrorHandlingRunnable.java:54) ~[spring-context-7.0.9.jar:7.0.9]
	at org.springframework.scheduling.concurrent.ReschedulingRunnable.run(ReschedulingRunnable.java:94) ~[spring-context-7.0.9.jar:7.0.9]
	at java.base/java.util.concurrent.Executors$RunnableAdapter.call(Executors.java:545) ~[na:na]
	at java.base/java.util.concurrent.FutureTask.run(FutureTask.java:328) ~[na:na]
	at java.base/java.util.concurrent.ScheduledThreadPoolExecutor$ScheduledFutureTask.run(ScheduledThreadPoolExecutor.java:309) ~[na:na]
	at java.base/java.util.concurrent.ThreadPoolExecutor.runWorker(ThreadPoolExecutor.java:1090) ~[na:na]
	at java.base/java.util.concurrent.ThreadPoolExecutor$Worker.run(ThreadPoolExecutor.java:614) ~[na:na]
	at java.base/java.lang.Thread.run(Thread.java:1474) ~[na:na]
Caused by: org.postgresql.util.PSQLException: An I/O error occurred while sending to the backend.
	at org.postgresql.core.v3.QueryExecutorImpl.execute(QueryExecutorImpl.java:474) ~[postgresql-42.7.13.jar:42.7.13]
	at org.postgresql.jdbc.PgStatement.executeInternal(PgStatement.java:533) ~[postgresql-42.7.13.jar:42.7.13]
	at org.postgresql.jdbc.PgStatement.execute(PgStatement.java:449) ~[postgresql-42.7.13.jar:42.7.13]
	at org.postgresql.jdbc.PgPreparedStatement.executeWithFlags(PgPreparedStatement.java:197) ~[postgresql-42.7.13.jar:42.7.13]
	at org.postgresql.jdbc.PgPreparedStatement.executeUpdate(PgPreparedStatement.java:158) ~[postgresql-42.7.13.jar:42.7.13]
	at com.zaxxer.hikari.pool.ProxyPreparedStatement.executeUpdate(ProxyPreparedStatement.java:61) ~[HikariCP-7.0.2.jar:na]
	at com.zaxxer.hikari.pool.HikariProxyPreparedStatement.executeUpdate(HikariProxyPreparedStatement.java) ~[HikariCP-7.0.2.jar:na]
	at org.springframework.jdbc.core.JdbcTemplate.lambda$update$0(JdbcTemplate.java:971) ~[spring-jdbc-7.0.9.jar:7.0.9]
	at org.springframework.jdbc.core.JdbcTemplate.execute(JdbcTemplate.java:670) ~[spring-jdbc-7.0.9.jar:7.0.9]
	... 14 common frames omitted
Caused by: java.io.EOFException
	at org.postgresql.core.PGStream.receiveChar(PGStream.java:482) ~[postgresql-42.7.13.jar:42.7.13]
	at org.postgresql.core.v3.QueryExecutorImpl.processResults(QueryExecutorImpl.java:2383) ~[postgresql-42.7.13.jar:42.7.13]
	at org.postgresql.core.v3.QueryExecutorImpl.execute(QueryExecutorImpl.java:446) ~[postgresql-42.7.13.jar:42.7.13]
	... 22 common frames omitted

2026-09-09T07:38:00.008Z ERROR 241471 --- [kivvi-click] [pring-session-1] o.s.s.s.TaskUtils$LoggingErrorHandler    : Unexpected error occurred in scheduled task

org.springframework.transaction.TransactionSystemException: JDBC rollback failed
	at org.springframework.jdbc.datasource.DataSourceTransactionManager.translateException(DataSourceTransactionManager.java:477) ~[spring-jdbc-7.0.9.jar:7.0.9]
	at org.springframework.jdbc.support.JdbcTransactionManager.translateException(JdbcTransactionManager.java:184) ~[spring-jdbc-7.0.9.jar:7.0.9]
	at org.springframework.jdbc.datasource.DataSourceTransactionManager.doRollback(DataSourceTransactionManager.java:361) ~[spring-jdbc-7.0.9.jar:7.0.9]
	at org.springframework.transaction.support.AbstractPlatformTransactionManager.processRollback(AbstractPlatformTransactionManager.java:896) ~[spring-tx-7.0.9.jar:7.0.9]
	at org.springframework.transaction.support.AbstractPlatformTransactionManager.rollback(AbstractPlatformTransactionManager.java:865) ~[spring-tx-7.0.9.jar:7.0.9]
	at org.springframework.transaction.support.TransactionTemplate.rollbackOnException(TransactionTemplate.java:165) ~[spring-tx-7.0.9.jar:7.0.9]
	at org.springframework.transaction.support.TransactionTemplate.execute(TransactionTemplate.java:141) ~[spring-tx-7.0.9.jar:7.0.9]
	at org.springframework.session.jdbc.JdbcIndexedSessionRepository.cleanUpExpiredSessions(JdbcIndexedSessionRepository.java:649) ~[spring-session-jdbc-4.1.1.jar:4.1.1]
	at org.springframework.scheduling.support.DelegatingErrorHandlingRunnable.run(DelegatingErrorHandlingRunnable.java:54) ~[spring-context-7.0.9.jar:7.0.9]
	at org.springframework.scheduling.concurrent.ReschedulingRunnable.run(ReschedulingRunnable.java:94) ~[spring-context-7.0.9.jar:7.0.9]
	at java.base/java.util.concurrent.Executors$RunnableAdapter.call(Executors.java:545) ~[na:na]
	at java.base/java.util.concurrent.FutureTask.run(FutureTask.java:328) ~[na:na]
	at java.base/java.util.concurrent.ScheduledThreadPoolExecutor$ScheduledFutureTask.run(ScheduledThreadPoolExecutor.java:309) ~[na:na]
	at java.base/java.util.concurrent.ThreadPoolExecutor.runWorker(ThreadPoolExecutor.java:1090) ~[na:na]
	at java.base/java.util.concurrent.ThreadPoolExecutor$Worker.run(ThreadPoolExecutor.java:614) ~[na:na]
	at java.base/java.lang.Thread.run(Thread.java:1474) ~[na:na]
Caused by: java.sql.SQLException: Connection is closed
	at com.zaxxer.hikari.pool.ProxyConnection$ClosedConnection.lambda$getClosedConnection$0(ProxyConnection.java:559) ~[HikariCP-7.0.2.jar:na]
	at jdk.proxy3/jdk.proxy3.$Proxy144.rollback(Unknown Source) ~[na:na]
	at com.zaxxer.hikari.pool.ProxyConnection.rollback(ProxyConnection.java:386) ~[HikariCP-7.0.2.jar:na]
	at com.zaxxer.hikari.pool.HikariProxyConnection.rollback(HikariProxyConnection.java) ~[HikariCP-7.0.2.jar:na]
	at org.springframework.jdbc.datasource.DataSourceTransactionManager.doRollback(DataSourceTransactionManager.java:358) ~[spring-jdbc-7.0.9.jar:7.0.9]
	... 13 common frames omitted

2026-09-09T07:38:00.153Z  INFO 241471 --- [kivvi-click] [           main] tc.postgres:18-alpine                    : Creating container for image: postgres:18-alpine
2026-09-09T07:38:00.168Z  INFO 241471 --- [kivvi-click] [           main] tc.postgres:18-alpine                    : Container postgres:18-alpine is starting: 6925ce0613cab885141751f5610947b6965a8ac0521e8bee8f29fd5ac59ebd07
2026-09-09T07:38:01.577Z  INFO 241471 --- [kivvi-click] [           main] tc.postgres:18-alpine                    : Container postgres:18-alpine started in PT1.42321081S
2026-09-09T07:38:01.577Z  INFO 241471 --- [kivvi-click] [           main] tc.postgres:18-alpine                    : Container is started (JDBC URL: jdbc:postgresql://localhost:34675/test?loggerLevel=OFF)
2026-09-09T07:38:01.578Z  INFO 241471 --- [kivvi-click] [           main] t.c.s.AnnotationConfigContextLoaderUtils : Could not detect default configuration classes for test class [click.kivvi.ShellApiIT]: ShellApiIT does not declare any static, non-private, non-final, nested classes annotated with @Configuration.
2026-09-09T07:38:01.580Z  INFO 241471 --- [kivvi-click] [           main] .b.t.c.SpringBootTestContextBootstrapper : Found @SpringBootConfiguration click.kivvi.KivviApplication for test class click.kivvi.ShellApiIT
2026-09-09T07:38:01.580Z  INFO 241471 --- [kivvi-click] [           main] t.c.s.AnnotationConfigContextLoaderUtils : Could not detect default configuration classes for test class [click.kivvi.ShellApiIT]: ShellApiIT does not declare any static, non-private, non-final, nested classes annotated with @Configuration.
2026-09-09T07:38:01.582Z  INFO 241471 --- [kivvi-click] [           main] .b.t.c.SpringBootTestContextBootstrapper : Found @SpringBootConfiguration click.kivvi.KivviApplication for test class click.kivvi.ShellApiIT

  .   ____          _            __ _ _
 /\\ / ___'_ __ _ _(_)_ __  __ _ \ \ \ \
( ( )\___ | '_ | '_| | '_ \/ _` | \ \ \ \
 \\/  ___)| |_)| | | | | || (_| |  ) ) ) )
  '  |____| .__|_| |_|_| |_\__, | / / / /
 =========|_|==============|___/=/_/_/_/

 :: Spring Boot ::                (v4.1.1)

2026-09-09T07:38:01.591Z  INFO 241471 --- [kivvi-click] [           main] click.kivvi.ShellApiIT                   : Starting ShellApiIT using Java 25.0.4.1 with PID 241471 (started by muszkin in /home/muszkin/work/kivvi-click-wt/verify-wave-4-integration/backend)
2026-09-09T07:38:01.591Z  INFO 241471 --- [kivvi-click] [           main] click.kivvi.ShellApiIT                   : No active profile set, falling back to 1 default profile: "default"
2026-09-09T07:38:01.687Z  INFO 241471 --- [kivvi-click] [           main] o.s.boot.tomcat.TomcatWebServer          : Tomcat initialized with port 0 (http)
2026-09-09T07:38:01.688Z  INFO 241471 --- [kivvi-click] [           main] o.apache.catalina.core.StandardService   : Starting service [Tomcat]
2026-09-09T07:38:01.688Z  INFO 241471 --- [kivvi-click] [           main] o.apache.catalina.core.StandardEngine    : Starting Servlet engine: [Apache Tomcat/11.0.24]
2026-09-09T07:38:01.693Z  INFO 241471 --- [kivvi-click] [           main] b.w.c.s.WebApplicationContextInitializer : Root WebApplicationContext: initialization completed in 101 ms
2026-09-09T07:38:01.758Z  INFO 241471 --- [kivvi-click] [           main] org.flywaydb.core.FlywayExecutor         : Database: jdbc:postgresql://localhost:34675/test?loggerLevel=OFF (PostgreSQL 18.6)
2026-09-09T07:38:01.768Z  INFO 241471 --- [kivvi-click] [           main] o.f.c.i.s.JdbcTableSchemaHistory         : Schema history table "public"."flyway_schema_history" does not exist yet
2026-09-09T07:38:01.768Z  INFO 241471 --- [kivvi-click] [           main] o.f.core.internal.command.DbValidate     : Successfully validated 1 migration (execution time 00:00.002s)
2026-09-09T07:38:01.774Z  INFO 241471 --- [kivvi-click] [           main] o.f.c.i.s.JdbcTableSchemaHistory         : Creating Schema History table "public"."flyway_schema_history" ...
2026-09-09T07:38:01.793Z  INFO 241471 --- [kivvi-click] [           main] o.f.core.internal.command.DbMigrate      : Current version of schema "public": << Empty Schema >>
2026-09-09T07:38:01.795Z  INFO 241471 --- [kivvi-click] [           main] o.f.core.internal.command.DbMigrate      : Migrating schema "public" to version "1 - baseline"
2026-09-09T07:38:01.812Z  INFO 241471 --- [kivvi-click] [           main] o.f.core.internal.command.DbMigrate      : Successfully applied 1 migration to schema "public", now at version v1 (execution time 00:00.014s)
2026-09-09T07:38:01.834Z  INFO 241471 --- [kivvi-click] [           main] o.s.b.w.a.WelcomePageHandlerMapping      : Adding welcome page: class path resource [static/index.html]
2026-09-09T07:38:01.885Z  INFO 241471 --- [kivvi-click] [           main] com.zaxxer.hikari.HikariDataSource       : HikariPool-13 - Starting...
2026-09-09T07:38:01.891Z  INFO 241471 --- [kivvi-click] [           main] com.zaxxer.hikari.pool.HikariPool        : HikariPool-13 - Added connection org.postgresql.jdbc.PgConnection@3e0d75a4
2026-09-09T07:38:01.892Z  INFO 241471 --- [kivvi-click] [           main] com.zaxxer.hikari.HikariDataSource       : HikariPool-13 - Start completed.
2026-09-09T07:38:01.894Z  INFO 241471 --- [kivvi-click] [           main] o.s.b.a.e.web.EndpointLinksResolver      : Exposing 1 endpoint beneath base path '/actuator'
2026-09-09T07:38:01.900Z  INFO 241471 --- [kivvi-click] [           main] o.s.boot.tomcat.TomcatWebServer          : Tomcat started on port 44445 (http) with context path '/'
2026-09-09T07:38:01.905Z  INFO 241471 --- [kivvi-click] [           main] click.kivvi.ShellApiIT                   : Started ShellApiIT in 0.321 seconds (process running for 32.889)
2026-09-09T07:38:01.907Z  INFO 241471 --- [kivvi-click] [eat-scheduler-1] c.k.i.scheduling.HeartbeatJob            : Scheduler heartbeat tick.
2026-09-09T07:38:01.910Z  INFO 241471 --- [kivvi-click] [eat-scheduler-1] c.k.i.tracking.EventDedupCleanupJob      : Event dedup cleanup removed 0 expired row(s).
2026-09-09T07:38:01.910Z  INFO 241471 --- [kivvi-click] [-auto-12-exec-1] o.a.c.c.C.[Tomcat-11].[localhost].[/]    : Initializing Spring DispatcherServlet 'dispatcherServlet'
2026-09-09T07:38:01.910Z  INFO 241471 --- [kivvi-click] [-auto-12-exec-1] o.s.web.servlet.DispatcherServlet        : Initializing Servlet 'dispatcherServlet'
2026-09-09T07:38:01.911Z  INFO 241471 --- [kivvi-click] [-auto-12-exec-1] o.s.web.servlet.DispatcherServlet        : Completed initialization in 0 ms
2026-09-09T07:38:02.216Z  INFO 241471 --- [kivvi-click] [           main] tc.postgres:18-alpine                    : Creating container for image: postgres:18-alpine
2026-09-09T07:38:02.232Z  INFO 241471 --- [kivvi-click] [           main] tc.postgres:18-alpine                    : Container postgres:18-alpine is starting: 105a088d87640d42f38d561fd5a70791f33560837fccecdf15da8adf547c26da
2026-09-09T07:38:03.599Z  INFO 241471 --- [kivvi-click] [           main] tc.postgres:18-alpine                    : Container postgres:18-alpine started in PT1.383434567S
2026-09-09T07:38:03.599Z  INFO 241471 --- [kivvi-click] [           main] tc.postgres:18-alpine                    : Container is started (JDBC URL: jdbc:postgresql://localhost:34676/test?loggerLevel=OFF)
2026-09-09T07:38:03.600Z  INFO 241471 --- [kivvi-click] [           main] t.c.s.AnnotationConfigContextLoaderUtils : Could not detect default configuration classes for test class [click.kivvi.AutomationsApiIT]: AutomationsApiIT does not declare any static, non-private, non-final, nested classes annotated with @Configuration.
2026-09-09T07:38:03.602Z  INFO 241471 --- [kivvi-click] [           main] .b.t.c.SpringBootTestContextBootstrapper : Found @SpringBootConfiguration click.kivvi.KivviApplication for test class click.kivvi.AutomationsApiIT
2026-09-09T07:38:03.603Z  INFO 241471 --- [kivvi-click] [           main] t.c.s.AnnotationConfigContextLoaderUtils : Could not detect default configuration classes for test class [click.kivvi.AutomationsApiIT]: AutomationsApiIT does not declare any static, non-private, non-final, nested classes annotated with @Configuration.
2026-09-09T07:38:03.605Z  INFO 241471 --- [kivvi-click] [           main] .b.t.c.SpringBootTestContextBootstrapper : Found @SpringBootConfiguration click.kivvi.KivviApplication for test class click.kivvi.AutomationsApiIT

  .   ____          _            __ _ _
 /\\ / ___'_ __ _ _(_)_ __  __ _ \ \ \ \
( ( )\___ | '_ | '_| | '_ \/ _` | \ \ \ \
 \\/  ___)| |_)| | | | | || (_| |  ) ) ) )
  '  |____| .__|_| |_|_| |_\__, | / / / /
 =========|_|==============|___/=/_/_/_/

 :: Spring Boot ::                (v4.1.1)

2026-09-09T07:38:03.615Z  INFO 241471 --- [kivvi-click] [           main] click.kivvi.AutomationsApiIT             : Starting AutomationsApiIT using Java 25.0.4.1 with PID 241471 (started by muszkin in /home/muszkin/work/kivvi-click-wt/verify-wave-4-integration/backend)
2026-09-09T07:38:03.615Z  INFO 241471 --- [kivvi-click] [           main] click.kivvi.AutomationsApiIT             : No active profile set, falling back to 1 default profile: "default"
2026-09-09T07:38:03.732Z  INFO 241471 --- [kivvi-click] [           main] o.s.boot.tomcat.TomcatWebServer          : Tomcat initialized with port 0 (http)
2026-09-09T07:38:03.732Z  INFO 241471 --- [kivvi-click] [           main] o.apache.catalina.core.StandardService   : Starting service [Tomcat]
2026-09-09T07:38:03.732Z  INFO 241471 --- [kivvi-click] [           main] o.apache.catalina.core.StandardEngine    : Starting Servlet engine: [Apache Tomcat/11.0.24]
2026-09-09T07:38:03.738Z  INFO 241471 --- [kivvi-click] [           main] b.w.c.s.WebApplicationContextInitializer : Root WebApplicationContext: initialization completed in 123 ms
2026-09-09T07:38:03.812Z  INFO 241471 --- [kivvi-click] [           main] org.flywaydb.core.FlywayExecutor         : Database: jdbc:postgresql://localhost:34676/test?loggerLevel=OFF (PostgreSQL 18.6)
2026-09-09T07:38:03.823Z  INFO 241471 --- [kivvi-click] [           main] o.f.c.i.s.JdbcTableSchemaHistory         : Schema history table "public"."flyway_schema_history" does not exist yet
2026-09-09T07:38:03.824Z  INFO 241471 --- [kivvi-click] [           main] o.f.core.internal.command.DbValidate     : Successfully validated 1 migration (execution time 00:00.002s)
2026-09-09T07:38:03.830Z  INFO 241471 --- [kivvi-click] [           main] o.f.c.i.s.JdbcTableSchemaHistory         : Creating Schema History table "public"."flyway_schema_history" ...
2026-09-09T07:38:03.849Z  INFO 241471 --- [kivvi-click] [           main] o.f.core.internal.command.DbMigrate      : Current version of schema "public": << Empty Schema >>
2026-09-09T07:38:03.851Z  INFO 241471 --- [kivvi-click] [           main] o.f.core.internal.command.DbMigrate      : Migrating schema "public" to version "1 - baseline"
2026-09-09T07:38:03.871Z  INFO 241471 --- [kivvi-click] [           main] o.f.core.internal.command.DbMigrate      : Successfully applied 1 migration to schema "public", now at version v1 (execution time 00:00.016s)
2026-09-09T07:38:03.896Z  INFO 241471 --- [kivvi-click] [           main] o.s.b.w.a.WelcomePageHandlerMapping      : Adding welcome page: class path resource [static/index.html]
2026-09-09T07:38:03.937Z  INFO 241471 --- [kivvi-click] [           main] com.zaxxer.hikari.HikariDataSource       : HikariPool-14 - Starting...
2026-09-09T07:38:03.947Z  INFO 241471 --- [kivvi-click] [           main] com.zaxxer.hikari.pool.HikariPool        : HikariPool-14 - Added connection org.postgresql.jdbc.PgConnection@198b9a23
2026-09-09T07:38:03.947Z  INFO 241471 --- [kivvi-click] [           main] com.zaxxer.hikari.HikariDataSource       : HikariPool-14 - Start completed.
2026-09-09T07:38:03.952Z  INFO 241471 --- [kivvi-click] [           main] o.s.b.a.e.web.EndpointLinksResolver      : Exposing 1 endpoint beneath base path '/actuator'
2026-09-09T07:38:03.960Z  INFO 241471 --- [kivvi-click] [           main] o.s.boot.tomcat.TomcatWebServer          : Tomcat started on port 44279 (http) with context path '/'
2026-09-09T07:38:03.965Z  INFO 241471 --- [kivvi-click] [           main] click.kivvi.AutomationsApiIT             : Started AutomationsApiIT in 0.358 seconds (process running for 34.949)
2026-09-09T07:38:03.967Z  INFO 241471 --- [kivvi-click] [eat-scheduler-1] c.k.i.scheduling.HeartbeatJob            : Scheduler heartbeat tick.
2026-09-09T07:38:03.970Z  INFO 241471 --- [kivvi-click] [-auto-13-exec-1] o.a.c.c.C.[Tomcat-12].[localhost].[/]    : Initializing Spring DispatcherServlet 'dispatcherServlet'
2026-09-09T07:38:03.970Z  INFO 241471 --- [kivvi-click] [eat-scheduler-1] c.k.i.tracking.EventDedupCleanupJob      : Event dedup cleanup removed 0 expired row(s).
2026-09-09T07:38:03.970Z  INFO 241471 --- [kivvi-click] [-auto-13-exec-1] o.s.web.servlet.DispatcherServlet        : Initializing Servlet 'dispatcherServlet'
2026-09-09T07:38:03.971Z  INFO 241471 --- [kivvi-click] [-auto-13-exec-1] o.s.web.servlet.DispatcherServlet        : Completed initialization in 1 ms
2026-09-09T07:38:04.259Z  INFO 241471 --- [kivvi-click] [           main] tc.postgres:18-alpine                    : Creating container for image: postgres:18-alpine
2026-09-09T07:38:04.274Z  INFO 241471 --- [kivvi-click] [           main] tc.postgres:18-alpine                    : Container postgres:18-alpine is starting: bfd88b66755d1e6f822e6eb7bfcbad4166e42f82c12a13403c886f2e74f79f9d
2026-09-09T07:38:05.612Z  INFO 241471 --- [kivvi-click] [           main] tc.postgres:18-alpine                    : Container postgres:18-alpine started in PT1.352635757S
2026-09-09T07:38:05.612Z  INFO 241471 --- [kivvi-click] [           main] tc.postgres:18-alpine                    : Container is started (JDBC URL: jdbc:postgresql://localhost:34677/test?loggerLevel=OFF)
2026-09-09T07:38:05.613Z  INFO 241471 --- [kivvi-click] [           main] t.c.s.AnnotationConfigContextLoaderUtils : Could not detect default configuration classes for test class [click.kivvi.EventsApiIT]: EventsApiIT does not declare any static, non-private, non-final, nested classes annotated with @Configuration.
2026-09-09T07:38:05.615Z  INFO 241471 --- [kivvi-click] [           main] .b.t.c.SpringBootTestContextBootstrapper : Found @SpringBootConfiguration click.kivvi.KivviApplication for test class click.kivvi.EventsApiIT
2026-09-09T07:38:05.615Z  INFO 241471 --- [kivvi-click] [           main] t.c.s.AnnotationConfigContextLoaderUtils : Could not detect default configuration classes for test class [click.kivvi.EventsApiIT]: EventsApiIT does not declare any static, non-private, non-final, nested classes annotated with @Configuration.
2026-09-09T07:38:05.617Z  INFO 241471 --- [kivvi-click] [           main] .b.t.c.SpringBootTestContextBootstrapper : Found @SpringBootConfiguration click.kivvi.KivviApplication for test class click.kivvi.EventsApiIT

  .   ____          _            __ _ _
 /\\ / ___'_ __ _ _(_)_ __  __ _ \ \ \ \
( ( )\___ | '_ | '_| | '_ \/ _` | \ \ \ \
 \\/  ___)| |_)| | | | | || (_| |  ) ) ) )
  '  |____| .__|_| |_|_| |_\__, | / / / /
 =========|_|==============|___/=/_/_/_/

 :: Spring Boot ::                (v4.1.1)

2026-09-09T07:38:05.629Z  INFO 241471 --- [kivvi-click] [           main] click.kivvi.EventsApiIT                  : Starting EventsApiIT using Java 25.0.4.1 with PID 241471 (started by muszkin in /home/muszkin/work/kivvi-click-wt/verify-wave-4-integration/backend)
2026-09-09T07:38:05.629Z  INFO 241471 --- [kivvi-click] [           main] click.kivvi.EventsApiIT                  : No active profile set, falling back to 1 default profile: "default"
2026-09-09T07:38:05.726Z  INFO 241471 --- [kivvi-click] [           main] o.s.boot.tomcat.TomcatWebServer          : Tomcat initialized with port 0 (http)
2026-09-09T07:38:05.726Z  INFO 241471 --- [kivvi-click] [           main] o.apache.catalina.core.StandardService   : Starting service [Tomcat]
2026-09-09T07:38:05.726Z  INFO 241471 --- [kivvi-click] [           main] o.apache.catalina.core.StandardEngine    : Starting Servlet engine: [Apache Tomcat/11.0.24]
2026-09-09T07:38:05.731Z  INFO 241471 --- [kivvi-click] [           main] b.w.c.s.WebApplicationContextInitializer : Root WebApplicationContext: initialization completed in 102 ms
2026-09-09T07:38:05.788Z  INFO 241471 --- [kivvi-click] [           main] org.flywaydb.core.FlywayExecutor         : Database: jdbc:postgresql://localhost:34677/test?loggerLevel=OFF (PostgreSQL 18.6)
2026-09-09T07:38:05.799Z  INFO 241471 --- [kivvi-click] [           main] o.f.c.i.s.JdbcTableSchemaHistory         : Schema history table "public"."flyway_schema_history" does not exist yet
2026-09-09T07:38:05.799Z  INFO 241471 --- [kivvi-click] [           main] o.f.core.internal.command.DbValidate     : Successfully validated 1 migration (execution time 00:00.002s)
2026-09-09T07:38:05.806Z  INFO 241471 --- [kivvi-click] [           main] o.f.c.i.s.JdbcTableSchemaHistory         : Creating Schema History table "public"."flyway_schema_history" ...
2026-09-09T07:38:05.825Z  INFO 241471 --- [kivvi-click] [           main] o.f.core.internal.command.DbMigrate      : Current version of schema "public": << Empty Schema >>
2026-09-09T07:38:05.827Z  INFO 241471 --- [kivvi-click] [           main] o.f.core.internal.command.DbMigrate      : Migrating schema "public" to version "1 - baseline"
2026-09-09T07:38:05.843Z  INFO 241471 --- [kivvi-click] [           main] o.f.core.internal.command.DbMigrate      : Successfully applied 1 migration to schema "public", now at version v1 (execution time 00:00.014s)
2026-09-09T07:38:05.861Z  INFO 241471 --- [kivvi-click] [           main] o.s.b.w.a.WelcomePageHandlerMapping      : Adding welcome page: class path resource [static/index.html]
2026-09-09T07:38:05.893Z  INFO 241471 --- [kivvi-click] [           main] com.zaxxer.hikari.HikariDataSource       : HikariPool-15 - Starting...
2026-09-09T07:38:05.900Z  INFO 241471 --- [kivvi-click] [           main] com.zaxxer.hikari.pool.HikariPool        : HikariPool-15 - Added connection org.postgresql.jdbc.PgConnection@16dcb0b5
2026-09-09T07:38:05.900Z  INFO 241471 --- [kivvi-click] [           main] com.zaxxer.hikari.HikariDataSource       : HikariPool-15 - Start completed.
2026-09-09T07:38:05.904Z  INFO 241471 --- [kivvi-click] [           main] o.s.b.a.e.web.EndpointLinksResolver      : Exposing 1 endpoint beneath base path '/actuator'
2026-09-09T07:38:05.910Z  INFO 241471 --- [kivvi-click] [           main] o.s.boot.tomcat.TomcatWebServer          : Tomcat started on port 45947 (http) with context path '/'
2026-09-09T07:38:05.916Z  INFO 241471 --- [kivvi-click] [           main] click.kivvi.EventsApiIT                  : Started EventsApiIT in 0.297 seconds (process running for 36.899)
2026-09-09T07:38:05.917Z  INFO 241471 --- [kivvi-click] [eat-scheduler-1] c.k.i.scheduling.HeartbeatJob            : Scheduler heartbeat tick.
2026-09-09T07:38:05.920Z  INFO 241471 --- [kivvi-click] [eat-scheduler-1] c.k.i.tracking.EventDedupCleanupJob      : Event dedup cleanup removed 0 expired row(s).
2026-09-09T07:38:05.920Z  INFO 241471 --- [kivvi-click] [-auto-14-exec-1] o.a.c.c.C.[Tomcat-13].[localhost].[/]    : Initializing Spring DispatcherServlet 'dispatcherServlet'
2026-09-09T07:38:05.920Z  INFO 241471 --- [kivvi-click] [-auto-14-exec-1] o.s.web.servlet.DispatcherServlet        : Initializing Servlet 'dispatcherServlet'
2026-09-09T07:38:05.921Z  INFO 241471 --- [kivvi-click] [-auto-14-exec-1] o.s.web.servlet.DispatcherServlet        : Completed initialization in 0 ms
2026-09-09T07:38:06.143Z  INFO 241471 --- [kivvi-click] [           main] tc.postgres:18-alpine                    : Creating container for image: postgres:18-alpine
2026-09-09T07:38:06.160Z  INFO 241471 --- [kivvi-click] [           main] tc.postgres:18-alpine                    : Container postgres:18-alpine is starting: ccbb94af8e3b3041bc53a22209083023a44fe1c3a7a69f683785743fdb1da3b8
2026-09-09T07:38:07.515Z  INFO 241471 --- [kivvi-click] [           main] tc.postgres:18-alpine                    : Container postgres:18-alpine started in PT1.371890079S
2026-09-09T07:38:07.515Z  INFO 241471 --- [kivvi-click] [           main] tc.postgres:18-alpine                    : Container is started (JDBC URL: jdbc:postgresql://localhost:34678/test?loggerLevel=OFF)
2026-09-09T07:38:07.516Z  INFO 241471 --- [kivvi-click] [           main] t.c.s.AnnotationConfigContextLoaderUtils : Could not detect default configuration classes for test class [click.kivvi.SessionRequestSerializationIT]: SessionRequestSerializationIT does not declare any static, non-private, non-final, nested classes annotated with @Configuration.
2026-09-09T07:38:07.518Z  INFO 241471 --- [kivvi-click] [           main] .b.t.c.SpringBootTestContextBootstrapper : Found @SpringBootConfiguration click.kivvi.KivviApplication for test class click.kivvi.SessionRequestSerializationIT
2026-09-09T07:38:07.519Z  INFO 241471 --- [kivvi-click] [           main] t.c.s.AnnotationConfigContextLoaderUtils : Could not detect default configuration classes for test class [click.kivvi.SessionRequestSerializationIT]: SessionRequestSerializationIT does not declare any static, non-private, non-final, nested classes annotated with @Configuration.
2026-09-09T07:38:07.520Z  INFO 241471 --- [kivvi-click] [           main] .b.t.c.SpringBootTestContextBootstrapper : Found @SpringBootConfiguration click.kivvi.KivviApplication for test class click.kivvi.SessionRequestSerializationIT

  .   ____          _            __ _ _
 /\\ / ___'_ __ _ _(_)_ __  __ _ \ \ \ \
( ( )\___ | '_ | '_| | '_ \/ _` | \ \ \ \
 \\/  ___)| |_)| | | | | || (_| |  ) ) ) )
  '  |____| .__|_| |_|_| |_\__, | / / / /
 =========|_|==============|___/=/_/_/_/

 :: Spring Boot ::                (v4.1.1)

2026-09-09T07:38:07.529Z  INFO 241471 --- [kivvi-click] [           main] c.kivvi.SessionRequestSerializationIT    : Starting SessionRequestSerializationIT using Java 25.0.4.1 with PID 241471 (started by muszkin in /home/muszkin/work/kivvi-click-wt/verify-wave-4-integration/backend)
2026-09-09T07:38:07.529Z  INFO 241471 --- [kivvi-click] [           main] c.kivvi.SessionRequestSerializationIT    : No active profile set, falling back to 1 default profile: "default"
2026-09-09T07:38:07.621Z  INFO 241471 --- [kivvi-click] [           main] o.s.boot.tomcat.TomcatWebServer          : Tomcat initialized with port 0 (http)
2026-09-09T07:38:07.621Z  INFO 241471 --- [kivvi-click] [           main] o.apache.catalina.core.StandardService   : Starting service [Tomcat]
2026-09-09T07:38:07.621Z  INFO 241471 --- [kivvi-click] [           main] o.apache.catalina.core.StandardEngine    : Starting Servlet engine: [Apache Tomcat/11.0.24]
2026-09-09T07:38:07.626Z  INFO 241471 --- [kivvi-click] [           main] b.w.c.s.WebApplicationContextInitializer : Root WebApplicationContext: initialization completed in 96 ms
2026-09-09T07:38:07.680Z  INFO 241471 --- [kivvi-click] [           main] org.flywaydb.core.FlywayExecutor         : Database: jdbc:postgresql://localhost:34678/test?loggerLevel=OFF (PostgreSQL 18.6)
2026-09-09T07:38:07.689Z  INFO 241471 --- [kivvi-click] [           main] o.f.c.i.s.JdbcTableSchemaHistory         : Schema history table "public"."flyway_schema_history" does not exist yet
2026-09-09T07:38:07.690Z  INFO 241471 --- [kivvi-click] [           main] o.f.core.internal.command.DbValidate     : Successfully validated 1 migration (execution time 00:00.002s)
2026-09-09T07:38:07.695Z  INFO 241471 --- [kivvi-click] [           main] o.f.c.i.s.JdbcTableSchemaHistory         : Creating Schema History table "public"."flyway_schema_history" ...
2026-09-09T07:38:07.714Z  INFO 241471 --- [kivvi-click] [           main] o.f.core.internal.command.DbMigrate      : Current version of schema "public": << Empty Schema >>
2026-09-09T07:38:07.715Z  INFO 241471 --- [kivvi-click] [           main] o.f.core.internal.command.DbMigrate      : Migrating schema "public" to version "1 - baseline"
2026-09-09T07:38:07.731Z  INFO 241471 --- [kivvi-click] [           main] o.f.core.internal.command.DbMigrate      : Successfully applied 1 migration to schema "public", now at version v1 (execution time 00:00.012s)
2026-09-09T07:38:07.750Z  INFO 241471 --- [kivvi-click] [           main] o.s.b.w.a.WelcomePageHandlerMapping      : Adding welcome page: class path resource [static/index.html]
2026-09-09T07:38:07.783Z  INFO 241471 --- [kivvi-click] [           main] com.zaxxer.hikari.HikariDataSource       : HikariPool-16 - Starting...
2026-09-09T07:38:07.789Z  INFO 241471 --- [kivvi-click] [           main] com.zaxxer.hikari.pool.HikariPool        : HikariPool-16 - Added connection org.postgresql.jdbc.PgConnection@5ea3f373
2026-09-09T07:38:07.790Z  INFO 241471 --- [kivvi-click] [           main] com.zaxxer.hikari.HikariDataSource       : HikariPool-16 - Start completed.
2026-09-09T07:38:07.793Z  INFO 241471 --- [kivvi-click] [           main] o.s.b.a.e.web.EndpointLinksResolver      : Exposing 1 endpoint beneath base path '/actuator'
2026-09-09T07:38:07.799Z  INFO 241471 --- [kivvi-click] [           main] o.s.boot.tomcat.TomcatWebServer          : Tomcat started on port 35325 (http) with context path '/'
2026-09-09T07:38:07.804Z  INFO 241471 --- [kivvi-click] [           main] c.kivvi.SessionRequestSerializationIT    : Started SessionRequestSerializationIT in 0.282 seconds (process running for 38.787)
2026-09-09T07:38:07.805Z  INFO 241471 --- [kivvi-click] [eat-scheduler-1] c.k.i.scheduling.HeartbeatJob            : Scheduler heartbeat tick.
2026-09-09T07:38:07.809Z  INFO 241471 --- [kivvi-click] [eat-scheduler-1] c.k.i.tracking.EventDedupCleanupJob      : Event dedup cleanup removed 0 expired row(s).
2026-09-09T07:38:07.809Z  INFO 241471 --- [kivvi-click] [-auto-15-exec-2] o.a.c.c.C.[Tomcat-14].[localhost].[/]    : Initializing Spring DispatcherServlet 'dispatcherServlet'
2026-09-09T07:38:07.809Z  INFO 241471 --- [kivvi-click] [-auto-15-exec-2] o.s.web.servlet.DispatcherServlet        : Initializing Servlet 'dispatcherServlet'
2026-09-09T07:38:07.810Z  INFO 241471 --- [kivvi-click] [-auto-15-exec-2] o.s.web.servlet.DispatcherServlet        : Completed initialization in 1 ms
2026-09-09T07:38:08.421Z  INFO 241471 --- [kivvi-click] [ionShutdownHook] o.s.boot.tomcat.GracefulShutdown         : Commencing graceful shutdown. Waiting for active requests to complete
2026-09-09T07:38:08.424Z  INFO 241471 --- [kivvi-click] [tomcat-shutdown] o.s.boot.tomcat.GracefulShutdown         : Graceful shutdown complete
2026-09-09T07:38:08.425Z ERROR 241471 --- [kivvi-click] [pring-session-1] o.s.s.s.TaskUtils$LoggingErrorHandler    : Unexpected error occurred in scheduled task

org.springframework.transaction.CannotCreateTransactionException: Could not open JDBC Connection for transaction
	at org.springframework.jdbc.datasource.DataSourceTransactionManager.doBegin(DataSourceTransactionManager.java:319) ~[spring-jdbc-7.0.9.jar:7.0.9]
	at org.springframework.transaction.support.AbstractPlatformTransactionManager.startTransaction(AbstractPlatformTransactionManager.java:532) ~[spring-tx-7.0.9.jar:7.0.9]
	at org.springframework.transaction.support.AbstractPlatformTransactionManager.getTransaction(AbstractPlatformTransactionManager.java:405) ~[spring-tx-7.0.9.jar:7.0.9]
	at org.springframework.transaction.support.TransactionTemplate.execute(TransactionTemplate.java:134) ~[spring-tx-7.0.9.jar:7.0.9]
	at org.springframework.session.jdbc.JdbcIndexedSessionRepository.cleanUpExpiredSessions(JdbcIndexedSessionRepository.java:649) ~[spring-session-jdbc-4.1.1.jar:4.1.1]
	at org.springframework.scheduling.support.DelegatingErrorHandlingRunnable.run(DelegatingErrorHandlingRunnable.java:54) ~[spring-context-7.0.9.jar:7.0.9]
	at org.springframework.scheduling.concurrent.ReschedulingRunnable.run(ReschedulingRunnable.java:94) ~[spring-context-7.0.9.jar:7.0.9]
	at java.base/java.util.concurrent.Executors$RunnableAdapter.call(Executors.java:545) ~[na:na]
	at java.base/java.util.concurrent.FutureTask.run(FutureTask.java:328) ~[na:na]
	at java.base/java.util.concurrent.ScheduledThreadPoolExecutor$ScheduledFutureTask.run(ScheduledThreadPoolExecutor.java:309) ~[na:na]
	at java.base/java.util.concurrent.ThreadPoolExecutor.runWorker(ThreadPoolExecutor.java:1090) ~[na:na]
	at java.base/java.util.concurrent.ThreadPoolExecutor$Worker.run(ThreadPoolExecutor.java:614) ~[na:na]
	at java.base/java.lang.Thread.run(Thread.java:1474) ~[na:na]
Caused by: java.sql.SQLException: HikariPool-1 - Interrupted during connection acquisition
	at com.zaxxer.hikari.pool.HikariPool.getConnection(HikariPool.java:188) ~[HikariCP-7.0.2.jar:na]
	at com.zaxxer.hikari.pool.HikariPool.getConnection(HikariPool.java:142) ~[HikariCP-7.0.2.jar:na]
	at com.zaxxer.hikari.HikariDataSource.getConnection(HikariDataSource.java:127) ~[HikariCP-7.0.2.jar:na]
	at org.springframework.jdbc.datasource.DataSourceTransactionManager.doBegin(DataSourceTransactionManager.java:270) ~[spring-jdbc-7.0.9.jar:7.0.9]
	... 12 common frames omitted
Caused by: java.lang.InterruptedException
	at java.base/java.util.concurrent.SynchronousQueue.poll(SynchronousQueue.java:340) ~[na:na]
	at com.zaxxer.hikari.util.ConcurrentBag.borrow(ConcurrentBag.java:163) ~[HikariCP-7.0.2.jar:na]
	at com.zaxxer.hikari.pool.HikariPool.getConnection(HikariPool.java:160) ~[HikariCP-7.0.2.jar:na]
	... 15 common frames omitted

2026-09-09T07:38:08.426Z  INFO 241471 --- [kivvi-click] [ionShutdownHook] com.zaxxer.hikari.HikariDataSource       : HikariPool-1 - Shutdown initiated...
2026-09-09T07:38:10.119Z  INFO 241471 --- [kivvi-click] [ionShutdownHook] com.zaxxer.hikari.HikariDataSource       : HikariPool-1 - Shutdown completed.
2026-09-09T07:38:10.126Z  INFO 241471 --- [kivvi-click] [ionShutdownHook] o.s.boot.tomcat.GracefulShutdown         : Commencing graceful shutdown. Waiting for active requests to complete
2026-09-09T07:38:10.128Z  INFO 241471 --- [kivvi-click] [tomcat-shutdown] o.s.boot.tomcat.GracefulShutdown         : Graceful shutdown complete
2026-09-09T07:38:10.129Z ERROR 241471 --- [kivvi-click] [pring-session-1] o.s.s.s.TaskUtils$LoggingErrorHandler    : Unexpected error occurred in scheduled task

org.springframework.transaction.CannotCreateTransactionException: Could not open JDBC Connection for transaction
	at org.springframework.jdbc.datasource.DataSourceTransactionManager.doBegin(DataSourceTransactionManager.java:319) ~[spring-jdbc-7.0.9.jar:7.0.9]
	at org.springframework.transaction.support.AbstractPlatformTransactionManager.startTransaction(AbstractPlatformTransactionManager.java:532) ~[spring-tx-7.0.9.jar:7.0.9]
	at org.springframework.transaction.support.AbstractPlatformTransactionManager.getTransaction(AbstractPlatformTransactionManager.java:405) ~[spring-tx-7.0.9.jar:7.0.9]
	at org.springframework.transaction.support.TransactionTemplate.execute(TransactionTemplate.java:134) ~[spring-tx-7.0.9.jar:7.0.9]
	at org.springframework.session.jdbc.JdbcIndexedSessionRepository.cleanUpExpiredSessions(JdbcIndexedSessionRepository.java:649) ~[spring-session-jdbc-4.1.1.jar:4.1.1]
	at org.springframework.scheduling.support.DelegatingErrorHandlingRunnable.run(DelegatingErrorHandlingRunnable.java:54) ~[spring-context-7.0.9.jar:7.0.9]
	at org.springframework.scheduling.concurrent.ReschedulingRunnable.run(ReschedulingRunnable.java:94) ~[spring-context-7.0.9.jar:7.0.9]
	at java.base/java.util.concurrent.Executors$RunnableAdapter.call(Executors.java:545) ~[na:na]
	at java.base/java.util.concurrent.FutureTask.run(FutureTask.java:328) ~[na:na]
	at java.base/java.util.concurrent.ScheduledThreadPoolExecutor$ScheduledFutureTask.run(ScheduledThreadPoolExecutor.java:309) ~[na:na]
	at java.base/java.util.concurrent.ThreadPoolExecutor.runWorker(ThreadPoolExecutor.java:1090) ~[na:na]
	at java.base/java.util.concurrent.ThreadPoolExecutor$Worker.run(ThreadPoolExecutor.java:614) ~[na:na]
	at java.base/java.lang.Thread.run(Thread.java:1474) ~[na:na]
Caused by: java.sql.SQLException: HikariPool-2 - Interrupted during connection acquisition
	at com.zaxxer.hikari.pool.HikariPool.getConnection(HikariPool.java:188) ~[HikariCP-7.0.2.jar:na]
	at com.zaxxer.hikari.pool.HikariPool.getConnection(HikariPool.java:142) ~[HikariCP-7.0.2.jar:na]
	at com.zaxxer.hikari.HikariDataSource.getConnection(HikariDataSource.java:127) ~[HikariCP-7.0.2.jar:na]
	at org.springframework.jdbc.datasource.DataSourceTransactionManager.doBegin(DataSourceTransactionManager.java:270) ~[spring-jdbc-7.0.9.jar:7.0.9]
	... 12 common frames omitted
Caused by: java.lang.InterruptedException
	at java.base/java.util.concurrent.SynchronousQueue.poll(SynchronousQueue.java:340) ~[na:na]
	at com.zaxxer.hikari.util.ConcurrentBag.borrow(ConcurrentBag.java:163) ~[HikariCP-7.0.2.jar:na]
	at com.zaxxer.hikari.pool.HikariPool.getConnection(HikariPool.java:160) ~[HikariCP-7.0.2.jar:na]
	... 15 common frames omitted

2026-09-09T07:38:10.130Z  INFO 241471 --- [kivvi-click] [ionShutdownHook] com.zaxxer.hikari.HikariDataSource       : HikariPool-2 - Shutdown initiated...
2026-09-09T07:38:14.110Z  INFO 241471 --- [kivvi-click] [ionShutdownHook] com.zaxxer.hikari.HikariDataSource       : HikariPool-2 - Shutdown completed.
2026-09-09T07:38:14.113Z  INFO 241471 --- [kivvi-click] [ionShutdownHook] com.zaxxer.hikari.HikariDataSource       : HikariPool-3 - Shutdown initiated...
2026-09-09T07:38:14.113Z ERROR 241471 --- [kivvi-click] [pring-session-1] o.s.s.s.TaskUtils$LoggingErrorHandler    : Unexpected error occurred in scheduled task

org.springframework.transaction.CannotCreateTransactionException: Could not open JDBC Connection for transaction
	at org.springframework.jdbc.datasource.DataSourceTransactionManager.doBegin(DataSourceTransactionManager.java:319) ~[spring-jdbc-7.0.9.jar:7.0.9]
	at org.springframework.transaction.support.AbstractPlatformTransactionManager.startTransaction(AbstractPlatformTransactionManager.java:532) ~[spring-tx-7.0.9.jar:7.0.9]
	at org.springframework.transaction.support.AbstractPlatformTransactionManager.getTransaction(AbstractPlatformTransactionManager.java:405) ~[spring-tx-7.0.9.jar:7.0.9]
	at org.springframework.transaction.support.TransactionTemplate.execute(TransactionTemplate.java:134) ~[spring-tx-7.0.9.jar:7.0.9]
	at org.springframework.session.jdbc.JdbcIndexedSessionRepository.cleanUpExpiredSessions(JdbcIndexedSessionRepository.java:649) ~[spring-session-jdbc-4.1.1.jar:4.1.1]
	at org.springframework.scheduling.support.DelegatingErrorHandlingRunnable.run(DelegatingErrorHandlingRunnable.java:54) ~[spring-context-7.0.9.jar:7.0.9]
	at org.springframework.scheduling.concurrent.ReschedulingRunnable.run(ReschedulingRunnable.java:94) ~[spring-context-7.0.9.jar:7.0.9]
	at java.base/java.util.concurrent.Executors$RunnableAdapter.call(Executors.java:545) ~[na:na]
	at java.base/java.util.concurrent.FutureTask.run(FutureTask.java:328) ~[na:na]
	at java.base/java.util.concurrent.ScheduledThreadPoolExecutor$ScheduledFutureTask.run(ScheduledThreadPoolExecutor.java:309) ~[na:na]
	at java.base/java.util.concurrent.ThreadPoolExecutor.runWorker(ThreadPoolExecutor.java:1090) ~[na:na]
	at java.base/java.util.concurrent.ThreadPoolExecutor$Worker.run(ThreadPoolExecutor.java:614) ~[na:na]
	at java.base/java.lang.Thread.run(Thread.java:1474) ~[na:na]
Caused by: java.sql.SQLException: HikariPool-3 - Interrupted during connection acquisition
	at com.zaxxer.hikari.pool.HikariPool.getConnection(HikariPool.java:188) ~[HikariCP-7.0.2.jar:na]
	at com.zaxxer.hikari.pool.HikariPool.getConnection(HikariPool.java:142) ~[HikariCP-7.0.2.jar:na]
	at com.zaxxer.hikari.HikariDataSource.getConnection(HikariDataSource.java:127) ~[HikariCP-7.0.2.jar:na]
	at org.springframework.jdbc.datasource.DataSourceTransactionManager.doBegin(DataSourceTransactionManager.java:270) ~[spring-jdbc-7.0.9.jar:7.0.9]
	... 12 common frames omitted
Caused by: java.lang.InterruptedException
	at java.base/java.util.concurrent.SynchronousQueue.poll(SynchronousQueue.java:340) ~[na:na]
	at com.zaxxer.hikari.util.ConcurrentBag.borrow(ConcurrentBag.java:163) ~[HikariCP-7.0.2.jar:na]
	at com.zaxxer.hikari.pool.HikariPool.getConnection(HikariPool.java:160) ~[HikariCP-7.0.2.jar:na]
	... 15 common frames omitted

2026-09-09T07:38:16.334Z  INFO 241471 --- [kivvi-click] [ionShutdownHook] com.zaxxer.hikari.HikariDataSource       : HikariPool-3 - Shutdown completed.
2026-09-09T07:38:16.335Z  INFO 241471 --- [kivvi-click] [ionShutdownHook] o.s.boot.tomcat.GracefulShutdown         : Commencing graceful shutdown. Waiting for active requests to complete
2026-09-09T07:38:16.338Z  INFO 241471 --- [kivvi-click] [tomcat-shutdown] o.s.boot.tomcat.GracefulShutdown         : Graceful shutdown complete
2026-09-09T07:38:16.338Z ERROR 241471 --- [kivvi-click] [pring-session-1] o.s.s.s.TaskUtils$LoggingErrorHandler    : Unexpected error occurred in scheduled task

org.springframework.transaction.CannotCreateTransactionException: Could not open JDBC Connection for transaction
	at org.springframework.jdbc.datasource.DataSourceTransactionManager.doBegin(DataSourceTransactionManager.java:319) ~[spring-jdbc-7.0.9.jar:7.0.9]
	at org.springframework.transaction.support.AbstractPlatformTransactionManager.startTransaction(AbstractPlatformTransactionManager.java:532) ~[spring-tx-7.0.9.jar:7.0.9]
	at org.springframework.transaction.support.AbstractPlatformTransactionManager.getTransaction(AbstractPlatformTransactionManager.java:405) ~[spring-tx-7.0.9.jar:7.0.9]
	at org.springframework.transaction.support.TransactionTemplate.execute(TransactionTemplate.java:134) ~[spring-tx-7.0.9.jar:7.0.9]
	at org.springframework.session.jdbc.JdbcIndexedSessionRepository.cleanUpExpiredSessions(JdbcIndexedSessionRepository.java:649) ~[spring-session-jdbc-4.1.1.jar:4.1.1]
	at org.springframework.scheduling.support.DelegatingErrorHandlingRunnable.run(DelegatingErrorHandlingRunnable.java:54) ~[spring-context-7.0.9.jar:7.0.9]
	at org.springframework.scheduling.concurrent.ReschedulingRunnable.run(ReschedulingRunnable.java:94) ~[spring-context-7.0.9.jar:7.0.9]
	at java.base/java.util.concurrent.Executors$RunnableAdapter.call(Executors.java:545) ~[na:na]
	at java.base/java.util.concurrent.FutureTask.run(FutureTask.java:328) ~[na:na]
	at java.base/java.util.concurrent.ScheduledThreadPoolExecutor$ScheduledFutureTask.run(ScheduledThreadPoolExecutor.java:309) ~[na:na]
	at java.base/java.util.concurrent.ThreadPoolExecutor.runWorker(ThreadPoolExecutor.java:1090) ~[na:na]
	at java.base/java.util.concurrent.ThreadPoolExecutor$Worker.run(ThreadPoolExecutor.java:614) ~[na:na]
	at java.base/java.lang.Thread.run(Thread.java:1474) ~[na:na]
Caused by: java.sql.SQLException: HikariPool-4 - Interrupted during connection acquisition
	at com.zaxxer.hikari.pool.HikariPool.getConnection(HikariPool.java:188) ~[HikariCP-7.0.2.jar:na]
	at com.zaxxer.hikari.pool.HikariPool.getConnection(HikariPool.java:142) ~[HikariCP-7.0.2.jar:na]
	at com.zaxxer.hikari.HikariDataSource.getConnection(HikariDataSource.java:127) ~[HikariCP-7.0.2.jar:na]
	at org.springframework.jdbc.datasource.DataSourceTransactionManager.doBegin(DataSourceTransactionManager.java:270) ~[spring-jdbc-7.0.9.jar:7.0.9]
	... 12 common frames omitted
Caused by: java.lang.InterruptedException
	at java.base/java.util.concurrent.SynchronousQueue.poll(SynchronousQueue.java:340) ~[na:na]
	at com.zaxxer.hikari.util.ConcurrentBag.borrow(ConcurrentBag.java:163) ~[HikariCP-7.0.2.jar:na]
	at com.zaxxer.hikari.pool.HikariPool.getConnection(HikariPool.java:160) ~[HikariCP-7.0.2.jar:na]
	... 15 common frames omitted

2026-09-09T07:38:16.339Z  INFO 241471 --- [kivvi-click] [ionShutdownHook] com.zaxxer.hikari.HikariDataSource       : HikariPool-4 - Shutdown initiated...
2026-09-09T07:38:18.441Z  INFO 241471 --- [kivvi-click] [ionShutdownHook] com.zaxxer.hikari.HikariDataSource       : HikariPool-4 - Shutdown completed.
2026-09-09T07:38:18.443Z  INFO 241471 --- [kivvi-click] [ionShutdownHook] o.s.boot.tomcat.GracefulShutdown         : Commencing graceful shutdown. Waiting for active requests to complete
2026-09-09T07:38:18.445Z  INFO 241471 --- [kivvi-click] [tomcat-shutdown] o.s.boot.tomcat.GracefulShutdown         : Graceful shutdown complete
2026-09-09T07:38:18.446Z ERROR 241471 --- [kivvi-click] [pring-session-1] o.s.s.s.TaskUtils$LoggingErrorHandler    : Unexpected error occurred in scheduled task

org.springframework.transaction.CannotCreateTransactionException: Could not open JDBC Connection for transaction
	at org.springframework.jdbc.datasource.DataSourceTransactionManager.doBegin(DataSourceTransactionManager.java:319) ~[spring-jdbc-7.0.9.jar:7.0.9]
	at org.springframework.transaction.support.AbstractPlatformTransactionManager.startTransaction(AbstractPlatformTransactionManager.java:532) ~[spring-tx-7.0.9.jar:7.0.9]
	at org.springframework.transaction.support.AbstractPlatformTransactionManager.getTransaction(AbstractPlatformTransactionManager.java:405) ~[spring-tx-7.0.9.jar:7.0.9]
	at org.springframework.transaction.support.TransactionTemplate.execute(TransactionTemplate.java:134) ~[spring-tx-7.0.9.jar:7.0.9]
	at org.springframework.session.jdbc.JdbcIndexedSessionRepository.cleanUpExpiredSessions(JdbcIndexedSessionRepository.java:649) ~[spring-session-jdbc-4.1.1.jar:4.1.1]
	at org.springframework.scheduling.support.DelegatingErrorHandlingRunnable.run(DelegatingErrorHandlingRunnable.java:54) ~[spring-context-7.0.9.jar:7.0.9]
	at org.springframework.scheduling.concurrent.ReschedulingRunnable.run(ReschedulingRunnable.java:94) ~[spring-context-7.0.9.jar:7.0.9]
	at java.base/java.util.concurrent.Executors$RunnableAdapter.call(Executors.java:545) ~[na:na]
	at java.base/java.util.concurrent.FutureTask.run(FutureTask.java:328) ~[na:na]
	at java.base/java.util.concurrent.ScheduledThreadPoolExecutor$ScheduledFutureTask.run(ScheduledThreadPoolExecutor.java:309) ~[na:na]
	at java.base/java.util.concurrent.ThreadPoolExecutor.runWorker(ThreadPoolExecutor.java:1090) ~[na:na]
	at java.base/java.util.concurrent.ThreadPoolExecutor$Worker.run(ThreadPoolExecutor.java:614) ~[na:na]
	at java.base/java.lang.Thread.run(Thread.java:1474) ~[na:na]
Caused by: java.sql.SQLException: HikariPool-5 - Interrupted during connection acquisition
	at com.zaxxer.hikari.pool.HikariPool.getConnection(HikariPool.java:188) ~[HikariCP-7.0.2.jar:na]
	at com.zaxxer.hikari.pool.HikariPool.getConnection(HikariPool.java:142) ~[HikariCP-7.0.2.jar:na]
	at com.zaxxer.hikari.HikariDataSource.getConnection(HikariDataSource.java:127) ~[HikariCP-7.0.2.jar:na]
	at org.springframework.jdbc.datasource.DataSourceTransactionManager.doBegin(DataSourceTransactionManager.java:270) ~[spring-jdbc-7.0.9.jar:7.0.9]
	... 12 common frames omitted
Caused by: java.lang.InterruptedException
	at java.base/java.util.concurrent.SynchronousQueue.poll(SynchronousQueue.java:340) ~[na:na]
	at com.zaxxer.hikari.util.ConcurrentBag.borrow(ConcurrentBag.java:163) ~[HikariCP-7.0.2.jar:na]
	at com.zaxxer.hikari.pool.HikariPool.getConnection(HikariPool.java:160) ~[HikariCP-7.0.2.jar:na]
	... 15 common frames omitted

2026-09-09T07:38:18.447Z  INFO 241471 --- [kivvi-click] [ionShutdownHook] com.zaxxer.hikari.HikariDataSource       : HikariPool-5 - Shutdown initiated...
2026-09-09T07:38:20.731Z  INFO 241471 --- [kivvi-click] [ionShutdownHook] com.zaxxer.hikari.HikariDataSource       : HikariPool-5 - Shutdown completed.
2026-09-09T07:38:20.733Z  INFO 241471 --- [kivvi-click] [ionShutdownHook] o.s.boot.tomcat.GracefulShutdown         : Commencing graceful shutdown. Waiting for active requests to complete
2026-09-09T07:38:20.735Z  INFO 241471 --- [kivvi-click] [tomcat-shutdown] o.s.boot.tomcat.GracefulShutdown         : Graceful shutdown complete
2026-09-09T07:38:20.736Z ERROR 241471 --- [kivvi-click] [pring-session-1] o.s.s.s.TaskUtils$LoggingErrorHandler    : Unexpected error occurred in scheduled task

org.springframework.transaction.CannotCreateTransactionException: Could not open JDBC Connection for transaction
	at org.springframework.jdbc.datasource.DataSourceTransactionManager.doBegin(DataSourceTransactionManager.java:319) ~[spring-jdbc-7.0.9.jar:7.0.9]
	at org.springframework.transaction.support.AbstractPlatformTransactionManager.startTransaction(AbstractPlatformTransactionManager.java:532) ~[spring-tx-7.0.9.jar:7.0.9]
	at org.springframework.transaction.support.AbstractPlatformTransactionManager.getTransaction(AbstractPlatformTransactionManager.java:405) ~[spring-tx-7.0.9.jar:7.0.9]
	at org.springframework.transaction.support.TransactionTemplate.execute(TransactionTemplate.java:134) ~[spring-tx-7.0.9.jar:7.0.9]
	at org.springframework.session.jdbc.JdbcIndexedSessionRepository.cleanUpExpiredSessions(JdbcIndexedSessionRepository.java:649) ~[spring-session-jdbc-4.1.1.jar:4.1.1]
	at org.springframework.scheduling.support.DelegatingErrorHandlingRunnable.run(DelegatingErrorHandlingRunnable.java:54) ~[spring-context-7.0.9.jar:7.0.9]
	at org.springframework.scheduling.concurrent.ReschedulingRunnable.run(ReschedulingRunnable.java:94) ~[spring-context-7.0.9.jar:7.0.9]
	at java.base/java.util.concurrent.Executors$RunnableAdapter.call(Executors.java:545) ~[na:na]
	at java.base/java.util.concurrent.FutureTask.run(FutureTask.java:328) ~[na:na]
	at java.base/java.util.concurrent.ScheduledThreadPoolExecutor$ScheduledFutureTask.run(ScheduledThreadPoolExecutor.java:309) ~[na:na]
	at java.base/java.util.concurrent.ThreadPoolExecutor.runWorker(ThreadPoolExecutor.java:1090) ~[na:na]
	at java.base/java.util.concurrent.ThreadPoolExecutor$Worker.run(ThreadPoolExecutor.java:614) ~[na:na]
	at java.base/java.lang.Thread.run(Thread.java:1474) ~[na:na]
Caused by: java.sql.SQLException: HikariPool-6 - Interrupted during connection acquisition
	at com.zaxxer.hikari.pool.HikariPool.getConnection(HikariPool.java:188) ~[HikariCP-7.0.2.jar:na]
	at com.zaxxer.hikari.pool.HikariPool.getConnection(HikariPool.java:142) ~[HikariCP-7.0.2.jar:na]
	at com.zaxxer.hikari.HikariDataSource.getConnection(HikariDataSource.java:127) ~[HikariCP-7.0.2.jar:na]
	at org.springframework.jdbc.datasource.DataSourceTransactionManager.doBegin(DataSourceTransactionManager.java:270) ~[spring-jdbc-7.0.9.jar:7.0.9]
	... 12 common frames omitted
Caused by: java.lang.InterruptedException
	at java.base/java.util.concurrent.SynchronousQueue.poll(SynchronousQueue.java:340) ~[na:na]
	at com.zaxxer.hikari.util.ConcurrentBag.borrow(ConcurrentBag.java:163) ~[HikariCP-7.0.2.jar:na]
	at com.zaxxer.hikari.pool.HikariPool.getConnection(HikariPool.java:160) ~[HikariCP-7.0.2.jar:na]
	... 15 common frames omitted

2026-09-09T07:38:20.736Z  INFO 241471 --- [kivvi-click] [ionShutdownHook] com.zaxxer.hikari.HikariDataSource       : HikariPool-6 - Shutdown initiated...
2026-09-09T07:38:22.824Z  INFO 241471 --- [kivvi-click] [ionShutdownHook] com.zaxxer.hikari.HikariDataSource       : HikariPool-6 - Shutdown completed.
2026-09-09T07:38:22.826Z  INFO 241471 --- [kivvi-click] [ionShutdownHook] o.s.boot.tomcat.GracefulShutdown         : Commencing graceful shutdown. Waiting for active requests to complete
2026-09-09T07:38:22.828Z  INFO 241471 --- [kivvi-click] [tomcat-shutdown] o.s.boot.tomcat.GracefulShutdown         : Graceful shutdown complete
2026-09-09T07:38:22.829Z ERROR 241471 --- [kivvi-click] [pring-session-1] o.s.s.s.TaskUtils$LoggingErrorHandler    : Unexpected error occurred in scheduled task

org.springframework.transaction.CannotCreateTransactionException: Could not open JDBC Connection for transaction
	at org.springframework.jdbc.datasource.DataSourceTransactionManager.doBegin(DataSourceTransactionManager.java:319) ~[spring-jdbc-7.0.9.jar:7.0.9]
	at org.springframework.transaction.support.AbstractPlatformTransactionManager.startTransaction(AbstractPlatformTransactionManager.java:532) ~[spring-tx-7.0.9.jar:7.0.9]
	at org.springframework.transaction.support.AbstractPlatformTransactionManager.getTransaction(AbstractPlatformTransactionManager.java:405) ~[spring-tx-7.0.9.jar:7.0.9]
	at org.springframework.transaction.support.TransactionTemplate.execute(TransactionTemplate.java:134) ~[spring-tx-7.0.9.jar:7.0.9]
	at org.springframework.session.jdbc.JdbcIndexedSessionRepository.cleanUpExpiredSessions(JdbcIndexedSessionRepository.java:649) ~[spring-session-jdbc-4.1.1.jar:4.1.1]
	at org.springframework.scheduling.support.DelegatingErrorHandlingRunnable.run(DelegatingErrorHandlingRunnable.java:54) ~[spring-context-7.0.9.jar:7.0.9]
	at org.springframework.scheduling.concurrent.ReschedulingRunnable.run(ReschedulingRunnable.java:94) ~[spring-context-7.0.9.jar:7.0.9]
	at java.base/java.util.concurrent.Executors$RunnableAdapter.call(Executors.java:545) ~[na:na]
	at java.base/java.util.concurrent.FutureTask.run(FutureTask.java:328) ~[na:na]
	at java.base/java.util.concurrent.ScheduledThreadPoolExecutor$ScheduledFutureTask.run(ScheduledThreadPoolExecutor.java:309) ~[na:na]
	at java.base/java.util.concurrent.ThreadPoolExecutor.runWorker(ThreadPoolExecutor.java:1090) ~[na:na]
	at java.base/java.util.concurrent.ThreadPoolExecutor$Worker.run(ThreadPoolExecutor.java:614) ~[na:na]
	at java.base/java.lang.Thread.run(Thread.java:1474) ~[na:na]
Caused by: java.sql.SQLException: HikariPool-7 - Interrupted during connection acquisition
	at com.zaxxer.hikari.pool.HikariPool.getConnection(HikariPool.java:188) ~[HikariCP-7.0.2.jar:na]
	at com.zaxxer.hikari.pool.HikariPool.getConnection(HikariPool.java:142) ~[HikariCP-7.0.2.jar:na]
	at com.zaxxer.hikari.HikariDataSource.getConnection(HikariDataSource.java:127) ~[HikariCP-7.0.2.jar:na]
	at org.springframework.jdbc.datasource.DataSourceTransactionManager.doBegin(DataSourceTransactionManager.java:270) ~[spring-jdbc-7.0.9.jar:7.0.9]
	... 12 common frames omitted
Caused by: java.lang.InterruptedException
	at java.base/java.util.concurrent.SynchronousQueue.poll(SynchronousQueue.java:340) ~[na:na]
	at com.zaxxer.hikari.util.ConcurrentBag.borrow(ConcurrentBag.java:163) ~[HikariCP-7.0.2.jar:na]
	at com.zaxxer.hikari.pool.HikariPool.getConnection(HikariPool.java:160) ~[HikariCP-7.0.2.jar:na]
	... 15 common frames omitted

2026-09-09T07:38:22.829Z  INFO 241471 --- [kivvi-click] [ionShutdownHook] com.zaxxer.hikari.HikariDataSource       : HikariPool-7 - Shutdown initiated...
2026-09-09T07:38:24.945Z  INFO 241471 --- [kivvi-click] [ionShutdownHook] com.zaxxer.hikari.HikariDataSource       : HikariPool-7 - Shutdown completed.
2026-09-09T07:38:24.948Z  INFO 241471 --- [kivvi-click] [ionShutdownHook] o.s.boot.tomcat.GracefulShutdown         : Commencing graceful shutdown. Waiting for active requests to complete
2026-09-09T07:38:24.950Z  INFO 241471 --- [kivvi-click] [tomcat-shutdown] o.s.boot.tomcat.GracefulShutdown         : Graceful shutdown complete
2026-09-09T07:38:24.950Z  INFO 241471 --- [kivvi-click] [ionShutdownHook] com.zaxxer.hikari.HikariDataSource       : HikariPool-8 - Shutdown initiated...
2026-09-09T07:38:24.950Z ERROR 241471 --- [kivvi-click] [pring-session-1] o.s.s.s.TaskUtils$LoggingErrorHandler    : Unexpected error occurred in scheduled task

org.springframework.transaction.CannotCreateTransactionException: Could not open JDBC Connection for transaction
	at org.springframework.jdbc.datasource.DataSourceTransactionManager.doBegin(DataSourceTransactionManager.java:319) ~[spring-jdbc-7.0.9.jar:7.0.9]
	at org.springframework.transaction.support.AbstractPlatformTransactionManager.startTransaction(AbstractPlatformTransactionManager.java:532) ~[spring-tx-7.0.9.jar:7.0.9]
	at org.springframework.transaction.support.AbstractPlatformTransactionManager.getTransaction(AbstractPlatformTransactionManager.java:405) ~[spring-tx-7.0.9.jar:7.0.9]
	at org.springframework.transaction.support.TransactionTemplate.execute(TransactionTemplate.java:134) ~[spring-tx-7.0.9.jar:7.0.9]
	at org.springframework.session.jdbc.JdbcIndexedSessionRepository.cleanUpExpiredSessions(JdbcIndexedSessionRepository.java:649) ~[spring-session-jdbc-4.1.1.jar:4.1.1]
	at org.springframework.scheduling.support.DelegatingErrorHandlingRunnable.run(DelegatingErrorHandlingRunnable.java:54) ~[spring-context-7.0.9.jar:7.0.9]
	at org.springframework.scheduling.concurrent.ReschedulingRunnable.run(ReschedulingRunnable.java:94) ~[spring-context-7.0.9.jar:7.0.9]
	at java.base/java.util.concurrent.Executors$RunnableAdapter.call(Executors.java:545) ~[na:na]
	at java.base/java.util.concurrent.FutureTask.run(FutureTask.java:328) ~[na:na]
	at java.base/java.util.concurrent.ScheduledThreadPoolExecutor$ScheduledFutureTask.run(ScheduledThreadPoolExecutor.java:309) ~[na:na]
	at java.base/java.util.concurrent.ThreadPoolExecutor.runWorker(ThreadPoolExecutor.java:1090) ~[na:na]
	at java.base/java.util.concurrent.ThreadPoolExecutor$Worker.run(ThreadPoolExecutor.java:614) ~[na:na]
	at java.base/java.lang.Thread.run(Thread.java:1474) ~[na:na]
Caused by: java.sql.SQLException: HikariPool-8 - Interrupted during connection acquisition
	at com.zaxxer.hikari.pool.HikariPool.getConnection(HikariPool.java:188) ~[HikariCP-7.0.2.jar:na]
	at com.zaxxer.hikari.pool.HikariPool.getConnection(HikariPool.java:142) ~[HikariCP-7.0.2.jar:na]
	at com.zaxxer.hikari.HikariDataSource.getConnection(HikariDataSource.java:127) ~[HikariCP-7.0.2.jar:na]
	at org.springframework.jdbc.datasource.DataSourceTransactionManager.doBegin(DataSourceTransactionManager.java:270) ~[spring-jdbc-7.0.9.jar:7.0.9]
	... 12 common frames omitted
Caused by: java.lang.InterruptedException
	at java.base/java.util.concurrent.SynchronousQueue.poll(SynchronousQueue.java:340) ~[na:na]
	at com.zaxxer.hikari.util.ConcurrentBag.borrow(ConcurrentBag.java:163) ~[HikariCP-7.0.2.jar:na]
	at com.zaxxer.hikari.pool.HikariPool.getConnection(HikariPool.java:160) ~[HikariCP-7.0.2.jar:na]
	... 15 common frames omitted

2026-09-09T07:38:27.104Z  INFO 241471 --- [kivvi-click] [ionShutdownHook] com.zaxxer.hikari.HikariDataSource       : HikariPool-8 - Shutdown completed.
2026-09-09T07:38:27.106Z  INFO 241471 --- [kivvi-click] [ionShutdownHook] o.s.boot.tomcat.GracefulShutdown         : Commencing graceful shutdown. Waiting for active requests to complete
2026-09-09T07:38:27.108Z  INFO 241471 --- [kivvi-click] [tomcat-shutdown] o.s.boot.tomcat.GracefulShutdown         : Graceful shutdown complete
2026-09-09T07:38:27.109Z  INFO 241471 --- [kivvi-click] [ionShutdownHook] com.zaxxer.hikari.HikariDataSource       : HikariPool-9 - Shutdown initiated...
2026-09-09T07:38:27.109Z ERROR 241471 --- [kivvi-click] [pring-session-1] o.s.s.s.TaskUtils$LoggingErrorHandler    : Unexpected error occurred in scheduled task

org.springframework.transaction.CannotCreateTransactionException: Could not open JDBC Connection for transaction
	at org.springframework.jdbc.datasource.DataSourceTransactionManager.doBegin(DataSourceTransactionManager.java:319) ~[spring-jdbc-7.0.9.jar:7.0.9]
	at org.springframework.transaction.support.AbstractPlatformTransactionManager.startTransaction(AbstractPlatformTransactionManager.java:532) ~[spring-tx-7.0.9.jar:7.0.9]
	at org.springframework.transaction.support.AbstractPlatformTransactionManager.getTransaction(AbstractPlatformTransactionManager.java:405) ~[spring-tx-7.0.9.jar:7.0.9]
	at org.springframework.transaction.support.TransactionTemplate.execute(TransactionTemplate.java:134) ~[spring-tx-7.0.9.jar:7.0.9]
	at org.springframework.session.jdbc.JdbcIndexedSessionRepository.cleanUpExpiredSessions(JdbcIndexedSessionRepository.java:649) ~[spring-session-jdbc-4.1.1.jar:4.1.1]
	at org.springframework.scheduling.support.DelegatingErrorHandlingRunnable.run(DelegatingErrorHandlingRunnable.java:54) ~[spring-context-7.0.9.jar:7.0.9]
	at org.springframework.scheduling.concurrent.ReschedulingRunnable.run(ReschedulingRunnable.java:94) ~[spring-context-7.0.9.jar:7.0.9]
	at java.base/java.util.concurrent.Executors$RunnableAdapter.call(Executors.java:545) ~[na:na]
	at java.base/java.util.concurrent.FutureTask.run(FutureTask.java:328) ~[na:na]
	at java.base/java.util.concurrent.ScheduledThreadPoolExecutor$ScheduledFutureTask.run(ScheduledThreadPoolExecutor.java:309) ~[na:na]
	at java.base/java.util.concurrent.ThreadPoolExecutor.runWorker(ThreadPoolExecutor.java:1090) ~[na:na]
	at java.base/java.util.concurrent.ThreadPoolExecutor$Worker.run(ThreadPoolExecutor.java:614) ~[na:na]
	at java.base/java.lang.Thread.run(Thread.java:1474) ~[na:na]
Caused by: java.sql.SQLException: HikariPool-9 - Interrupted during connection acquisition
	at com.zaxxer.hikari.pool.HikariPool.getConnection(HikariPool.java:188) ~[HikariCP-7.0.2.jar:na]
	at com.zaxxer.hikari.pool.HikariPool.getConnection(HikariPool.java:142) ~[HikariCP-7.0.2.jar:na]
	at com.zaxxer.hikari.HikariDataSource.getConnection(HikariDataSource.java:127) ~[HikariCP-7.0.2.jar:na]
	at org.springframework.jdbc.datasource.DataSourceTransactionManager.doBegin(DataSourceTransactionManager.java:270) ~[spring-jdbc-7.0.9.jar:7.0.9]
	... 12 common frames omitted
Caused by: java.lang.InterruptedException
	at java.base/java.util.concurrent.SynchronousQueue.poll(SynchronousQueue.java:340) ~[na:na]
	at com.zaxxer.hikari.util.ConcurrentBag.borrow(ConcurrentBag.java:163) ~[HikariCP-7.0.2.jar:na]
	at com.zaxxer.hikari.pool.HikariPool.getConnection(HikariPool.java:160) ~[HikariCP-7.0.2.jar:na]
	... 15 common frames omitted

2026-09-09T07:38:29.120Z  INFO 241471 --- [kivvi-click] [ionShutdownHook] com.zaxxer.hikari.HikariDataSource       : HikariPool-9 - Shutdown completed.
2026-09-09T07:38:29.123Z  INFO 241471 --- [kivvi-click] [ionShutdownHook] o.s.boot.tomcat.GracefulShutdown         : Commencing graceful shutdown. Waiting for active requests to complete
2026-09-09T07:38:29.125Z  INFO 241471 --- [kivvi-click] [tomcat-shutdown] o.s.boot.tomcat.GracefulShutdown         : Graceful shutdown complete
2026-09-09T07:38:29.126Z  INFO 241471 --- [kivvi-click] [ionShutdownHook] com.zaxxer.hikari.HikariDataSource       : HikariPool-10 - Shutdown initiated...
2026-09-09T07:38:29.126Z ERROR 241471 --- [kivvi-click] [pring-session-1] o.s.s.s.TaskUtils$LoggingErrorHandler    : Unexpected error occurred in scheduled task

org.springframework.transaction.CannotCreateTransactionException: Could not open JDBC Connection for transaction
	at org.springframework.jdbc.datasource.DataSourceTransactionManager.doBegin(DataSourceTransactionManager.java:319) ~[spring-jdbc-7.0.9.jar:7.0.9]
	at org.springframework.transaction.support.AbstractPlatformTransactionManager.startTransaction(AbstractPlatformTransactionManager.java:532) ~[spring-tx-7.0.9.jar:7.0.9]
	at org.springframework.transaction.support.AbstractPlatformTransactionManager.getTransaction(AbstractPlatformTransactionManager.java:405) ~[spring-tx-7.0.9.jar:7.0.9]
	at org.springframework.transaction.support.TransactionTemplate.execute(TransactionTemplate.java:134) ~[spring-tx-7.0.9.jar:7.0.9]
	at org.springframework.session.jdbc.JdbcIndexedSessionRepository.cleanUpExpiredSessions(JdbcIndexedSessionRepository.java:649) ~[spring-session-jdbc-4.1.1.jar:4.1.1]
	at org.springframework.scheduling.support.DelegatingErrorHandlingRunnable.run(DelegatingErrorHandlingRunnable.java:54) ~[spring-context-7.0.9.jar:7.0.9]
	at org.springframework.scheduling.concurrent.ReschedulingRunnable.run(ReschedulingRunnable.java:94) ~[spring-context-7.0.9.jar:7.0.9]
	at java.base/java.util.concurrent.Executors$RunnableAdapter.call(Executors.java:545) ~[na:na]
	at java.base/java.util.concurrent.FutureTask.run(FutureTask.java:328) ~[na:na]
	at java.base/java.util.concurrent.ScheduledThreadPoolExecutor$ScheduledFutureTask.run(ScheduledThreadPoolExecutor.java:309) ~[na:na]
	at java.base/java.util.concurrent.ThreadPoolExecutor.runWorker(ThreadPoolExecutor.java:1090) ~[na:na]
	at java.base/java.util.concurrent.ThreadPoolExecutor$Worker.run(ThreadPoolExecutor.java:614) ~[na:na]
	at java.base/java.lang.Thread.run(Thread.java:1474) ~[na:na]
Caused by: java.sql.SQLException: HikariPool-10 - Interrupted during connection acquisition
	at com.zaxxer.hikari.pool.HikariPool.getConnection(HikariPool.java:188) ~[HikariCP-7.0.2.jar:na]
	at com.zaxxer.hikari.pool.HikariPool.getConnection(HikariPool.java:142) ~[HikariCP-7.0.2.jar:na]
	at com.zaxxer.hikari.HikariDataSource.getConnection(HikariDataSource.java:127) ~[HikariCP-7.0.2.jar:na]
	at org.springframework.jdbc.datasource.DataSourceTransactionManager.doBegin(DataSourceTransactionManager.java:270) ~[spring-jdbc-7.0.9.jar:7.0.9]
	... 12 common frames omitted
Caused by: java.lang.InterruptedException
	at java.base/java.util.concurrent.SynchronousQueue.poll(SynchronousQueue.java:340) ~[na:na]
	at com.zaxxer.hikari.util.ConcurrentBag.borrow(ConcurrentBag.java:163) ~[HikariCP-7.0.2.jar:na]
	at com.zaxxer.hikari.pool.HikariPool.getConnection(HikariPool.java:160) ~[HikariCP-7.0.2.jar:na]
	... 15 common frames omitted

2026-09-09T07:38:30.002Z ERROR 241471 --- [kivvi-click] [pring-session-1] o.s.s.s.TaskUtils$LoggingErrorHandler    : Unexpected error occurred in scheduled task

org.springframework.transaction.CannotCreateTransactionException: Could not open JDBC Connection for transaction
	at org.springframework.jdbc.datasource.DataSourceTransactionManager.doBegin(DataSourceTransactionManager.java:319) ~[spring-jdbc-7.0.9.jar:7.0.9]
	at org.springframework.transaction.support.AbstractPlatformTransactionManager.startTransaction(AbstractPlatformTransactionManager.java:532) ~[spring-tx-7.0.9.jar:7.0.9]
	at org.springframework.transaction.support.AbstractPlatformTransactionManager.getTransaction(AbstractPlatformTransactionManager.java:405) ~[spring-tx-7.0.9.jar:7.0.9]
	at org.springframework.transaction.support.TransactionTemplate.execute(TransactionTemplate.java:134) ~[spring-tx-7.0.9.jar:7.0.9]
	at org.springframework.session.jdbc.JdbcIndexedSessionRepository.cleanUpExpiredSessions(JdbcIndexedSessionRepository.java:649) ~[spring-session-jdbc-4.1.1.jar:4.1.1]
	at org.springframework.scheduling.support.DelegatingErrorHandlingRunnable.run(DelegatingErrorHandlingRunnable.java:54) ~[spring-context-7.0.9.jar:7.0.9]
	at org.springframework.scheduling.concurrent.ReschedulingRunnable.run(ReschedulingRunnable.java:94) ~[spring-context-7.0.9.jar:7.0.9]
	at java.base/java.util.concurrent.Executors$RunnableAdapter.call(Executors.java:545) ~[na:na]
	at java.base/java.util.concurrent.FutureTask.run(FutureTask.java:328) ~[na:na]
	at java.base/java.util.concurrent.ScheduledThreadPoolExecutor$ScheduledFutureTask.run(ScheduledThreadPoolExecutor.java:309) ~[na:na]
	at java.base/java.util.concurrent.ThreadPoolExecutor.runWorker(ThreadPoolExecutor.java:1090) ~[na:na]
	at java.base/java.util.concurrent.ThreadPoolExecutor$Worker.run(ThreadPoolExecutor.java:614) ~[na:na]
	at java.base/java.lang.Thread.run(Thread.java:1474) ~[na:na]
Caused by: java.sql.SQLTransientConnectionException: HikariPool-11 - Connection is not available, request timed out after 30000ms (total=0, active=0, idle=0, waiting=0)
	at com.zaxxer.hikari.pool.HikariPool.createTimeoutException(HikariPool.java:714) ~[HikariCP-7.0.2.jar:na]
	at com.zaxxer.hikari.pool.HikariPool.getConnection(HikariPool.java:184) ~[HikariCP-7.0.2.jar:na]
	at com.zaxxer.hikari.pool.HikariPool.getConnection(HikariPool.java:142) ~[HikariCP-7.0.2.jar:na]
	at com.zaxxer.hikari.HikariDataSource.getConnection(HikariDataSource.java:127) ~[HikariCP-7.0.2.jar:na]
	at org.springframework.jdbc.datasource.DataSourceTransactionManager.doBegin(DataSourceTransactionManager.java:270) ~[spring-jdbc-7.0.9.jar:7.0.9]
	... 12 common frames omitted
Caused by: org.postgresql.util.PSQLException: Connection to localhost:34673 refused. Check that the hostname and port are correct and that the postmaster is accepting TCP/IP connections.
	at org.postgresql.core.v3.ConnectionFactoryImpl.openConnectionImpl(ConnectionFactoryImpl.java:427) ~[postgresql-42.7.13.jar:42.7.13]
	at org.postgresql.core.ConnectionFactory.openConnection(ConnectionFactory.java:52) ~[postgresql-42.7.13.jar:42.7.13]
	at org.postgresql.jdbc.PgConnection.<init>(PgConnection.java:295) ~[postgresql-42.7.13.jar:42.7.13]
	at org.postgresql.Driver.makeConnection(Driver.java:437) ~[postgresql-42.7.13.jar:42.7.13]
	at org.postgresql.Driver.connect(Driver.java:305) ~[postgresql-42.7.13.jar:42.7.13]
	at com.zaxxer.hikari.util.DriverDataSource.getConnection(DriverDataSource.java:144) ~[HikariCP-7.0.2.jar:na]
	at com.zaxxer.hikari.pool.PoolBase.newConnection(PoolBase.java:373) ~[HikariCP-7.0.2.jar:na]
	at com.zaxxer.hikari.pool.PoolBase.newPoolEntry(PoolBase.java:210) ~[HikariCP-7.0.2.jar:na]
	at com.zaxxer.hikari.pool.HikariPool.createPoolEntry(HikariPool.java:488) ~[HikariCP-7.0.2.jar:na]
	at com.zaxxer.hikari.pool.HikariPool$PoolEntryCreator.call(HikariPool.java:752) ~[HikariCP-7.0.2.jar:na]
	at com.zaxxer.hikari.pool.HikariPool$PoolEntryCreator.call(HikariPool.java:731) ~[HikariCP-7.0.2.jar:na]
	at java.base/java.util.concurrent.FutureTask.run(FutureTask.java:328) ~[na:na]
	... 3 common frames omitted
Caused by: java.net.ConnectException: Connection refused (connect failed)
	at java.base/sun.nio.ch.Net.pollConnect(Native Method) ~[na:na]
	at java.base/sun.nio.ch.Net.pollConnectNow(Net.java:639) ~[na:na]
	at java.base/sun.nio.ch.NioSocketImpl.timedFinishConnect(NioSocketImpl.java:543) ~[na:na]
	at java.base/sun.nio.ch.NioSocketImpl.connect(NioSocketImpl.java:594) ~[na:na]
	at java.base/java.net.SocksSocketImpl.connect(SocksSocketImpl.java:284) ~[na:na]
	at java.base/java.net.Socket.connect(Socket.java:659) ~[na:na]
	at org.postgresql.core.PGStream.createSocket(PGStream.java:270) ~[postgresql-42.7.13.jar:42.7.13]
	at org.postgresql.core.PGStream.<init>(PGStream.java:131) ~[postgresql-42.7.13.jar:42.7.13]
	at org.postgresql.core.v3.ConnectionFactoryImpl.tryConnect(ConnectionFactoryImpl.java:221) ~[postgresql-42.7.13.jar:42.7.13]
	at org.postgresql.core.v3.ConnectionFactoryImpl.openConnectionImpl(ConnectionFactoryImpl.java:367) ~[postgresql-42.7.13.jar:42.7.13]
	... 14 common frames omitted

2026-09-09T07:38:31.139Z  INFO 241471 --- [kivvi-click] [ionShutdownHook] com.zaxxer.hikari.HikariDataSource       : HikariPool-10 - Shutdown completed.
2026-09-09T07:38:31.141Z  INFO 241471 --- [kivvi-click] [ionShutdownHook] o.s.boot.tomcat.GracefulShutdown         : Commencing graceful shutdown. Waiting for active requests to complete
2026-09-09T07:38:31.143Z  INFO 241471 --- [kivvi-click] [tomcat-shutdown] o.s.boot.tomcat.GracefulShutdown         : Graceful shutdown complete
2026-09-09T07:38:31.144Z  INFO 241471 --- [kivvi-click] [ionShutdownHook] com.zaxxer.hikari.HikariDataSource       : HikariPool-11 - Shutdown initiated...
2026-09-09T07:38:33.196Z  INFO 241471 --- [kivvi-click] [ionShutdownHook] com.zaxxer.hikari.HikariDataSource       : HikariPool-11 - Shutdown completed.
2026-09-09T07:38:33.198Z  INFO 241471 --- [kivvi-click] [ionShutdownHook] o.s.boot.tomcat.GracefulShutdown         : Commencing graceful shutdown. Waiting for active requests to complete
2026-09-09T07:38:33.200Z  INFO 241471 --- [kivvi-click] [tomcat-shutdown] o.s.boot.tomcat.GracefulShutdown         : Graceful shutdown complete
2026-09-09T07:38:33.201Z  INFO 241471 --- [kivvi-click] [ionShutdownHook] com.zaxxer.hikari.HikariDataSource       : HikariPool-12 - Shutdown initiated...
2026-09-09T07:38:35.121Z  INFO 241471 --- [kivvi-click] [ionShutdownHook] com.zaxxer.hikari.HikariDataSource       : HikariPool-12 - Shutdown completed.
2026-09-09T07:38:35.124Z  INFO 241471 --- [kivvi-click] [ionShutdownHook] o.s.boot.tomcat.GracefulShutdown         : Commencing graceful shutdown. Waiting for active requests to complete
2026-09-09T07:38:35.126Z  INFO 241471 --- [kivvi-click] [tomcat-shutdown] o.s.boot.tomcat.GracefulShutdown         : Graceful shutdown complete
2026-09-09T07:38:35.126Z  INFO 241471 --- [kivvi-click] [ionShutdownHook] com.zaxxer.hikari.HikariDataSource       : HikariPool-13 - Shutdown initiated...
2026-09-09T07:38:37.110Z  INFO 241471 --- [kivvi-click] [ionShutdownHook] com.zaxxer.hikari.HikariDataSource       : HikariPool-13 - Shutdown completed.
2026-09-09T07:38:37.113Z  INFO 241471 --- [kivvi-click] [ionShutdownHook] o.s.boot.tomcat.GracefulShutdown         : Commencing graceful shutdown. Waiting for active requests to complete
2026-09-09T07:38:37.115Z  INFO 241471 --- [kivvi-click] [tomcat-shutdown] o.s.boot.tomcat.GracefulShutdown         : Graceful shutdown complete
2026-09-09T07:38:37.116Z  INFO 241471 --- [kivvi-click] [ionShutdownHook] com.zaxxer.hikari.HikariDataSource       : HikariPool-14 - Shutdown initiated...
[ERROR] Surefire is going to kill self fork JVM. The exit has elapsed 30 seconds after System.exit(0).
