WARNING: A terminally deprecated method in sun.misc.Unsafe has been called
WARNING: sun.misc.Unsafe::staticFieldBase has been called by com.google.inject.internal.aop.HiddenClassDefiner (file:/home/muszkin/.m2/wrapper/dists/apache-maven-3.9.11/a2d47e15/lib/guice-5.1.0-classes.jar)
WARNING: Please consider reporting this to the maintainers of class com.google.inject.internal.aop.HiddenClassDefiner
WARNING: sun.misc.Unsafe::staticFieldBase will be removed in a future release
07:10:59.525 [main] INFO click.kivvi.infrastructure.scheduling.HeartbeatJob -- Scheduler heartbeat tick.
07:10:59.530 [main] INFO click.kivvi.infrastructure.tracking.EventDedupCleanupJob -- Event dedup cleanup removed 3 expired row(s).
07:10:59.720 [main] INFO com.tngtech.archunit.core.PluginLoader -- Detected Java version 25.0.4.1
07:11:05.938 [main] INFO org.springframework.test.context.support.AnnotationConfigContextLoaderUtils -- Could not detect default configuration classes for test class [click.kivvi.web.SettingsControllerTest]: SettingsControllerTest does not declare any static, non-private, non-final, nested classes annotated with @Configuration.
07:11:06.988 [main] INFO org.springframework.boot.test.context.SpringBootTestContextBootstrapper -- Found @SpringBootConfiguration click.kivvi.KivviApplication for test class click.kivvi.web.SettingsControllerTest
07:11:06.993 [main] INFO org.springframework.test.context.support.AnnotationConfigContextLoaderUtils -- Could not detect default configuration classes for test class [click.kivvi.web.SettingsControllerTest]: SettingsControllerTest does not declare any static, non-private, non-final, nested classes annotated with @Configuration.
07:11:07.105 [main] INFO org.springframework.boot.test.context.SpringBootTestContextBootstrapper -- Found @SpringBootConfiguration click.kivvi.KivviApplication for test class click.kivvi.web.SettingsControllerTest

  .   ____          _            __ _ _
 /\\ / ___'_ __ _ _(_)_ __  __ _ \ \ \ \
( ( )\___ | '_ | '_| | '_ \/ _` | \ \ \ \
 \\/  ___)| |_)| | | | | || (_| |  ) ) ) )
  '  |____| .__|_| |_|_| |_\__, | / / / /
 =========|_|==============|___/=/_/_/_/

 :: Spring Boot ::                (v4.1.1)

2026-09-09T07:11:08.193Z  INFO 84595 --- [kivvi-click] [           main] click.kivvi.web.SettingsControllerTest   : Starting SettingsControllerTest using Java 25.0.4.1 with PID 84595 (started by muszkin in /home/muszkin/work/kivvi-click-wt/verify-wave-4-integration/backend)
2026-09-09T07:11:08.195Z  INFO 84595 --- [kivvi-click] [           main] click.kivvi.web.SettingsControllerTest   : No active profile set, falling back to 1 default profile: "default"
2026-09-09T07:11:08.989Z  INFO 84595 --- [kivvi-click] [           main] o.s.b.w.a.WelcomePageHandlerMapping      : Adding welcome page: class path resource [static/index.html]
2026-09-09T07:11:09.214Z  INFO 84595 --- [kivvi-click] [           main] o.s.b.t.m.w.SpringBootMockServletContext : Initializing Spring TestDispatcherServlet ''
2026-09-09T07:11:09.214Z  INFO 84595 --- [kivvi-click] [           main] o.s.t.web.servlet.TestDispatcherServlet  : Initializing Servlet ''
2026-09-09T07:11:09.216Z  INFO 84595 --- [kivvi-click] [           main] o.s.t.web.servlet.TestDispatcherServlet  : Completed initialization in 2 ms
2026-09-09T07:11:09.242Z  INFO 84595 --- [kivvi-click] [           main] click.kivvi.web.SettingsControllerTest   : Started SettingsControllerTest in 1.922 seconds (process running for 11.356)
OpenJDK 64-Bit Server VM warning: Sharing is only supported for boot loader classes because bootstrap classpath has been appended
2026-09-09T07:11:09.936Z  INFO 84595 --- [kivvi-click] [           main] t.c.s.AnnotationConfigContextLoaderUtils : Could not detect default configuration classes for test class [click.kivvi.web.CampaignsControllerTest]: CampaignsControllerTest does not declare any static, non-private, non-final, nested classes annotated with @Configuration.
2026-09-09T07:11:09.943Z  INFO 84595 --- [kivvi-click] [           main] .b.t.c.SpringBootTestContextBootstrapper : Found @SpringBootConfiguration click.kivvi.KivviApplication for test class click.kivvi.web.CampaignsControllerTest
2026-09-09T07:11:09.943Z  INFO 84595 --- [kivvi-click] [           main] t.c.s.AnnotationConfigContextLoaderUtils : Could not detect default configuration classes for test class [click.kivvi.web.CampaignsControllerTest]: CampaignsControllerTest does not declare any static, non-private, non-final, nested classes annotated with @Configuration.
2026-09-09T07:11:09.949Z  INFO 84595 --- [kivvi-click] [           main] .b.t.c.SpringBootTestContextBootstrapper : Found @SpringBootConfiguration click.kivvi.KivviApplication for test class click.kivvi.web.CampaignsControllerTest

  .   ____          _            __ _ _
 /\\ / ___'_ __ _ _(_)_ __  __ _ \ \ \ \
( ( )\___ | '_ | '_| | '_ \/ _` | \ \ \ \
 \\/  ___)| |_)| | | | | || (_| |  ) ) ) )
  '  |____| .__|_| |_|_| |_\__, | / / / /
 =========|_|==============|___/=/_/_/_/

 :: Spring Boot ::                (v4.1.1)

2026-09-09T07:11:09.980Z  INFO 84595 --- [kivvi-click] [           main] c.kivvi.web.CampaignsControllerTest      : Starting CampaignsControllerTest using Java 25.0.4.1 with PID 84595 (started by muszkin in /home/muszkin/work/kivvi-click-wt/verify-wave-4-integration/backend)
2026-09-09T07:11:09.980Z  INFO 84595 --- [kivvi-click] [           main] c.kivvi.web.CampaignsControllerTest      : No active profile set, falling back to 1 default profile: "default"
2026-09-09T07:11:10.191Z  INFO 84595 --- [kivvi-click] [           main] o.s.b.w.a.WelcomePageHandlerMapping      : Adding welcome page: class path resource [static/index.html]
2026-09-09T07:11:10.236Z  INFO 84595 --- [kivvi-click] [           main] o.s.b.t.m.w.SpringBootMockServletContext : Initializing Spring TestDispatcherServlet ''
2026-09-09T07:11:10.236Z  INFO 84595 --- [kivvi-click] [           main] o.s.t.web.servlet.TestDispatcherServlet  : Initializing Servlet ''
2026-09-09T07:11:10.237Z  INFO 84595 --- [kivvi-click] [           main] o.s.t.web.servlet.TestDispatcherServlet  : Completed initialization in 1 ms
2026-09-09T07:11:10.245Z  INFO 84595 --- [kivvi-click] [           main] c.kivvi.web.CampaignsControllerTest      : Started CampaignsControllerTest in 0.291 seconds (process running for 12.359)
2026-09-09T07:11:10.321Z  INFO 84595 --- [kivvi-click] [           main] .b.t.c.SpringBootTestContextBootstrapper : Found @SpringBootConfiguration click.kivvi.KivviApplication for test class click.kivvi.web.CollectControllerTest
2026-09-09T07:11:10.326Z  INFO 84595 --- [kivvi-click] [           main] .b.t.c.SpringBootTestContextBootstrapper : Found @SpringBootConfiguration click.kivvi.KivviApplication for test class click.kivvi.web.CollectControllerTest

  .   ____          _            __ _ _
 /\\ / ___'_ __ _ _(_)_ __  __ _ \ \ \ \
( ( )\___ | '_ | '_| | '_ \/ _` | \ \ \ \
 \\/  ___)| |_)| | | | | || (_| |  ) ) ) )
  '  |____| .__|_| |_|_| |_\__, | / / / /
 =========|_|==============|___/=/_/_/_/

 :: Spring Boot ::                (v4.1.1)

2026-09-09T07:11:10.357Z  INFO 84595 --- [kivvi-click] [           main] click.kivvi.web.CollectControllerTest    : Starting CollectControllerTest using Java 25.0.4.1 with PID 84595 (started by muszkin in /home/muszkin/work/kivvi-click-wt/verify-wave-4-integration/backend)
2026-09-09T07:11:10.358Z  INFO 84595 --- [kivvi-click] [           main] click.kivvi.web.CollectControllerTest    : No active profile set, falling back to 1 default profile: "default"
2026-09-09T07:11:10.584Z  INFO 84595 --- [kivvi-click] [           main] o.s.b.w.a.WelcomePageHandlerMapping      : Adding welcome page: class path resource [static/index.html]
2026-09-09T07:11:10.610Z  INFO 84595 --- [kivvi-click] [           main] o.s.b.t.m.w.SpringBootMockServletContext : Initializing Spring TestDispatcherServlet ''
2026-09-09T07:11:10.610Z  INFO 84595 --- [kivvi-click] [           main] o.s.t.web.servlet.TestDispatcherServlet  : Initializing Servlet ''
2026-09-09T07:11:10.611Z  INFO 84595 --- [kivvi-click] [           main] o.s.t.web.servlet.TestDispatcherServlet  : Completed initialization in 1 ms
2026-09-09T07:11:10.619Z  INFO 84595 --- [kivvi-click] [           main] click.kivvi.web.CollectControllerTest    : Started CollectControllerTest in 0.289 seconds (process running for 12.733)
2026-09-09T07:11:10.742Z  INFO 84595 --- [kivvi-click] [           main] t.c.s.AnnotationConfigContextLoaderUtils : Could not detect default configuration classes for test class [click.kivvi.web.AutomationsControllerTest]: AutomationsControllerTest does not declare any static, non-private, non-final, nested classes annotated with @Configuration.
2026-09-09T07:11:10.749Z  INFO 84595 --- [kivvi-click] [           main] .b.t.c.SpringBootTestContextBootstrapper : Found @SpringBootConfiguration click.kivvi.KivviApplication for test class click.kivvi.web.AutomationsControllerTest
2026-09-09T07:11:10.749Z  INFO 84595 --- [kivvi-click] [           main] t.c.s.AnnotationConfigContextLoaderUtils : Could not detect default configuration classes for test class [click.kivvi.web.AutomationsControllerTest]: AutomationsControllerTest does not declare any static, non-private, non-final, nested classes annotated with @Configuration.
2026-09-09T07:11:10.754Z  INFO 84595 --- [kivvi-click] [           main] .b.t.c.SpringBootTestContextBootstrapper : Found @SpringBootConfiguration click.kivvi.KivviApplication for test class click.kivvi.web.AutomationsControllerTest

  .   ____          _            __ _ _
 /\\ / ___'_ __ _ _(_)_ __  __ _ \ \ \ \
( ( )\___ | '_ | '_| | '_ \/ _` | \ \ \ \
 \\/  ___)| |_)| | | | | || (_| |  ) ) ) )
  '  |____| .__|_| |_|_| |_\__, | / / / /
 =========|_|==============|___/=/_/_/_/

 :: Spring Boot ::                (v4.1.1)

2026-09-09T07:11:10.782Z  INFO 84595 --- [kivvi-click] [           main] c.kivvi.web.AutomationsControllerTest    : Starting AutomationsControllerTest using Java 25.0.4.1 with PID 84595 (started by muszkin in /home/muszkin/work/kivvi-click-wt/verify-wave-4-integration/backend)
2026-09-09T07:11:10.783Z  INFO 84595 --- [kivvi-click] [           main] c.kivvi.web.AutomationsControllerTest    : No active profile set, falling back to 1 default profile: "default"
2026-09-09T07:11:10.975Z  INFO 84595 --- [kivvi-click] [           main] o.s.b.w.a.WelcomePageHandlerMapping      : Adding welcome page: class path resource [static/index.html]
2026-09-09T07:11:11.022Z  INFO 84595 --- [kivvi-click] [           main] o.s.b.t.m.w.SpringBootMockServletContext : Initializing Spring TestDispatcherServlet ''
2026-09-09T07:11:11.023Z  INFO 84595 --- [kivvi-click] [           main] o.s.t.web.servlet.TestDispatcherServlet  : Initializing Servlet ''
2026-09-09T07:11:11.024Z  INFO 84595 --- [kivvi-click] [           main] o.s.t.web.servlet.TestDispatcherServlet  : Completed initialization in 1 ms
2026-09-09T07:11:11.033Z  INFO 84595 --- [kivvi-click] [           main] c.kivvi.web.AutomationsControllerTest    : Started AutomationsControllerTest in 0.276 seconds (process running for 13.147)
2026-09-09T07:11:11.149Z  INFO 84595 --- [kivvi-click] [           main] t.c.s.AnnotationConfigContextLoaderUtils : Could not detect default configuration classes for test class [click.kivvi.web.FeedsControllerTest]: FeedsControllerTest does not declare any static, non-private, non-final, nested classes annotated with @Configuration.
2026-09-09T07:11:11.157Z  INFO 84595 --- [kivvi-click] [           main] .b.t.c.SpringBootTestContextBootstrapper : Found @SpringBootConfiguration click.kivvi.KivviApplication for test class click.kivvi.web.FeedsControllerTest
2026-09-09T07:11:11.159Z  INFO 84595 --- [kivvi-click] [           main] t.c.s.AnnotationConfigContextLoaderUtils : Could not detect default configuration classes for test class [click.kivvi.web.FeedsControllerTest]: FeedsControllerTest does not declare any static, non-private, non-final, nested classes annotated with @Configuration.
2026-09-09T07:11:11.175Z  INFO 84595 --- [kivvi-click] [           main] .b.t.c.SpringBootTestContextBootstrapper : Found @SpringBootConfiguration click.kivvi.KivviApplication for test class click.kivvi.web.FeedsControllerTest

  .   ____          _            __ _ _
 /\\ / ___'_ __ _ _(_)_ __  __ _ \ \ \ \
( ( )\___ | '_ | '_| | '_ \/ _` | \ \ \ \
 \\/  ___)| |_)| | | | | || (_| |  ) ) ) )
  '  |____| .__|_| |_|_| |_\__, | / / / /
 =========|_|==============|___/=/_/_/_/

 :: Spring Boot ::                (v4.1.1)

2026-09-09T07:11:11.202Z  INFO 84595 --- [kivvi-click] [           main] click.kivvi.web.FeedsControllerTest      : Starting FeedsControllerTest using Java 25.0.4.1 with PID 84595 (started by muszkin in /home/muszkin/work/kivvi-click-wt/verify-wave-4-integration/backend)
2026-09-09T07:11:11.202Z  INFO 84595 --- [kivvi-click] [           main] click.kivvi.web.FeedsControllerTest      : No active profile set, falling back to 1 default profile: "default"
2026-09-09T07:11:11.343Z  INFO 84595 --- [kivvi-click] [           main] o.s.b.w.a.WelcomePageHandlerMapping      : Adding welcome page: class path resource [static/index.html]
2026-09-09T07:11:11.379Z  INFO 84595 --- [kivvi-click] [           main] o.s.b.t.m.w.SpringBootMockServletContext : Initializing Spring TestDispatcherServlet ''
2026-09-09T07:11:11.379Z  INFO 84595 --- [kivvi-click] [           main] o.s.t.web.servlet.TestDispatcherServlet  : Initializing Servlet ''
2026-09-09T07:11:11.380Z  INFO 84595 --- [kivvi-click] [           main] o.s.t.web.servlet.TestDispatcherServlet  : Completed initialization in 1 ms
2026-09-09T07:11:11.385Z  INFO 84595 --- [kivvi-click] [           main] click.kivvi.web.FeedsControllerTest      : Started FeedsControllerTest in 0.205 seconds (process running for 13.5)
2026-09-09T07:11:11.417Z  INFO 84595 --- [kivvi-click] [           main] t.c.s.AnnotationConfigContextLoaderUtils : Could not detect default configuration classes for test class [click.kivvi.web.WidgetControllerTest]: WidgetControllerTest does not declare any static, non-private, non-final, nested classes annotated with @Configuration.
2026-09-09T07:11:11.423Z  INFO 84595 --- [kivvi-click] [           main] .b.t.c.SpringBootTestContextBootstrapper : Found @SpringBootConfiguration click.kivvi.KivviApplication for test class click.kivvi.web.WidgetControllerTest
2026-09-09T07:11:11.423Z  INFO 84595 --- [kivvi-click] [           main] t.c.s.AnnotationConfigContextLoaderUtils : Could not detect default configuration classes for test class [click.kivvi.web.WidgetControllerTest]: WidgetControllerTest does not declare any static, non-private, non-final, nested classes annotated with @Configuration.
2026-09-09T07:11:11.428Z  INFO 84595 --- [kivvi-click] [           main] .b.t.c.SpringBootTestContextBootstrapper : Found @SpringBootConfiguration click.kivvi.KivviApplication for test class click.kivvi.web.WidgetControllerTest

  .   ____          _            __ _ _
 /\\ / ___'_ __ _ _(_)_ __  __ _ \ \ \ \
( ( )\___ | '_ | '_| | '_ \/ _` | \ \ \ \
 \\/  ___)| |_)| | | | | || (_| |  ) ) ) )
  '  |____| .__|_| |_|_| |_\__, | / / / /
 =========|_|==============|___/=/_/_/_/

 :: Spring Boot ::                (v4.1.1)

2026-09-09T07:11:11.451Z  INFO 84595 --- [kivvi-click] [           main] click.kivvi.web.WidgetControllerTest     : Starting WidgetControllerTest using Java 25.0.4.1 with PID 84595 (started by muszkin in /home/muszkin/work/kivvi-click-wt/verify-wave-4-integration/backend)
2026-09-09T07:11:11.452Z  INFO 84595 --- [kivvi-click] [           main] click.kivvi.web.WidgetControllerTest     : No active profile set, falling back to 1 default profile: "default"
2026-09-09T07:11:11.572Z  INFO 84595 --- [kivvi-click] [           main] o.s.b.w.a.WelcomePageHandlerMapping      : Adding welcome page: class path resource [static/index.html]
2026-09-09T07:11:11.601Z  INFO 84595 --- [kivvi-click] [           main] o.s.b.t.m.w.SpringBootMockServletContext : Initializing Spring TestDispatcherServlet ''
2026-09-09T07:11:11.601Z  INFO 84595 --- [kivvi-click] [           main] o.s.t.web.servlet.TestDispatcherServlet  : Initializing Servlet ''
2026-09-09T07:11:11.602Z  INFO 84595 --- [kivvi-click] [           main] o.s.t.web.servlet.TestDispatcherServlet  : Completed initialization in 1 ms
2026-09-09T07:11:11.607Z  INFO 84595 --- [kivvi-click] [           main] click.kivvi.web.WidgetControllerTest     : Started WidgetControllerTest in 0.176 seconds (process running for 13.721)
2026-09-09T07:11:11.677Z  INFO 84595 --- [kivvi-click] [           main] t.c.s.AnnotationConfigContextLoaderUtils : Could not detect default configuration classes for test class [click.kivvi.web.LoginControllerTest]: LoginControllerTest does not declare any static, non-private, non-final, nested classes annotated with @Configuration.
2026-09-09T07:11:11.682Z  INFO 84595 --- [kivvi-click] [           main] .b.t.c.SpringBootTestContextBootstrapper : Found @SpringBootConfiguration click.kivvi.KivviApplication for test class click.kivvi.web.LoginControllerTest
2026-09-09T07:11:11.683Z  INFO 84595 --- [kivvi-click] [           main] t.c.s.AnnotationConfigContextLoaderUtils : Could not detect default configuration classes for test class [click.kivvi.web.LoginControllerTest]: LoginControllerTest does not declare any static, non-private, non-final, nested classes annotated with @Configuration.
2026-09-09T07:11:11.687Z  INFO 84595 --- [kivvi-click] [           main] .b.t.c.SpringBootTestContextBootstrapper : Found @SpringBootConfiguration click.kivvi.KivviApplication for test class click.kivvi.web.LoginControllerTest

  .   ____          _            __ _ _
 /\\ / ___'_ __ _ _(_)_ __  __ _ \ \ \ \
( ( )\___ | '_ | '_| | '_ \/ _` | \ \ \ \
 \\/  ___)| |_)| | | | | || (_| |  ) ) ) )
  '  |____| .__|_| |_|_| |_\__, | / / / /
 =========|_|==============|___/=/_/_/_/

 :: Spring Boot ::                (v4.1.1)

2026-09-09T07:11:11.707Z  INFO 84595 --- [kivvi-click] [           main] click.kivvi.web.LoginControllerTest      : Starting LoginControllerTest using Java 25.0.4.1 with PID 84595 (started by muszkin in /home/muszkin/work/kivvi-click-wt/verify-wave-4-integration/backend)
2026-09-09T07:11:11.707Z  INFO 84595 --- [kivvi-click] [           main] click.kivvi.web.LoginControllerTest      : No active profile set, falling back to 1 default profile: "default"
2026-09-09T07:11:11.796Z  INFO 84595 --- [kivvi-click] [           main] o.s.b.w.a.WelcomePageHandlerMapping      : Adding welcome page: class path resource [static/index.html]
2026-09-09T07:11:11.825Z  INFO 84595 --- [kivvi-click] [           main] o.s.b.t.m.w.SpringBootMockServletContext : Initializing Spring TestDispatcherServlet ''
2026-09-09T07:11:11.826Z  INFO 84595 --- [kivvi-click] [           main] o.s.t.web.servlet.TestDispatcherServlet  : Initializing Servlet ''
2026-09-09T07:11:11.826Z  INFO 84595 --- [kivvi-click] [           main] o.s.t.web.servlet.TestDispatcherServlet  : Completed initialization in 0 ms
2026-09-09T07:11:11.832Z  INFO 84595 --- [kivvi-click] [           main] click.kivvi.web.LoginControllerTest      : Started LoginControllerTest in 0.142 seconds (process running for 13.947)
2026-09-09T07:11:11.860Z  INFO 84595 --- [kivvi-click] [           main] t.c.s.AnnotationConfigContextLoaderUtils : Could not detect default configuration classes for test class [click.kivvi.web.ImportUploadControllerTest]: ImportUploadControllerTest does not declare any static, non-private, non-final, nested classes annotated with @Configuration.
2026-09-09T07:11:11.868Z  INFO 84595 --- [kivvi-click] [           main] .b.t.c.SpringBootTestContextBootstrapper : Found @SpringBootConfiguration click.kivvi.KivviApplication for test class click.kivvi.web.ImportUploadControllerTest
2026-09-09T07:11:11.868Z  INFO 84595 --- [kivvi-click] [           main] t.c.s.AnnotationConfigContextLoaderUtils : Could not detect default configuration classes for test class [click.kivvi.web.ImportUploadControllerTest]: ImportUploadControllerTest does not declare any static, non-private, non-final, nested classes annotated with @Configuration.
2026-09-09T07:11:11.872Z  INFO 84595 --- [kivvi-click] [           main] .b.t.c.SpringBootTestContextBootstrapper : Found @SpringBootConfiguration click.kivvi.KivviApplication for test class click.kivvi.web.ImportUploadControllerTest

  .   ____          _            __ _ _
 /\\ / ___'_ __ _ _(_)_ __  __ _ \ \ \ \
( ( )\___ | '_ | '_| | '_ \/ _` | \ \ \ \
 \\/  ___)| |_)| | | | | || (_| |  ) ) ) )
  '  |____| .__|_| |_|_| |_\__, | / / / /
 =========|_|==============|___/=/_/_/_/

 :: Spring Boot ::                (v4.1.1)

2026-09-09T07:11:11.889Z  INFO 84595 --- [kivvi-click] [           main] c.kivvi.web.ImportUploadControllerTest   : Starting ImportUploadControllerTest using Java 25.0.4.1 with PID 84595 (started by muszkin in /home/muszkin/work/kivvi-click-wt/verify-wave-4-integration/backend)
2026-09-09T07:11:11.889Z  INFO 84595 --- [kivvi-click] [           main] c.kivvi.web.ImportUploadControllerTest   : No active profile set, falling back to 1 default profile: "default"
2026-09-09T07:11:11.995Z  INFO 84595 --- [kivvi-click] [           main] o.s.b.w.a.WelcomePageHandlerMapping      : Adding welcome page: class path resource [static/index.html]
2026-09-09T07:11:12.038Z  INFO 84595 --- [kivvi-click] [           main] o.s.b.t.m.w.SpringBootMockServletContext : Initializing Spring TestDispatcherServlet ''
2026-09-09T07:11:12.039Z  INFO 84595 --- [kivvi-click] [           main] o.s.t.web.servlet.TestDispatcherServlet  : Initializing Servlet ''
2026-09-09T07:11:12.040Z  INFO 84595 --- [kivvi-click] [           main] o.s.t.web.servlet.TestDispatcherServlet  : Completed initialization in 1 ms
2026-09-09T07:11:12.044Z  INFO 84595 --- [kivvi-click] [           main] c.kivvi.web.ImportUploadControllerTest   : Started ImportUploadControllerTest in 0.17 seconds (process running for 14.159)
2026-09-09T07:11:12.069Z  INFO 84595 --- [kivvi-click] [           main] t.c.s.AnnotationConfigContextLoaderUtils : Could not detect default configuration classes for test class [click.kivvi.web.ImportControllerTest]: ImportControllerTest does not declare any static, non-private, non-final, nested classes annotated with @Configuration.
2026-09-09T07:11:12.074Z  INFO 84595 --- [kivvi-click] [           main] .b.t.c.SpringBootTestContextBootstrapper : Found @SpringBootConfiguration click.kivvi.KivviApplication for test class click.kivvi.web.ImportControllerTest
2026-09-09T07:11:12.075Z  INFO 84595 --- [kivvi-click] [           main] t.c.s.AnnotationConfigContextLoaderUtils : Could not detect default configuration classes for test class [click.kivvi.web.ImportControllerTest]: ImportControllerTest does not declare any static, non-private, non-final, nested classes annotated with @Configuration.
2026-09-09T07:11:12.080Z  INFO 84595 --- [kivvi-click] [           main] .b.t.c.SpringBootTestContextBootstrapper : Found @SpringBootConfiguration click.kivvi.KivviApplication for test class click.kivvi.web.ImportControllerTest

  .   ____          _            __ _ _
 /\\ / ___'_ __ _ _(_)_ __  __ _ \ \ \ \
( ( )\___ | '_ | '_| | '_ \/ _` | \ \ \ \
 \\/  ___)| |_)| | | | | || (_| |  ) ) ) )
  '  |____| .__|_| |_|_| |_\__, | / / / /
 =========|_|==============|___/=/_/_/_/

 :: Spring Boot ::                (v4.1.1)

2026-09-09T07:11:12.107Z  INFO 84595 --- [kivvi-click] [           main] click.kivvi.web.ImportControllerTest     : Starting ImportControllerTest using Java 25.0.4.1 with PID 84595 (started by muszkin in /home/muszkin/work/kivvi-click-wt/verify-wave-4-integration/backend)
2026-09-09T07:11:12.107Z  INFO 84595 --- [kivvi-click] [           main] click.kivvi.web.ImportControllerTest     : No active profile set, falling back to 1 default profile: "default"
2026-09-09T07:11:12.244Z  INFO 84595 --- [kivvi-click] [           main] o.s.b.w.a.WelcomePageHandlerMapping      : Adding welcome page: class path resource [static/index.html]
2026-09-09T07:11:12.278Z  INFO 84595 --- [kivvi-click] [           main] o.s.b.t.m.w.SpringBootMockServletContext : Initializing Spring TestDispatcherServlet ''
2026-09-09T07:11:12.279Z  INFO 84595 --- [kivvi-click] [           main] o.s.t.web.servlet.TestDispatcherServlet  : Initializing Servlet ''
2026-09-09T07:11:12.279Z  INFO 84595 --- [kivvi-click] [           main] o.s.t.web.servlet.TestDispatcherServlet  : Completed initialization in 0 ms
2026-09-09T07:11:12.285Z  INFO 84595 --- [kivvi-click] [           main] click.kivvi.web.ImportControllerTest     : Started ImportControllerTest in 0.201 seconds (process running for 14.4)
2026-09-09T07:11:12.395Z  INFO 84595 --- [kivvi-click] [           main] t.c.s.AnnotationConfigContextLoaderUtils : Could not detect default configuration classes for test class [click.kivvi.web.CustomersControllerTest]: CustomersControllerTest does not declare any static, non-private, non-final, nested classes annotated with @Configuration.
2026-09-09T07:11:12.407Z  INFO 84595 --- [kivvi-click] [           main] .b.t.c.SpringBootTestContextBootstrapper : Found @SpringBootConfiguration click.kivvi.KivviApplication for test class click.kivvi.web.CustomersControllerTest
2026-09-09T07:11:12.408Z  INFO 84595 --- [kivvi-click] [           main] t.c.s.AnnotationConfigContextLoaderUtils : Could not detect default configuration classes for test class [click.kivvi.web.CustomersControllerTest]: CustomersControllerTest does not declare any static, non-private, non-final, nested classes annotated with @Configuration.
2026-09-09T07:11:12.417Z  INFO 84595 --- [kivvi-click] [           main] .b.t.c.SpringBootTestContextBootstrapper : Found @SpringBootConfiguration click.kivvi.KivviApplication for test class click.kivvi.web.CustomersControllerTest

  .   ____          _            __ _ _
 /\\ / ___'_ __ _ _(_)_ __  __ _ \ \ \ \
( ( )\___ | '_ | '_| | '_ \/ _` | \ \ \ \
 \\/  ___)| |_)| | | | | || (_| |  ) ) ) )
  '  |____| .__|_| |_|_| |_\__, | / / / /
 =========|_|==============|___/=/_/_/_/

 :: Spring Boot ::                (v4.1.1)

2026-09-09T07:11:12.443Z  INFO 84595 --- [kivvi-click] [           main] c.kivvi.web.CustomersControllerTest      : Starting CustomersControllerTest using Java 25.0.4.1 with PID 84595 (started by muszkin in /home/muszkin/work/kivvi-click-wt/verify-wave-4-integration/backend)
2026-09-09T07:11:12.444Z  INFO 84595 --- [kivvi-click] [           main] c.kivvi.web.CustomersControllerTest      : No active profile set, falling back to 1 default profile: "default"
2026-09-09T07:11:12.626Z  INFO 84595 --- [kivvi-click] [           main] o.s.b.w.a.WelcomePageHandlerMapping      : Adding welcome page: class path resource [static/index.html]
2026-09-09T07:11:12.667Z  INFO 84595 --- [kivvi-click] [           main] o.s.b.t.m.w.SpringBootMockServletContext : Initializing Spring TestDispatcherServlet ''
2026-09-09T07:11:12.667Z  INFO 84595 --- [kivvi-click] [           main] o.s.t.web.servlet.TestDispatcherServlet  : Initializing Servlet ''
2026-09-09T07:11:12.668Z  INFO 84595 --- [kivvi-click] [           main] o.s.t.web.servlet.TestDispatcherServlet  : Completed initialization in 1 ms
2026-09-09T07:11:12.675Z  INFO 84595 --- [kivvi-click] [           main] c.kivvi.web.CustomersControllerTest      : Started CustomersControllerTest in 0.255 seconds (process running for 14.789)
2026-09-09T07:11:12.769Z  INFO 84595 --- [kivvi-click] [           main] t.c.s.AnnotationConfigContextLoaderUtils : Could not detect default configuration classes for test class [click.kivvi.web.LandingControllerTest]: LandingControllerTest does not declare any static, non-private, non-final, nested classes annotated with @Configuration.
2026-09-09T07:11:12.774Z  INFO 84595 --- [kivvi-click] [           main] .b.t.c.SpringBootTestContextBootstrapper : Found @SpringBootConfiguration click.kivvi.KivviApplication for test class click.kivvi.web.LandingControllerTest
2026-09-09T07:11:12.775Z  INFO 84595 --- [kivvi-click] [           main] t.c.s.AnnotationConfigContextLoaderUtils : Could not detect default configuration classes for test class [click.kivvi.web.LandingControllerTest]: LandingControllerTest does not declare any static, non-private, non-final, nested classes annotated with @Configuration.
2026-09-09T07:11:12.781Z  INFO 84595 --- [kivvi-click] [           main] .b.t.c.SpringBootTestContextBootstrapper : Found @SpringBootConfiguration click.kivvi.KivviApplication for test class click.kivvi.web.LandingControllerTest

  .   ____          _            __ _ _
 /\\ / ___'_ __ _ _(_)_ __  __ _ \ \ \ \
( ( )\___ | '_ | '_| | '_ \/ _` | \ \ \ \
 \\/  ___)| |_)| | | | | || (_| |  ) ) ) )
  '  |____| .__|_| |_|_| |_\__, | / / / /
 =========|_|==============|___/=/_/_/_/

 :: Spring Boot ::                (v4.1.1)

2026-09-09T07:11:12.811Z  INFO 84595 --- [kivvi-click] [           main] click.kivvi.web.LandingControllerTest    : Starting LandingControllerTest using Java 25.0.4.1 with PID 84595 (started by muszkin in /home/muszkin/work/kivvi-click-wt/verify-wave-4-integration/backend)
2026-09-09T07:11:12.811Z  INFO 84595 --- [kivvi-click] [           main] click.kivvi.web.LandingControllerTest    : No active profile set, falling back to 1 default profile: "default"
2026-09-09T07:11:12.924Z  INFO 84595 --- [kivvi-click] [           main] o.s.b.w.a.WelcomePageHandlerMapping      : Adding welcome page: class path resource [static/index.html]
2026-09-09T07:11:12.959Z  INFO 84595 --- [kivvi-click] [           main] o.s.b.t.m.w.SpringBootMockServletContext : Initializing Spring TestDispatcherServlet ''
2026-09-09T07:11:12.959Z  INFO 84595 --- [kivvi-click] [           main] o.s.t.web.servlet.TestDispatcherServlet  : Initializing Servlet ''
2026-09-09T07:11:12.960Z  INFO 84595 --- [kivvi-click] [           main] o.s.t.web.servlet.TestDispatcherServlet  : Completed initialization in 1 ms
2026-09-09T07:11:12.965Z  INFO 84595 --- [kivvi-click] [           main] click.kivvi.web.LandingControllerTest    : Started LandingControllerTest in 0.181 seconds (process running for 15.08)
2026-09-09T07:11:13.011Z  INFO 84595 --- [kivvi-click] [           main] t.c.s.AnnotationConfigContextLoaderUtils : Could not detect default configuration classes for test class [click.kivvi.web.EventsControllerTest]: EventsControllerTest does not declare any static, non-private, non-final, nested classes annotated with @Configuration.
2026-09-09T07:11:13.016Z  INFO 84595 --- [kivvi-click] [           main] .b.t.c.SpringBootTestContextBootstrapper : Found @SpringBootConfiguration click.kivvi.KivviApplication for test class click.kivvi.web.EventsControllerTest
2026-09-09T07:11:13.017Z  INFO 84595 --- [kivvi-click] [           main] t.c.s.AnnotationConfigContextLoaderUtils : Could not detect default configuration classes for test class [click.kivvi.web.EventsControllerTest]: EventsControllerTest does not declare any static, non-private, non-final, nested classes annotated with @Configuration.
2026-09-09T07:11:13.021Z  INFO 84595 --- [kivvi-click] [           main] .b.t.c.SpringBootTestContextBootstrapper : Found @SpringBootConfiguration click.kivvi.KivviApplication for test class click.kivvi.web.EventsControllerTest

  .   ____          _            __ _ _
 /\\ / ___'_ __ _ _(_)_ __  __ _ \ \ \ \
( ( )\___ | '_ | '_| | '_ \/ _` | \ \ \ \
 \\/  ___)| |_)| | | | | || (_| |  ) ) ) )
  '  |____| .__|_| |_|_| |_\__, | / / / /
 =========|_|==============|___/=/_/_/_/

 :: Spring Boot ::                (v4.1.1)

2026-09-09T07:11:13.039Z  INFO 84595 --- [kivvi-click] [           main] click.kivvi.web.EventsControllerTest     : Starting EventsControllerTest using Java 25.0.4.1 with PID 84595 (started by muszkin in /home/muszkin/work/kivvi-click-wt/verify-wave-4-integration/backend)
2026-09-09T07:11:13.040Z  INFO 84595 --- [kivvi-click] [           main] click.kivvi.web.EventsControllerTest     : No active profile set, falling back to 1 default profile: "default"
2026-09-09T07:11:13.144Z  INFO 84595 --- [kivvi-click] [           main] o.s.b.w.a.WelcomePageHandlerMapping      : Adding welcome page: class path resource [static/index.html]
2026-09-09T07:11:13.180Z  INFO 84595 --- [kivvi-click] [           main] o.s.b.t.m.w.SpringBootMockServletContext : Initializing Spring TestDispatcherServlet ''
2026-09-09T07:11:13.180Z  INFO 84595 --- [kivvi-click] [           main] o.s.t.web.servlet.TestDispatcherServlet  : Initializing Servlet ''
2026-09-09T07:11:13.181Z  INFO 84595 --- [kivvi-click] [           main] o.s.t.web.servlet.TestDispatcherServlet  : Completed initialization in 0 ms
2026-09-09T07:11:13.186Z  INFO 84595 --- [kivvi-click] [           main] click.kivvi.web.EventsControllerTest     : Started EventsControllerTest in 0.162 seconds (process running for 15.301)
2026-09-09T07:11:13.231Z  INFO 84595 --- [kivvi-click] [           main] t.c.s.AnnotationConfigContextLoaderUtils : Could not detect default configuration classes for test class [click.kivvi.web.DashboardControllerTest]: DashboardControllerTest does not declare any static, non-private, non-final, nested classes annotated with @Configuration.
2026-09-09T07:11:13.238Z  INFO 84595 --- [kivvi-click] [           main] .b.t.c.SpringBootTestContextBootstrapper : Found @SpringBootConfiguration click.kivvi.KivviApplication for test class click.kivvi.web.DashboardControllerTest
2026-09-09T07:11:13.239Z  INFO 84595 --- [kivvi-click] [           main] t.c.s.AnnotationConfigContextLoaderUtils : Could not detect default configuration classes for test class [click.kivvi.web.DashboardControllerTest]: DashboardControllerTest does not declare any static, non-private, non-final, nested classes annotated with @Configuration.
2026-09-09T07:11:13.244Z  INFO 84595 --- [kivvi-click] [           main] .b.t.c.SpringBootTestContextBootstrapper : Found @SpringBootConfiguration click.kivvi.KivviApplication for test class click.kivvi.web.DashboardControllerTest

  .   ____          _            __ _ _
 /\\ / ___'_ __ _ _(_)_ __  __ _ \ \ \ \
( ( )\___ | '_ | '_| | '_ \/ _` | \ \ \ \
 \\/  ___)| |_)| | | | | || (_| |  ) ) ) )
  '  |____| .__|_| |_|_| |_\__, | / / / /
 =========|_|==============|___/=/_/_/_/

 :: Spring Boot ::                (v4.1.1)

2026-09-09T07:11:13.273Z  INFO 84595 --- [kivvi-click] [           main] c.kivvi.web.DashboardControllerTest      : Starting DashboardControllerTest using Java 25.0.4.1 with PID 84595 (started by muszkin in /home/muszkin/work/kivvi-click-wt/verify-wave-4-integration/backend)
2026-09-09T07:11:13.273Z  INFO 84595 --- [kivvi-click] [           main] c.kivvi.web.DashboardControllerTest      : No active profile set, falling back to 1 default profile: "default"
2026-09-09T07:11:13.414Z  INFO 84595 --- [kivvi-click] [           main] o.s.b.w.a.WelcomePageHandlerMapping      : Adding welcome page: class path resource [static/index.html]
2026-09-09T07:11:13.450Z  INFO 84595 --- [kivvi-click] [           main] o.s.b.t.m.w.SpringBootMockServletContext : Initializing Spring TestDispatcherServlet ''
2026-09-09T07:11:13.451Z  INFO 84595 --- [kivvi-click] [           main] o.s.t.web.servlet.TestDispatcherServlet  : Initializing Servlet ''
2026-09-09T07:11:13.452Z  INFO 84595 --- [kivvi-click] [           main] o.s.t.web.servlet.TestDispatcherServlet  : Completed initialization in 1 ms
2026-09-09T07:11:13.457Z  INFO 84595 --- [kivvi-click] [           main] c.kivvi.web.DashboardControllerTest      : Started DashboardControllerTest in 0.21 seconds (process running for 15.572)
2026-09-09T07:11:13.513Z  INFO 84595 --- [kivvi-click] [           main] t.c.s.AnnotationConfigContextLoaderUtils : Could not detect default configuration classes for test class [click.kivvi.web.SpaDocumentControllerTest]: SpaDocumentControllerTest does not declare any static, non-private, non-final, nested classes annotated with @Configuration.
2026-09-09T07:11:13.519Z  INFO 84595 --- [kivvi-click] [           main] .b.t.c.SpringBootTestContextBootstrapper : Found @SpringBootConfiguration click.kivvi.KivviApplication for test class click.kivvi.web.SpaDocumentControllerTest
2026-09-09T07:11:13.520Z  INFO 84595 --- [kivvi-click] [           main] t.c.s.AnnotationConfigContextLoaderUtils : Could not detect default configuration classes for test class [click.kivvi.web.SpaDocumentControllerTest]: SpaDocumentControllerTest does not declare any static, non-private, non-final, nested classes annotated with @Configuration.
2026-09-09T07:11:13.525Z  INFO 84595 --- [kivvi-click] [           main] .b.t.c.SpringBootTestContextBootstrapper : Found @SpringBootConfiguration click.kivvi.KivviApplication for test class click.kivvi.web.SpaDocumentControllerTest

  .   ____          _            __ _ _
 /\\ / ___'_ __ _ _(_)_ __  __ _ \ \ \ \
( ( )\___ | '_ | '_| | '_ \/ _` | \ \ \ \
 \\/  ___)| |_)| | | | | || (_| |  ) ) ) )
  '  |____| .__|_| |_|_| |_\__, | / / / /
 =========|_|==============|___/=/_/_/_/

 :: Spring Boot ::                (v4.1.1)

2026-09-09T07:11:13.548Z  INFO 84595 --- [kivvi-click] [           main] c.kivvi.web.SpaDocumentControllerTest    : Starting SpaDocumentControllerTest using Java 25.0.4.1 with PID 84595 (started by muszkin in /home/muszkin/work/kivvi-click-wt/verify-wave-4-integration/backend)
2026-09-09T07:11:13.548Z  INFO 84595 --- [kivvi-click] [           main] c.kivvi.web.SpaDocumentControllerTest    : No active profile set, falling back to 1 default profile: "default"
2026-09-09T07:11:13.637Z  INFO 84595 --- [kivvi-click] [           main] o.s.b.w.a.WelcomePageHandlerMapping      : Adding welcome page: class path resource [static/index.html]
2026-09-09T07:11:13.668Z  INFO 84595 --- [kivvi-click] [           main] o.s.b.t.m.w.SpringBootMockServletContext : Initializing Spring TestDispatcherServlet ''
2026-09-09T07:11:13.669Z  INFO 84595 --- [kivvi-click] [           main] o.s.t.web.servlet.TestDispatcherServlet  : Initializing Servlet ''
2026-09-09T07:11:13.669Z  INFO 84595 --- [kivvi-click] [           main] o.s.t.web.servlet.TestDispatcherServlet  : Completed initialization in 0 ms
2026-09-09T07:11:13.674Z  INFO 84595 --- [kivvi-click] [           main] c.kivvi.web.SpaDocumentControllerTest    : Started SpaDocumentControllerTest in 0.146 seconds (process running for 15.789)
2026-09-09T07:11:13.882Z  INFO 84595 --- [kivvi-click] [           main] t.c.s.AnnotationConfigContextLoaderUtils : Could not detect default configuration classes for test class [click.kivvi.web.PreferencesControllerTest]: PreferencesControllerTest does not declare any static, non-private, non-final, nested classes annotated with @Configuration.
2026-09-09T07:11:13.890Z  INFO 84595 --- [kivvi-click] [           main] .b.t.c.SpringBootTestContextBootstrapper : Found @SpringBootConfiguration click.kivvi.KivviApplication for test class click.kivvi.web.PreferencesControllerTest
2026-09-09T07:11:13.890Z  INFO 84595 --- [kivvi-click] [           main] t.c.s.AnnotationConfigContextLoaderUtils : Could not detect default configuration classes for test class [click.kivvi.web.PreferencesControllerTest]: PreferencesControllerTest does not declare any static, non-private, non-final, nested classes annotated with @Configuration.
2026-09-09T07:11:13.894Z  INFO 84595 --- [kivvi-click] [           main] .b.t.c.SpringBootTestContextBootstrapper : Found @SpringBootConfiguration click.kivvi.KivviApplication for test class click.kivvi.web.PreferencesControllerTest

  .   ____          _            __ _ _
 /\\ / ___'_ __ _ _(_)_ __  __ _ \ \ \ \
( ( )\___ | '_ | '_| | '_ \/ _` | \ \ \ \
 \\/  ___)| |_)| | | | | || (_| |  ) ) ) )
  '  |____| .__|_| |_|_| |_\__, | / / / /
 =========|_|==============|___/=/_/_/_/

 :: Spring Boot ::                (v4.1.1)

2026-09-09T07:11:13.910Z  INFO 84595 --- [kivvi-click] [           main] c.kivvi.web.PreferencesControllerTest    : Starting PreferencesControllerTest using Java 25.0.4.1 with PID 84595 (started by muszkin in /home/muszkin/work/kivvi-click-wt/verify-wave-4-integration/backend)
2026-09-09T07:11:13.910Z  INFO 84595 --- [kivvi-click] [           main] c.kivvi.web.PreferencesControllerTest    : No active profile set, falling back to 1 default profile: "default"
2026-09-09T07:11:14.018Z  INFO 84595 --- [kivvi-click] [           main] o.s.b.w.a.WelcomePageHandlerMapping      : Adding welcome page: class path resource [static/index.html]
2026-09-09T07:11:14.042Z  INFO 84595 --- [kivvi-click] [           main] o.s.b.t.m.w.SpringBootMockServletContext : Initializing Spring TestDispatcherServlet ''
2026-09-09T07:11:14.042Z  INFO 84595 --- [kivvi-click] [           main] o.s.t.web.servlet.TestDispatcherServlet  : Initializing Servlet ''
2026-09-09T07:11:14.044Z  INFO 84595 --- [kivvi-click] [           main] o.s.t.web.servlet.TestDispatcherServlet  : Completed initialization in 2 ms
2026-09-09T07:11:14.049Z  INFO 84595 --- [kivvi-click] [           main] c.kivvi.web.PreferencesControllerTest    : Started PreferencesControllerTest in 0.153 seconds (process running for 16.164)
07:11:15.757 [main] INFO org.testcontainers.images.PullPolicy -- Image pull policy will be performed by: DefaultPullPolicy()
07:11:15.761 [main] INFO org.testcontainers.utility.ImageNameSubstitutor -- Image name substitution will be performed by: DefaultImageNameSubstitutor (composite of 'ConfigurationFileImageNameSubstitutor' and 'PrefixingImageNameSubstitutor')
07:11:15.782 [main] INFO org.testcontainers.DockerClientFactory -- Testcontainers version: 2.0.5
07:11:15.904 [main] INFO org.testcontainers.dockerclient.DockerClientProviderStrategy -- Loaded org.testcontainers.dockerclient.UnixSocketClientProviderStrategy from ~/.testcontainers.properties, will try it first
07:11:16.358 [main] INFO org.testcontainers.dockerclient.DockerClientProviderStrategy -- Found Docker environment with local Unix socket (unix:///var/run/docker.sock)
07:11:16.360 [main] INFO org.testcontainers.DockerClientFactory -- Docker host IP address is localhost
07:11:16.377 [main] INFO org.testcontainers.DockerClientFactory -- Connected to docker: 
  Server Version: 29.8.0
  API Version: 1.56
  Operating System: Ubuntu 24.04.4 LTS
  Total Memory: 128182 MB
07:11:16.413 [main] INFO tc.testcontainers/ryuk:0.14.0 -- Creating container for image: testcontainers/ryuk:0.14.0
07:11:16.418 [main] INFO org.testcontainers.utility.RegistryAuthLocator -- Failure when attempting to lookup auth config. Please ignore if you don't have images in an authenticated registry. Details: (dockerImageName: testcontainers/ryuk:0.14.0, configFile: /home/muszkin/.docker/config.json, configEnv: DOCKER_AUTH_CONFIG). Falling back to docker-java default behaviour. Exception message: Status 404: No config supplied. Checked in order: /home/muszkin/.docker/config.json (file not found), DOCKER_AUTH_CONFIG (not set)
07:11:16.550 [main] INFO tc.testcontainers/ryuk:0.14.0 -- Container testcontainers/ryuk:0.14.0 is starting: 74a156bcf3941817caf4a4c76118586c4a51f3a83e607d941fe1060ba7d6f48e
07:11:16.873 [main] INFO tc.testcontainers/ryuk:0.14.0 -- Container testcontainers/ryuk:0.14.0 started in PT0.460312478S
07:11:16.878 [main] INFO org.testcontainers.utility.RyukResourceReaper -- Ryuk started - will monitor and terminate Testcontainers containers on JVM exit
07:11:16.879 [main] INFO org.testcontainers.DockerClientFactory -- Checking the system...
07:11:16.879 [main] INFO org.testcontainers.DockerClientFactory -- ✔︎ Docker server version should be at least 1.6.0
07:11:16.880 [main] INFO tc.postgres:18-alpine -- Creating container for image: postgres:18-alpine
07:11:16.918 [main] INFO tc.postgres:18-alpine -- Container postgres:18-alpine is starting: 79fbdd76c68f1631d7edff3fc4aa6c9a20b71cd5d4ca18f59ca6cdc87ed1cfcd
07:11:18.573 [main] INFO tc.postgres:18-alpine -- Container postgres:18-alpine started in PT1.693597085S
07:11:18.574 [main] INFO tc.postgres:18-alpine -- Container is started (JDBC URL: jdbc:postgresql://localhost:34599/test?loggerLevel=OFF)
07:11:18.642 [main] INFO org.springframework.test.context.support.AnnotationConfigContextLoaderUtils -- Could not detect default configuration classes for test class [click.kivvi.CampaignsApiIT]: CampaignsApiIT does not declare any static, non-private, non-final, nested classes annotated with @Configuration.
07:11:18.737 [main] INFO org.springframework.boot.test.context.SpringBootTestContextBootstrapper -- Found @SpringBootConfiguration click.kivvi.KivviApplication for test class click.kivvi.CampaignsApiIT
07:11:18.784 [main] INFO org.springframework.test.context.support.AnnotationConfigContextLoaderUtils -- Could not detect default configuration classes for test class [click.kivvi.CampaignsApiIT]: CampaignsApiIT does not declare any static, non-private, non-final, nested classes annotated with @Configuration.
07:11:18.788 [main] INFO org.springframework.boot.test.context.SpringBootTestContextBootstrapper -- Found @SpringBootConfiguration click.kivvi.KivviApplication for test class click.kivvi.CampaignsApiIT

  .   ____          _            __ _ _
 /\\ / ___'_ __ _ _(_)_ __  __ _ \ \ \ \
( ( )\___ | '_ | '_| | '_ \/ _` | \ \ \ \
 \\/  ___)| |_)| | | | | || (_| |  ) ) ) )
  '  |____| .__|_| |_|_| |_\__, | / / / /
 =========|_|==============|___/=/_/_/_/

 :: Spring Boot ::                (v4.1.1)

2026-09-09T07:11:19.023Z  INFO 87088 --- [kivvi-click] [           main] click.kivvi.CampaignsApiIT               : Starting CampaignsApiIT using Java 25.0.4.1 with PID 87088 (started by muszkin in /home/muszkin/work/kivvi-click-wt/verify-wave-4-integration/backend)
2026-09-09T07:11:19.024Z  INFO 87088 --- [kivvi-click] [           main] click.kivvi.CampaignsApiIT               : No active profile set, falling back to 1 default profile: "default"
2026-09-09T07:11:20.354Z  INFO 87088 --- [kivvi-click] [           main] o.s.boot.tomcat.TomcatWebServer          : Tomcat initialized with port 0 (http)
2026-09-09T07:11:20.365Z  INFO 87088 --- [kivvi-click] [           main] o.apache.catalina.core.StandardService   : Starting service [Tomcat]
2026-09-09T07:11:20.366Z  INFO 87088 --- [kivvi-click] [           main] o.apache.catalina.core.StandardEngine    : Starting Servlet engine: [Apache Tomcat/11.0.24]
2026-09-09T07:11:20.393Z  INFO 87088 --- [kivvi-click] [           main] b.w.c.s.WebApplicationContextInitializer : Root WebApplicationContext: initialization completed in 1353 ms
2026-09-09T07:11:20.812Z  INFO 87088 --- [kivvi-click] [           main] org.flywaydb.core.FlywayExecutor         : Database: jdbc:postgresql://localhost:34599/test?loggerLevel=OFF (PostgreSQL 18.6)
2026-09-09T07:11:20.855Z  INFO 87088 --- [kivvi-click] [           main] o.f.c.i.s.JdbcTableSchemaHistory         : Schema history table "public"."flyway_schema_history" does not exist yet
2026-09-09T07:11:20.858Z  INFO 87088 --- [kivvi-click] [           main] o.f.core.internal.command.DbValidate     : Successfully validated 1 migration (execution time 00:00.012s)
2026-09-09T07:11:20.870Z  INFO 87088 --- [kivvi-click] [           main] o.f.c.i.s.JdbcTableSchemaHistory         : Creating Schema History table "public"."flyway_schema_history" ...
2026-09-09T07:11:20.920Z  INFO 87088 --- [kivvi-click] [           main] o.f.core.internal.command.DbMigrate      : Current version of schema "public": << Empty Schema >>
2026-09-09T07:11:20.930Z  INFO 87088 --- [kivvi-click] [           main] o.f.core.internal.command.DbMigrate      : Migrating schema "public" to version "1 - baseline"
2026-09-09T07:11:20.959Z  INFO 87088 --- [kivvi-click] [           main] o.f.core.internal.command.DbMigrate      : Successfully applied 1 migration to schema "public", now at version v1 (execution time 00:00.020s)
2026-09-09T07:11:21.121Z  INFO 87088 --- [kivvi-click] [           main] o.s.b.w.a.WelcomePageHandlerMapping      : Adding welcome page: class path resource [static/index.html]
2026-09-09T07:11:21.502Z  INFO 87088 --- [kivvi-click] [           main] com.zaxxer.hikari.HikariDataSource       : HikariPool-1 - Starting...
2026-09-09T07:11:21.517Z  INFO 87088 --- [kivvi-click] [           main] com.zaxxer.hikari.pool.HikariPool        : HikariPool-1 - Added connection org.postgresql.jdbc.PgConnection@276eafad
2026-09-09T07:11:21.518Z  INFO 87088 --- [kivvi-click] [           main] com.zaxxer.hikari.HikariDataSource       : HikariPool-1 - Start completed.
2026-09-09T07:11:21.550Z  INFO 87088 --- [kivvi-click] [           main] o.s.b.a.e.web.EndpointLinksResolver      : Exposing 1 endpoint beneath base path '/actuator'
2026-09-09T07:11:21.592Z  INFO 87088 --- [kivvi-click] [           main] o.s.boot.tomcat.TomcatWebServer          : Tomcat started on port 37177 (http) with context path '/'
2026-09-09T07:11:21.608Z  INFO 87088 --- [kivvi-click] [           main] click.kivvi.CampaignsApiIT               : Started CampaignsApiIT in 2.781 seconds (process running for 6.674)
2026-09-09T07:11:21.626Z  INFO 87088 --- [kivvi-click] [eat-scheduler-1] c.k.i.scheduling.HeartbeatJob            : Scheduler heartbeat tick.
2026-09-09T07:11:21.636Z  INFO 87088 --- [kivvi-click] [eat-scheduler-1] c.k.i.tracking.EventDedupCleanupJob      : Event dedup cleanup removed 0 expired row(s).
OpenJDK 64-Bit Server VM warning: Sharing is only supported for boot loader classes because bootstrap classpath has been appended
2026-09-09T07:11:22.132Z  INFO 87088 --- [kivvi-click] [o-auto-1-exec-1] o.a.c.c.C.[Tomcat].[localhost].[/]       : Initializing Spring DispatcherServlet 'dispatcherServlet'
2026-09-09T07:11:22.132Z  INFO 87088 --- [kivvi-click] [o-auto-1-exec-1] o.s.web.servlet.DispatcherServlet        : Initializing Servlet 'dispatcherServlet'
2026-09-09T07:11:22.134Z  INFO 87088 --- [kivvi-click] [o-auto-1-exec-1] o.s.web.servlet.DispatcherServlet        : Completed initialization in 2 ms
2026-09-09T07:11:22.636Z  INFO 87088 --- [kivvi-click] [           main] tc.postgres:18-alpine                    : Creating container for image: postgres:18-alpine
2026-09-09T07:11:22.659Z  INFO 87088 --- [kivvi-click] [           main] tc.postgres:18-alpine                    : Container postgres:18-alpine is starting: 875862c497990733d2af123561857663f597cf6a94f40a9f2ea16f1f6a8ab56e
2026-09-09T07:11:24.014Z  INFO 87088 --- [kivvi-click] [           main] tc.postgres:18-alpine                    : Container postgres:18-alpine started in PT1.378425285S
2026-09-09T07:11:24.015Z  INFO 87088 --- [kivvi-click] [           main] tc.postgres:18-alpine                    : Container is started (JDBC URL: jdbc:postgresql://localhost:34600/test?loggerLevel=OFF)
2026-09-09T07:11:24.017Z  INFO 87088 --- [kivvi-click] [           main] t.c.s.AnnotationConfigContextLoaderUtils : Could not detect default configuration classes for test class [click.kivvi.infrastructure.scheduling.HeartbeatSchedulerIT]: HeartbeatSchedulerIT does not declare any static, non-private, non-final, nested classes annotated with @Configuration.
2026-09-09T07:11:24.032Z  INFO 87088 --- [kivvi-click] [           main] .b.t.c.SpringBootTestContextBootstrapper : Found @SpringBootConfiguration click.kivvi.KivviApplication for test class click.kivvi.infrastructure.scheduling.HeartbeatSchedulerIT

  .   ____          _            __ _ _
 /\\ / ___'_ __ _ _(_)_ __  __ _ \ \ \ \
( ( )\___ | '_ | '_| | '_ \/ _` | \ \ \ \
 \\/  ___)| |_)| | | | | || (_| |  ) ) ) )
  '  |____| .__|_| |_|_| |_\__, | / / / /
 =========|_|==============|___/=/_/_/_/

 :: Spring Boot ::                (v4.1.1)

2026-09-09T07:11:24.052Z  INFO 87088 --- [kivvi-click] [           main] c.k.i.scheduling.HeartbeatSchedulerIT    : Starting HeartbeatSchedulerIT using Java 25.0.4.1 with PID 87088 (started by muszkin in /home/muszkin/work/kivvi-click-wt/verify-wave-4-integration/backend)
2026-09-09T07:11:24.052Z  INFO 87088 --- [kivvi-click] [           main] c.k.i.scheduling.HeartbeatSchedulerIT    : No active profile set, falling back to 1 default profile: "default"
2026-09-09T07:11:24.348Z  INFO 87088 --- [kivvi-click] [           main] o.s.boot.tomcat.TomcatWebServer          : Tomcat initialized with port 0 (http)
2026-09-09T07:11:24.349Z  INFO 87088 --- [kivvi-click] [           main] o.apache.catalina.core.StandardService   : Starting service [Tomcat]
2026-09-09T07:11:24.349Z  INFO 87088 --- [kivvi-click] [           main] o.apache.catalina.core.StandardEngine    : Starting Servlet engine: [Apache Tomcat/11.0.24]
2026-09-09T07:11:24.358Z  INFO 87088 --- [kivvi-click] [           main] b.w.c.s.WebApplicationContextInitializer : Root WebApplicationContext: initialization completed in 305 ms
2026-09-09T07:11:24.479Z  INFO 87088 --- [kivvi-click] [           main] org.flywaydb.core.FlywayExecutor         : Database: jdbc:postgresql://localhost:34600/test?loggerLevel=OFF (PostgreSQL 18.6)
2026-09-09T07:11:24.493Z  INFO 87088 --- [kivvi-click] [           main] o.f.c.i.s.JdbcTableSchemaHistory         : Schema history table "public"."flyway_schema_history" does not exist yet
2026-09-09T07:11:24.493Z  INFO 87088 --- [kivvi-click] [           main] o.f.core.internal.command.DbValidate     : Successfully validated 1 migration (execution time 00:00.003s)
2026-09-09T07:11:24.501Z  INFO 87088 --- [kivvi-click] [           main] o.f.c.i.s.JdbcTableSchemaHistory         : Creating Schema History table "public"."flyway_schema_history" ...
2026-09-09T07:11:24.525Z  INFO 87088 --- [kivvi-click] [           main] o.f.core.internal.command.DbMigrate      : Current version of schema "public": << Empty Schema >>
2026-09-09T07:11:24.528Z  INFO 87088 --- [kivvi-click] [           main] o.f.core.internal.command.DbMigrate      : Migrating schema "public" to version "1 - baseline"
2026-09-09T07:11:24.548Z  INFO 87088 --- [kivvi-click] [           main] o.f.core.internal.command.DbMigrate      : Successfully applied 1 migration to schema "public", now at version v1 (execution time 00:00.016s)
2026-09-09T07:11:24.593Z  INFO 87088 --- [kivvi-click] [           main] o.s.b.w.a.WelcomePageHandlerMapping      : Adding welcome page: class path resource [static/index.html]
2026-09-09T07:11:24.656Z  INFO 87088 --- [kivvi-click] [           main] com.zaxxer.hikari.HikariDataSource       : HikariPool-2 - Starting...
2026-09-09T07:11:24.663Z  INFO 87088 --- [kivvi-click] [           main] com.zaxxer.hikari.pool.HikariPool        : HikariPool-2 - Added connection org.postgresql.jdbc.PgConnection@63916a3
2026-09-09T07:11:24.663Z  INFO 87088 --- [kivvi-click] [           main] com.zaxxer.hikari.HikariDataSource       : HikariPool-2 - Start completed.
2026-09-09T07:11:24.668Z  INFO 87088 --- [kivvi-click] [           main] o.s.b.a.e.web.EndpointLinksResolver      : Exposing 1 endpoint beneath base path '/actuator'
2026-09-09T07:11:24.678Z  INFO 87088 --- [kivvi-click] [           main] o.s.boot.tomcat.TomcatWebServer          : Tomcat started on port 34285 (http) with context path '/'
2026-09-09T07:11:24.684Z  INFO 87088 --- [kivvi-click] [           main] c.k.i.scheduling.HeartbeatSchedulerIT    : Started HeartbeatSchedulerIT in 0.648 seconds (process running for 9.751)
2026-09-09T07:11:24.686Z  INFO 87088 --- [kivvi-click] [eat-scheduler-1] c.k.i.scheduling.HeartbeatJob            : Scheduler heartbeat tick.
2026-09-09T07:11:24.691Z  INFO 87088 --- [kivvi-click] [eat-scheduler-1] c.k.i.tracking.EventDedupCleanupJob      : Event dedup cleanup removed 0 expired row(s).
2026-09-09T07:11:25.020Z  INFO 87088 --- [kivvi-click] [           main] tc.postgres:18-alpine                    : Creating container for image: postgres:18-alpine
2026-09-09T07:11:25.035Z  INFO 87088 --- [kivvi-click] [           main] tc.postgres:18-alpine                    : Container postgres:18-alpine is starting: a4cf02b9ab84eac590dccb7db7af83a9c02bd60021bd40936366a33b262d036c
2026-09-09T07:11:26.399Z  INFO 87088 --- [kivvi-click] [           main] tc.postgres:18-alpine                    : Container postgres:18-alpine started in PT1.379267922S
2026-09-09T07:11:26.399Z  INFO 87088 --- [kivvi-click] [           main] tc.postgres:18-alpine                    : Container is started (JDBC URL: jdbc:postgresql://localhost:34601/test?loggerLevel=OFF)
2026-09-09T07:11:26.400Z  INFO 87088 --- [kivvi-click] [           main] t.c.s.AnnotationConfigContextLoaderUtils : Could not detect default configuration classes for test class [click.kivvi.infrastructure.tracking.EventDedupStoreIT]: EventDedupStoreIT does not declare any static, non-private, non-final, nested classes annotated with @Configuration.
2026-09-09T07:11:26.411Z  INFO 87088 --- [kivvi-click] [           main] .b.t.c.SpringBootTestContextBootstrapper : Found @SpringBootConfiguration click.kivvi.KivviApplication for test class click.kivvi.infrastructure.tracking.EventDedupStoreIT
2026-09-09T07:11:26.412Z  INFO 87088 --- [kivvi-click] [           main] t.c.s.AnnotationConfigContextLoaderUtils : Could not detect default configuration classes for test class [click.kivvi.infrastructure.tracking.EventDedupStoreIT]: EventDedupStoreIT does not declare any static, non-private, non-final, nested classes annotated with @Configuration.
2026-09-09T07:11:26.414Z  INFO 87088 --- [kivvi-click] [           main] .b.t.c.SpringBootTestContextBootstrapper : Found @SpringBootConfiguration click.kivvi.KivviApplication for test class click.kivvi.infrastructure.tracking.EventDedupStoreIT

  .   ____          _            __ _ _
 /\\ / ___'_ __ _ _(_)_ __  __ _ \ \ \ \
( ( )\___ | '_ | '_| | '_ \/ _` | \ \ \ \
 \\/  ___)| |_)| | | | | || (_| |  ) ) ) )
  '  |____| .__|_| |_|_| |_\__, | / / / /
 =========|_|==============|___/=/_/_/_/

 :: Spring Boot ::                (v4.1.1)

2026-09-09T07:11:26.439Z  INFO 87088 --- [kivvi-click] [           main] c.k.i.tracking.EventDedupStoreIT         : Starting EventDedupStoreIT using Java 25.0.4.1 with PID 87088 (started by muszkin in /home/muszkin/work/kivvi-click-wt/verify-wave-4-integration/backend)
2026-09-09T07:11:26.439Z  INFO 87088 --- [kivvi-click] [           main] c.k.i.tracking.EventDedupStoreIT         : No active profile set, falling back to 1 default profile: "default"
2026-09-09T07:11:26.691Z  INFO 87088 --- [kivvi-click] [           main] org.flywaydb.core.FlywayExecutor         : Database: jdbc:postgresql://localhost:34601/test?loggerLevel=OFF (PostgreSQL 18.6)
2026-09-09T07:11:26.701Z  INFO 87088 --- [kivvi-click] [           main] o.f.c.i.s.JdbcTableSchemaHistory         : Schema history table "public"."flyway_schema_history" does not exist yet
2026-09-09T07:11:26.702Z  INFO 87088 --- [kivvi-click] [           main] o.f.core.internal.command.DbValidate     : Successfully validated 1 migration (execution time 00:00.002s)
2026-09-09T07:11:26.708Z  INFO 87088 --- [kivvi-click] [           main] o.f.c.i.s.JdbcTableSchemaHistory         : Creating Schema History table "public"."flyway_schema_history" ...
2026-09-09T07:11:26.727Z  INFO 87088 --- [kivvi-click] [           main] o.f.core.internal.command.DbMigrate      : Current version of schema "public": << Empty Schema >>
2026-09-09T07:11:26.729Z  INFO 87088 --- [kivvi-click] [           main] o.f.core.internal.command.DbMigrate      : Migrating schema "public" to version "1 - baseline"
2026-09-09T07:11:26.746Z  INFO 87088 --- [kivvi-click] [           main] o.f.core.internal.command.DbMigrate      : Successfully applied 1 migration to schema "public", now at version v1 (execution time 00:00.013s)
2026-09-09T07:11:26.782Z  INFO 87088 --- [kivvi-click] [           main] o.s.b.w.a.WelcomePageHandlerMapping      : Adding welcome page: class path resource [static/index.html]
2026-09-09T07:11:26.846Z  INFO 87088 --- [kivvi-click] [           main] com.zaxxer.hikari.HikariDataSource       : HikariPool-3 - Starting...
2026-09-09T07:11:26.853Z  INFO 87088 --- [kivvi-click] [           main] com.zaxxer.hikari.pool.HikariPool        : HikariPool-3 - Added connection org.postgresql.jdbc.PgConnection@649df002
2026-09-09T07:11:26.853Z  INFO 87088 --- [kivvi-click] [           main] com.zaxxer.hikari.HikariDataSource       : HikariPool-3 - Start completed.
2026-09-09T07:11:26.866Z  INFO 87088 --- [kivvi-click] [           main] o.s.b.a.e.web.EndpointLinksResolver      : Exposing 1 endpoint beneath base path '/actuator'
2026-09-09T07:11:26.879Z  INFO 87088 --- [kivvi-click] [           main] c.k.i.tracking.EventDedupStoreIT         : Started EventDedupStoreIT in 0.46 seconds (process running for 11.945)
2026-09-09T07:11:26.880Z  INFO 87088 --- [kivvi-click] [eat-scheduler-1] c.k.i.scheduling.HeartbeatJob            : Scheduler heartbeat tick.
2026-09-09T07:11:26.883Z  INFO 87088 --- [kivvi-click] [eat-scheduler-1] c.k.i.tracking.EventDedupCleanupJob      : Event dedup cleanup removed 0 expired row(s).
2026-09-09T07:11:27.112Z  INFO 87088 --- [kivvi-click] [           main] tc.postgres:18-alpine                    : Creating container for image: postgres:18-alpine
2026-09-09T07:11:27.128Z  INFO 87088 --- [kivvi-click] [           main] tc.postgres:18-alpine                    : Container postgres:18-alpine is starting: 81937e8c7a6b937c212962453889dc1fb926aeb25621c5f673054af0d375664f
2026-09-09T07:11:28.448Z  INFO 87088 --- [kivvi-click] [           main] tc.postgres:18-alpine                    : Container postgres:18-alpine started in PT1.335684704S
2026-09-09T07:11:28.448Z  INFO 87088 --- [kivvi-click] [           main] tc.postgres:18-alpine                    : Container is started (JDBC URL: jdbc:postgresql://localhost:34602/test?loggerLevel=OFF)
2026-09-09T07:11:28.449Z  INFO 87088 --- [kivvi-click] [           main] t.c.s.AnnotationConfigContextLoaderUtils : Could not detect default configuration classes for test class [click.kivvi.LandingApiIT]: LandingApiIT does not declare any static, non-private, non-final, nested classes annotated with @Configuration.
2026-09-09T07:11:28.452Z  INFO 87088 --- [kivvi-click] [           main] .b.t.c.SpringBootTestContextBootstrapper : Found @SpringBootConfiguration click.kivvi.KivviApplication for test class click.kivvi.LandingApiIT
2026-09-09T07:11:28.453Z  INFO 87088 --- [kivvi-click] [           main] t.c.s.AnnotationConfigContextLoaderUtils : Could not detect default configuration classes for test class [click.kivvi.LandingApiIT]: LandingApiIT does not declare any static, non-private, non-final, nested classes annotated with @Configuration.
2026-09-09T07:11:28.455Z  INFO 87088 --- [kivvi-click] [           main] .b.t.c.SpringBootTestContextBootstrapper : Found @SpringBootConfiguration click.kivvi.KivviApplication for test class click.kivvi.LandingApiIT

  .   ____          _            __ _ _
 /\\ / ___'_ __ _ _(_)_ __  __ _ \ \ \ \
( ( )\___ | '_ | '_| | '_ \/ _` | \ \ \ \
 \\/  ___)| |_)| | | | | || (_| |  ) ) ) )
  '  |____| .__|_| |_|_| |_\__, | / / / /
 =========|_|==============|___/=/_/_/_/

 :: Spring Boot ::                (v4.1.1)

2026-09-09T07:11:28.469Z  INFO 87088 --- [kivvi-click] [           main] click.kivvi.LandingApiIT                 : Starting LandingApiIT using Java 25.0.4.1 with PID 87088 (started by muszkin in /home/muszkin/work/kivvi-click-wt/verify-wave-4-integration/backend)
2026-09-09T07:11:28.470Z  INFO 87088 --- [kivvi-click] [           main] click.kivvi.LandingApiIT                 : No active profile set, falling back to 1 default profile: "default"
2026-09-09T07:11:28.633Z  INFO 87088 --- [kivvi-click] [           main] o.s.boot.tomcat.TomcatWebServer          : Tomcat initialized with port 0 (http)
2026-09-09T07:11:28.634Z  INFO 87088 --- [kivvi-click] [           main] o.apache.catalina.core.StandardService   : Starting service [Tomcat]
2026-09-09T07:11:28.634Z  INFO 87088 --- [kivvi-click] [           main] o.apache.catalina.core.StandardEngine    : Starting Servlet engine: [Apache Tomcat/11.0.24]
2026-09-09T07:11:28.640Z  INFO 87088 --- [kivvi-click] [           main] b.w.c.s.WebApplicationContextInitializer : Root WebApplicationContext: initialization completed in 169 ms
2026-09-09T07:11:28.711Z  INFO 87088 --- [kivvi-click] [           main] org.flywaydb.core.FlywayExecutor         : Database: jdbc:postgresql://localhost:34602/test?loggerLevel=OFF (PostgreSQL 18.6)
2026-09-09T07:11:28.722Z  INFO 87088 --- [kivvi-click] [           main] o.f.c.i.s.JdbcTableSchemaHistory         : Schema history table "public"."flyway_schema_history" does not exist yet
2026-09-09T07:11:28.723Z  INFO 87088 --- [kivvi-click] [           main] o.f.core.internal.command.DbValidate     : Successfully validated 1 migration (execution time 00:00.002s)
2026-09-09T07:11:28.729Z  INFO 87088 --- [kivvi-click] [           main] o.f.c.i.s.JdbcTableSchemaHistory         : Creating Schema History table "public"."flyway_schema_history" ...
2026-09-09T07:11:28.748Z  INFO 87088 --- [kivvi-click] [           main] o.f.core.internal.command.DbMigrate      : Current version of schema "public": << Empty Schema >>
2026-09-09T07:11:28.750Z  INFO 87088 --- [kivvi-click] [           main] o.f.core.internal.command.DbMigrate      : Migrating schema "public" to version "1 - baseline"
2026-09-09T07:11:28.768Z  INFO 87088 --- [kivvi-click] [           main] o.f.core.internal.command.DbMigrate      : Successfully applied 1 migration to schema "public", now at version v1 (execution time 00:00.014s)
2026-09-09T07:11:28.799Z  INFO 87088 --- [kivvi-click] [           main] o.s.b.w.a.WelcomePageHandlerMapping      : Adding welcome page: class path resource [static/index.html]
2026-09-09T07:11:28.852Z  INFO 87088 --- [kivvi-click] [           main] com.zaxxer.hikari.HikariDataSource       : HikariPool-4 - Starting...
2026-09-09T07:11:28.859Z  INFO 87088 --- [kivvi-click] [           main] com.zaxxer.hikari.pool.HikariPool        : HikariPool-4 - Added connection org.postgresql.jdbc.PgConnection@31fd8e6f
2026-09-09T07:11:28.859Z  INFO 87088 --- [kivvi-click] [           main] com.zaxxer.hikari.HikariDataSource       : HikariPool-4 - Start completed.
2026-09-09T07:11:28.864Z  INFO 87088 --- [kivvi-click] [           main] o.s.b.a.e.web.EndpointLinksResolver      : Exposing 1 endpoint beneath base path '/actuator'
2026-09-09T07:11:28.873Z  INFO 87088 --- [kivvi-click] [           main] o.s.boot.tomcat.TomcatWebServer          : Tomcat started on port 43699 (http) with context path '/'
2026-09-09T07:11:28.878Z  INFO 87088 --- [kivvi-click] [           main] click.kivvi.LandingApiIT                 : Started LandingApiIT in 0.421 seconds (process running for 13.944)
2026-09-09T07:11:28.879Z  INFO 87088 --- [kivvi-click] [eat-scheduler-1] c.k.i.scheduling.HeartbeatJob            : Scheduler heartbeat tick.
2026-09-09T07:11:28.882Z  INFO 87088 --- [kivvi-click] [eat-scheduler-1] c.k.i.tracking.EventDedupCleanupJob      : Event dedup cleanup removed 0 expired row(s).
2026-09-09T07:11:28.885Z  INFO 87088 --- [kivvi-click] [o-auto-3-exec-1] o.a.c.c.C.[Tomcat-2].[localhost].[/]     : Initializing Spring DispatcherServlet 'dispatcherServlet'
2026-09-09T07:11:28.885Z  INFO 87088 --- [kivvi-click] [o-auto-3-exec-1] o.s.web.servlet.DispatcherServlet        : Initializing Servlet 'dispatcherServlet'
2026-09-09T07:11:28.886Z  INFO 87088 --- [kivvi-click] [o-auto-3-exec-1] o.s.web.servlet.DispatcherServlet        : Completed initialization in 1 ms
2026-09-09T07:11:29.107Z  INFO 87088 --- [kivvi-click] [           main] tc.postgres:18-alpine                    : Creating container for image: postgres:18-alpine
2026-09-09T07:11:29.122Z  INFO 87088 --- [kivvi-click] [           main] tc.postgres:18-alpine                    : Container postgres:18-alpine is starting: ed637a31a7d7700f5f3e5f40daa37e96c447428339b6b5d74827776199655123
2026-09-09T07:11:30.457Z  INFO 87088 --- [kivvi-click] [           main] tc.postgres:18-alpine                    : Container postgres:18-alpine started in PT1.349563528S
2026-09-09T07:11:30.457Z  INFO 87088 --- [kivvi-click] [           main] tc.postgres:18-alpine                    : Container is started (JDBC URL: jdbc:postgresql://localhost:34603/test?loggerLevel=OFF)
2026-09-09T07:11:30.458Z  INFO 87088 --- [kivvi-click] [           main] t.c.s.AnnotationConfigContextLoaderUtils : Could not detect default configuration classes for test class [click.kivvi.SettingsApiIT]: SettingsApiIT does not declare any static, non-private, non-final, nested classes annotated with @Configuration.
2026-09-09T07:11:30.461Z  INFO 87088 --- [kivvi-click] [           main] .b.t.c.SpringBootTestContextBootstrapper : Found @SpringBootConfiguration click.kivvi.KivviApplication for test class click.kivvi.SettingsApiIT
2026-09-09T07:11:30.461Z  INFO 87088 --- [kivvi-click] [           main] t.c.s.AnnotationConfigContextLoaderUtils : Could not detect default configuration classes for test class [click.kivvi.SettingsApiIT]: SettingsApiIT does not declare any static, non-private, non-final, nested classes annotated with @Configuration.
2026-09-09T07:11:30.463Z  INFO 87088 --- [kivvi-click] [           main] .b.t.c.SpringBootTestContextBootstrapper : Found @SpringBootConfiguration click.kivvi.KivviApplication for test class click.kivvi.SettingsApiIT

  .   ____          _            __ _ _
 /\\ / ___'_ __ _ _(_)_ __  __ _ \ \ \ \
( ( )\___ | '_ | '_| | '_ \/ _` | \ \ \ \
 \\/  ___)| |_)| | | | | || (_| |  ) ) ) )
  '  |____| .__|_| |_|_| |_\__, | / / / /
 =========|_|==============|___/=/_/_/_/

 :: Spring Boot ::                (v4.1.1)

2026-09-09T07:11:30.477Z  INFO 87088 --- [kivvi-click] [           main] click.kivvi.SettingsApiIT                : Starting SettingsApiIT using Java 25.0.4.1 with PID 87088 (started by muszkin in /home/muszkin/work/kivvi-click-wt/verify-wave-4-integration/backend)
2026-09-09T07:11:30.477Z  INFO 87088 --- [kivvi-click] [           main] click.kivvi.SettingsApiIT                : No active profile set, falling back to 1 default profile: "default"
2026-09-09T07:11:30.639Z  INFO 87088 --- [kivvi-click] [           main] o.s.boot.tomcat.TomcatWebServer          : Tomcat initialized with port 0 (http)
2026-09-09T07:11:30.639Z  INFO 87088 --- [kivvi-click] [           main] o.apache.catalina.core.StandardService   : Starting service [Tomcat]
2026-09-09T07:11:30.640Z  INFO 87088 --- [kivvi-click] [           main] o.apache.catalina.core.StandardEngine    : Starting Servlet engine: [Apache Tomcat/11.0.24]
2026-09-09T07:11:30.646Z  INFO 87088 --- [kivvi-click] [           main] b.w.c.s.WebApplicationContextInitializer : Root WebApplicationContext: initialization completed in 168 ms
2026-09-09T07:11:30.718Z  INFO 87088 --- [kivvi-click] [           main] org.flywaydb.core.FlywayExecutor         : Database: jdbc:postgresql://localhost:34603/test?loggerLevel=OFF (PostgreSQL 18.6)
2026-09-09T07:11:30.730Z  INFO 87088 --- [kivvi-click] [           main] o.f.c.i.s.JdbcTableSchemaHistory         : Schema history table "public"."flyway_schema_history" does not exist yet
2026-09-09T07:11:30.730Z  INFO 87088 --- [kivvi-click] [           main] o.f.core.internal.command.DbValidate     : Successfully validated 1 migration (execution time 00:00.003s)
2026-09-09T07:11:30.736Z  INFO 87088 --- [kivvi-click] [           main] o.f.c.i.s.JdbcTableSchemaHistory         : Creating Schema History table "public"."flyway_schema_history" ...
2026-09-09T07:11:30.756Z  INFO 87088 --- [kivvi-click] [           main] o.f.core.internal.command.DbMigrate      : Current version of schema "public": << Empty Schema >>
2026-09-09T07:11:30.758Z  INFO 87088 --- [kivvi-click] [           main] o.f.core.internal.command.DbMigrate      : Migrating schema "public" to version "1 - baseline"
2026-09-09T07:11:30.775Z  INFO 87088 --- [kivvi-click] [           main] o.f.core.internal.command.DbMigrate      : Successfully applied 1 migration to schema "public", now at version v1 (execution time 00:00.014s)
2026-09-09T07:11:30.801Z  INFO 87088 --- [kivvi-click] [           main] o.s.b.w.a.WelcomePageHandlerMapping      : Adding welcome page: class path resource [static/index.html]
2026-09-09T07:11:30.848Z  INFO 87088 --- [kivvi-click] [           main] com.zaxxer.hikari.HikariDataSource       : HikariPool-5 - Starting...
2026-09-09T07:11:30.855Z  INFO 87088 --- [kivvi-click] [           main] com.zaxxer.hikari.pool.HikariPool        : HikariPool-5 - Added connection org.postgresql.jdbc.PgConnection@15f6f64d
2026-09-09T07:11:30.855Z  INFO 87088 --- [kivvi-click] [           main] com.zaxxer.hikari.HikariDataSource       : HikariPool-5 - Start completed.
2026-09-09T07:11:30.859Z  INFO 87088 --- [kivvi-click] [           main] o.s.b.a.e.web.EndpointLinksResolver      : Exposing 1 endpoint beneath base path '/actuator'
2026-09-09T07:11:30.865Z  INFO 87088 --- [kivvi-click] [           main] o.s.boot.tomcat.TomcatWebServer          : Tomcat started on port 42681 (http) with context path '/'
2026-09-09T07:11:30.870Z  INFO 87088 --- [kivvi-click] [           main] click.kivvi.SettingsApiIT                : Started SettingsApiIT in 0.405 seconds (process running for 15.936)
2026-09-09T07:11:30.872Z  INFO 87088 --- [kivvi-click] [eat-scheduler-1] c.k.i.scheduling.HeartbeatJob            : Scheduler heartbeat tick.
2026-09-09T07:11:30.874Z  INFO 87088 --- [kivvi-click] [eat-scheduler-1] c.k.i.tracking.EventDedupCleanupJob      : Event dedup cleanup removed 0 expired row(s).
2026-09-09T07:11:30.875Z  INFO 87088 --- [kivvi-click] [o-auto-4-exec-1] o.a.c.c.C.[Tomcat-3].[localhost].[/]     : Initializing Spring DispatcherServlet 'dispatcherServlet'
2026-09-09T07:11:30.875Z  INFO 87088 --- [kivvi-click] [o-auto-4-exec-1] o.s.web.servlet.DispatcherServlet        : Initializing Servlet 'dispatcherServlet'
2026-09-09T07:11:30.876Z  INFO 87088 --- [kivvi-click] [o-auto-4-exec-1] o.s.web.servlet.DispatcherServlet        : Completed initialization in 1 ms
2026-09-09T07:11:31.201Z  INFO 87088 --- [kivvi-click] [           main] tc.postgres:18-alpine                    : Creating container for image: postgres:18-alpine
2026-09-09T07:11:31.215Z  INFO 87088 --- [kivvi-click] [           main] tc.postgres:18-alpine                    : Container postgres:18-alpine is starting: b381c9d8dfcc8c41de1d05d8f608084ce205d2ae4cbcd5fafccf707f80f84d02
2026-09-09T07:11:32.577Z  INFO 87088 --- [kivvi-click] [           main] tc.postgres:18-alpine                    : Container postgres:18-alpine started in PT1.376127774S
2026-09-09T07:11:32.578Z  INFO 87088 --- [kivvi-click] [           main] tc.postgres:18-alpine                    : Container is started (JDBC URL: jdbc:postgresql://localhost:34604/test?loggerLevel=OFF)
2026-09-09T07:11:32.578Z  INFO 87088 --- [kivvi-click] [           main] t.c.s.AnnotationConfigContextLoaderUtils : Could not detect default configuration classes for test class [click.kivvi.DashboardApiIT]: DashboardApiIT does not declare any static, non-private, non-final, nested classes annotated with @Configuration.
2026-09-09T07:11:32.581Z  INFO 87088 --- [kivvi-click] [           main] .b.t.c.SpringBootTestContextBootstrapper : Found @SpringBootConfiguration click.kivvi.KivviApplication for test class click.kivvi.DashboardApiIT
2026-09-09T07:11:32.582Z  INFO 87088 --- [kivvi-click] [           main] t.c.s.AnnotationConfigContextLoaderUtils : Could not detect default configuration classes for test class [click.kivvi.DashboardApiIT]: DashboardApiIT does not declare any static, non-private, non-final, nested classes annotated with @Configuration.
2026-09-09T07:11:32.584Z  INFO 87088 --- [kivvi-click] [           main] .b.t.c.SpringBootTestContextBootstrapper : Found @SpringBootConfiguration click.kivvi.KivviApplication for test class click.kivvi.DashboardApiIT

  .   ____          _            __ _ _
 /\\ / ___'_ __ _ _(_)_ __  __ _ \ \ \ \
( ( )\___ | '_ | '_| | '_ \/ _` | \ \ \ \
 \\/  ___)| |_)| | | | | || (_| |  ) ) ) )
  '  |____| .__|_| |_|_| |_\__, | / / / /
 =========|_|==============|___/=/_/_/_/

 :: Spring Boot ::                (v4.1.1)

2026-09-09T07:11:32.600Z  INFO 87088 --- [kivvi-click] [           main] click.kivvi.DashboardApiIT               : Starting DashboardApiIT using Java 25.0.4.1 with PID 87088 (started by muszkin in /home/muszkin/work/kivvi-click-wt/verify-wave-4-integration/backend)
2026-09-09T07:11:32.600Z  INFO 87088 --- [kivvi-click] [           main] click.kivvi.DashboardApiIT               : No active profile set, falling back to 1 default profile: "default"
2026-09-09T07:11:32.753Z  INFO 87088 --- [kivvi-click] [           main] o.s.boot.tomcat.TomcatWebServer          : Tomcat initialized with port 0 (http)
2026-09-09T07:11:32.754Z  INFO 87088 --- [kivvi-click] [           main] o.apache.catalina.core.StandardService   : Starting service [Tomcat]
2026-09-09T07:11:32.754Z  INFO 87088 --- [kivvi-click] [           main] o.apache.catalina.core.StandardEngine    : Starting Servlet engine: [Apache Tomcat/11.0.24]
2026-09-09T07:11:32.760Z  INFO 87088 --- [kivvi-click] [           main] b.w.c.s.WebApplicationContextInitializer : Root WebApplicationContext: initialization completed in 159 ms
2026-09-09T07:11:32.831Z  INFO 87088 --- [kivvi-click] [           main] org.flywaydb.core.FlywayExecutor         : Database: jdbc:postgresql://localhost:34604/test?loggerLevel=OFF (PostgreSQL 18.6)
2026-09-09T07:11:32.841Z  INFO 87088 --- [kivvi-click] [           main] o.f.c.i.s.JdbcTableSchemaHistory         : Schema history table "public"."flyway_schema_history" does not exist yet
2026-09-09T07:11:32.841Z  INFO 87088 --- [kivvi-click] [           main] o.f.core.internal.command.DbValidate     : Successfully validated 1 migration (execution time 00:00.002s)
2026-09-09T07:11:32.847Z  INFO 87088 --- [kivvi-click] [           main] o.f.c.i.s.JdbcTableSchemaHistory         : Creating Schema History table "public"."flyway_schema_history" ...
2026-09-09T07:11:32.866Z  INFO 87088 --- [kivvi-click] [           main] o.f.core.internal.command.DbMigrate      : Current version of schema "public": << Empty Schema >>
2026-09-09T07:11:32.868Z  INFO 87088 --- [kivvi-click] [           main] o.f.core.internal.command.DbMigrate      : Migrating schema "public" to version "1 - baseline"
2026-09-09T07:11:32.884Z  INFO 87088 --- [kivvi-click] [           main] o.f.core.internal.command.DbMigrate      : Successfully applied 1 migration to schema "public", now at version v1 (execution time 00:00.013s)
2026-09-09T07:11:32.910Z  INFO 87088 --- [kivvi-click] [           main] o.s.b.w.a.WelcomePageHandlerMapping      : Adding welcome page: class path resource [static/index.html]
2026-09-09T07:11:32.957Z  INFO 87088 --- [kivvi-click] [           main] com.zaxxer.hikari.HikariDataSource       : HikariPool-6 - Starting...
2026-09-09T07:11:32.964Z  INFO 87088 --- [kivvi-click] [           main] com.zaxxer.hikari.pool.HikariPool        : HikariPool-6 - Added connection org.postgresql.jdbc.PgConnection@64ee4b14
2026-09-09T07:11:32.964Z  INFO 87088 --- [kivvi-click] [           main] com.zaxxer.hikari.HikariDataSource       : HikariPool-6 - Start completed.
2026-09-09T07:11:32.968Z  INFO 87088 --- [kivvi-click] [           main] o.s.b.a.e.web.EndpointLinksResolver      : Exposing 1 endpoint beneath base path '/actuator'
2026-09-09T07:11:32.976Z  INFO 87088 --- [kivvi-click] [           main] o.s.boot.tomcat.TomcatWebServer          : Tomcat started on port 39179 (http) with context path '/'
2026-09-09T07:11:32.981Z  INFO 87088 --- [kivvi-click] [           main] click.kivvi.DashboardApiIT               : Started DashboardApiIT in 0.395 seconds (process running for 18.047)
2026-09-09T07:11:32.982Z  INFO 87088 --- [kivvi-click] [eat-scheduler-1] c.k.i.scheduling.HeartbeatJob            : Scheduler heartbeat tick.
2026-09-09T07:11:32.985Z  INFO 87088 --- [kivvi-click] [eat-scheduler-1] c.k.i.tracking.EventDedupCleanupJob      : Event dedup cleanup removed 0 expired row(s).
2026-09-09T07:11:32.986Z  INFO 87088 --- [kivvi-click] [o-auto-5-exec-1] o.a.c.c.C.[Tomcat-4].[localhost].[/]     : Initializing Spring DispatcherServlet 'dispatcherServlet'
2026-09-09T07:11:32.986Z  INFO 87088 --- [kivvi-click] [o-auto-5-exec-1] o.s.web.servlet.DispatcherServlet        : Initializing Servlet 'dispatcherServlet'
2026-09-09T07:11:32.987Z  INFO 87088 --- [kivvi-click] [o-auto-5-exec-1] o.s.web.servlet.DispatcherServlet        : Completed initialization in 1 ms
2026-09-09T07:11:33.205Z  INFO 87088 --- [kivvi-click] [           main] tc.postgres:18-alpine                    : Creating container for image: postgres:18-alpine
2026-09-09T07:11:33.220Z  INFO 87088 --- [kivvi-click] [           main] tc.postgres:18-alpine                    : Container postgres:18-alpine is starting: f80931facd763242d58f92f0fffd2d98b35613d10590debc826ca148fba57ab9
2026-09-09T07:11:34.572Z  INFO 87088 --- [kivvi-click] [           main] tc.postgres:18-alpine                    : Container postgres:18-alpine started in PT1.367576983S
2026-09-09T07:11:34.573Z  INFO 87088 --- [kivvi-click] [           main] tc.postgres:18-alpine                    : Container is started (JDBC URL: jdbc:postgresql://localhost:34605/test?loggerLevel=OFF)
2026-09-09T07:11:34.573Z  INFO 87088 --- [kivvi-click] [           main] t.c.s.AnnotationConfigContextLoaderUtils : Could not detect default configuration classes for test class [click.kivvi.CollectApiIT]: CollectApiIT does not declare any static, non-private, non-final, nested classes annotated with @Configuration.
2026-09-09T07:11:34.576Z  INFO 87088 --- [kivvi-click] [           main] .b.t.c.SpringBootTestContextBootstrapper : Found @SpringBootConfiguration click.kivvi.KivviApplication for test class click.kivvi.CollectApiIT
2026-09-09T07:11:34.577Z  INFO 87088 --- [kivvi-click] [           main] t.c.s.AnnotationConfigContextLoaderUtils : Could not detect default configuration classes for test class [click.kivvi.CollectApiIT]: CollectApiIT does not declare any static, non-private, non-final, nested classes annotated with @Configuration.
2026-09-09T07:11:34.579Z  INFO 87088 --- [kivvi-click] [           main] .b.t.c.SpringBootTestContextBootstrapper : Found @SpringBootConfiguration click.kivvi.KivviApplication for test class click.kivvi.CollectApiIT

  .   ____          _            __ _ _
 /\\ / ___'_ __ _ _(_)_ __  __ _ \ \ \ \
( ( )\___ | '_ | '_| | '_ \/ _` | \ \ \ \
 \\/  ___)| |_)| | | | | || (_| |  ) ) ) )
  '  |____| .__|_| |_|_| |_\__, | / / / /
 =========|_|==============|___/=/_/_/_/

 :: Spring Boot ::                (v4.1.1)

2026-09-09T07:11:34.592Z  INFO 87088 --- [kivvi-click] [           main] click.kivvi.CollectApiIT                 : Starting CollectApiIT using Java 25.0.4.1 with PID 87088 (started by muszkin in /home/muszkin/work/kivvi-click-wt/verify-wave-4-integration/backend)
2026-09-09T07:11:34.592Z  INFO 87088 --- [kivvi-click] [           main] click.kivvi.CollectApiIT                 : No active profile set, falling back to 1 default profile: "default"
2026-09-09T07:11:34.754Z  INFO 87088 --- [kivvi-click] [           main] o.s.boot.tomcat.TomcatWebServer          : Tomcat initialized with port 0 (http)
2026-09-09T07:11:34.755Z  INFO 87088 --- [kivvi-click] [           main] o.apache.catalina.core.StandardService   : Starting service [Tomcat]
2026-09-09T07:11:34.755Z  INFO 87088 --- [kivvi-click] [           main] o.apache.catalina.core.StandardEngine    : Starting Servlet engine: [Apache Tomcat/11.0.24]
2026-09-09T07:11:34.762Z  INFO 87088 --- [kivvi-click] [           main] b.w.c.s.WebApplicationContextInitializer : Root WebApplicationContext: initialization completed in 169 ms
2026-09-09T07:11:34.839Z  INFO 87088 --- [kivvi-click] [           main] org.flywaydb.core.FlywayExecutor         : Database: jdbc:postgresql://localhost:34605/test?loggerLevel=OFF (PostgreSQL 18.6)
2026-09-09T07:11:34.850Z  INFO 87088 --- [kivvi-click] [           main] o.f.c.i.s.JdbcTableSchemaHistory         : Schema history table "public"."flyway_schema_history" does not exist yet
2026-09-09T07:11:34.850Z  INFO 87088 --- [kivvi-click] [           main] o.f.core.internal.command.DbValidate     : Successfully validated 1 migration (execution time 00:00.002s)
2026-09-09T07:11:34.856Z  INFO 87088 --- [kivvi-click] [           main] o.f.c.i.s.JdbcTableSchemaHistory         : Creating Schema History table "public"."flyway_schema_history" ...
2026-09-09T07:11:34.875Z  INFO 87088 --- [kivvi-click] [           main] o.f.core.internal.command.DbMigrate      : Current version of schema "public": << Empty Schema >>
2026-09-09T07:11:34.877Z  INFO 87088 --- [kivvi-click] [           main] o.f.core.internal.command.DbMigrate      : Migrating schema "public" to version "1 - baseline"
2026-09-09T07:11:34.893Z  INFO 87088 --- [kivvi-click] [           main] o.f.core.internal.command.DbMigrate      : Successfully applied 1 migration to schema "public", now at version v1 (execution time 00:00.013s)
2026-09-09T07:11:34.919Z  INFO 87088 --- [kivvi-click] [           main] o.s.b.w.a.WelcomePageHandlerMapping      : Adding welcome page: class path resource [static/index.html]
2026-09-09T07:11:34.968Z  INFO 87088 --- [kivvi-click] [           main] com.zaxxer.hikari.HikariDataSource       : HikariPool-7 - Starting...
2026-09-09T07:11:34.975Z  INFO 87088 --- [kivvi-click] [           main] com.zaxxer.hikari.pool.HikariPool        : HikariPool-7 - Added connection org.postgresql.jdbc.PgConnection@6e1af662
2026-09-09T07:11:34.975Z  INFO 87088 --- [kivvi-click] [           main] com.zaxxer.hikari.HikariDataSource       : HikariPool-7 - Start completed.
2026-09-09T07:11:34.979Z  INFO 87088 --- [kivvi-click] [           main] o.s.b.a.e.web.EndpointLinksResolver      : Exposing 1 endpoint beneath base path '/actuator'
2026-09-09T07:11:34.986Z  INFO 87088 --- [kivvi-click] [           main] o.s.boot.tomcat.TomcatWebServer          : Tomcat started on port 33793 (http) with context path '/'
2026-09-09T07:11:34.991Z  INFO 87088 --- [kivvi-click] [           main] click.kivvi.CollectApiIT                 : Started CollectApiIT in 0.41 seconds (process running for 20.057)
2026-09-09T07:11:34.993Z  INFO 87088 --- [kivvi-click] [eat-scheduler-1] c.k.i.scheduling.HeartbeatJob            : Scheduler heartbeat tick.
2026-09-09T07:11:34.995Z  INFO 87088 --- [kivvi-click] [eat-scheduler-1] c.k.i.tracking.EventDedupCleanupJob      : Event dedup cleanup removed 0 expired row(s).
2026-09-09T07:11:34.999Z  INFO 87088 --- [kivvi-click] [o-auto-6-exec-1] o.a.c.c.C.[Tomcat-5].[localhost].[/]     : Initializing Spring DispatcherServlet 'dispatcherServlet'
2026-09-09T07:11:34.999Z  INFO 87088 --- [kivvi-click] [o-auto-6-exec-1] o.s.web.servlet.DispatcherServlet        : Initializing Servlet 'dispatcherServlet'
2026-09-09T07:11:35.000Z  INFO 87088 --- [kivvi-click] [o-auto-6-exec-1] o.s.web.servlet.DispatcherServlet        : Completed initialization in 1 ms
2026-09-09T07:11:35.281Z  INFO 87088 --- [kivvi-click] [           main] tc.postgres:18-alpine                    : Creating container for image: postgres:18-alpine
2026-09-09T07:11:35.296Z  INFO 87088 --- [kivvi-click] [           main] tc.postgres:18-alpine                    : Container postgres:18-alpine is starting: 9404e744f92f98e7e5fceff2917907bbfcb7abba614925ef6e2d69752687da8c
2026-09-09T07:11:36.663Z  INFO 87088 --- [kivvi-click] [           main] tc.postgres:18-alpine                    : Container postgres:18-alpine started in PT1.381413708S
2026-09-09T07:11:36.663Z  INFO 87088 --- [kivvi-click] [           main] tc.postgres:18-alpine                    : Container is started (JDBC URL: jdbc:postgresql://localhost:34606/test?loggerLevel=OFF)
2026-09-09T07:11:36.664Z  INFO 87088 --- [kivvi-click] [           main] t.c.s.AnnotationConfigContextLoaderUtils : Could not detect default configuration classes for test class [click.kivvi.CustomersApiIT]: CustomersApiIT does not declare any static, non-private, non-final, nested classes annotated with @Configuration.
2026-09-09T07:11:36.667Z  INFO 87088 --- [kivvi-click] [           main] .b.t.c.SpringBootTestContextBootstrapper : Found @SpringBootConfiguration click.kivvi.KivviApplication for test class click.kivvi.CustomersApiIT
2026-09-09T07:11:36.667Z  INFO 87088 --- [kivvi-click] [           main] t.c.s.AnnotationConfigContextLoaderUtils : Could not detect default configuration classes for test class [click.kivvi.CustomersApiIT]: CustomersApiIT does not declare any static, non-private, non-final, nested classes annotated with @Configuration.
2026-09-09T07:11:36.669Z  INFO 87088 --- [kivvi-click] [           main] .b.t.c.SpringBootTestContextBootstrapper : Found @SpringBootConfiguration click.kivvi.KivviApplication for test class click.kivvi.CustomersApiIT

  .   ____          _            __ _ _
 /\\ / ___'_ __ _ _(_)_ __  __ _ \ \ \ \
( ( )\___ | '_ | '_| | '_ \/ _` | \ \ \ \
 \\/  ___)| |_)| | | | | || (_| |  ) ) ) )
  '  |____| .__|_| |_|_| |_\__, | / / / /
 =========|_|==============|___/=/_/_/_/

 :: Spring Boot ::                (v4.1.1)

2026-09-09T07:11:36.680Z  INFO 87088 --- [kivvi-click] [           main] click.kivvi.CustomersApiIT               : Starting CustomersApiIT using Java 25.0.4.1 with PID 87088 (started by muszkin in /home/muszkin/work/kivvi-click-wt/verify-wave-4-integration/backend)
2026-09-09T07:11:36.680Z  INFO 87088 --- [kivvi-click] [           main] click.kivvi.CustomersApiIT               : No active profile set, falling back to 1 default profile: "default"
2026-09-09T07:11:36.805Z  INFO 87088 --- [kivvi-click] [           main] o.s.boot.tomcat.TomcatWebServer          : Tomcat initialized with port 0 (http)
2026-09-09T07:11:36.806Z  INFO 87088 --- [kivvi-click] [           main] o.apache.catalina.core.StandardService   : Starting service [Tomcat]
2026-09-09T07:11:36.806Z  INFO 87088 --- [kivvi-click] [           main] o.apache.catalina.core.StandardEngine    : Starting Servlet engine: [Apache Tomcat/11.0.24]
2026-09-09T07:11:36.811Z  INFO 87088 --- [kivvi-click] [           main] b.w.c.s.WebApplicationContextInitializer : Root WebApplicationContext: initialization completed in 130 ms
2026-09-09T07:11:36.883Z  INFO 87088 --- [kivvi-click] [           main] org.flywaydb.core.FlywayExecutor         : Database: jdbc:postgresql://localhost:34606/test?loggerLevel=OFF (PostgreSQL 18.6)
2026-09-09T07:11:36.896Z  INFO 87088 --- [kivvi-click] [           main] o.f.c.i.s.JdbcTableSchemaHistory         : Schema history table "public"."flyway_schema_history" does not exist yet
2026-09-09T07:11:36.896Z  INFO 87088 --- [kivvi-click] [           main] o.f.core.internal.command.DbValidate     : Successfully validated 1 migration (execution time 00:00.003s)
2026-09-09T07:11:36.903Z  INFO 87088 --- [kivvi-click] [           main] o.f.c.i.s.JdbcTableSchemaHistory         : Creating Schema History table "public"."flyway_schema_history" ...
2026-09-09T07:11:36.925Z  INFO 87088 --- [kivvi-click] [           main] o.f.core.internal.command.DbMigrate      : Current version of schema "public": << Empty Schema >>
2026-09-09T07:11:36.927Z  INFO 87088 --- [kivvi-click] [           main] o.f.core.internal.command.DbMigrate      : Migrating schema "public" to version "1 - baseline"
2026-09-09T07:11:36.950Z  INFO 87088 --- [kivvi-click] [           main] o.f.core.internal.command.DbMigrate      : Successfully applied 1 migration to schema "public", now at version v1 (execution time 00:00.019s)
2026-09-09T07:11:36.974Z  INFO 87088 --- [kivvi-click] [           main] o.s.b.w.a.WelcomePageHandlerMapping      : Adding welcome page: class path resource [static/index.html]
2026-09-09T07:11:37.027Z  INFO 87088 --- [kivvi-click] [           main] com.zaxxer.hikari.HikariDataSource       : HikariPool-8 - Starting...
2026-09-09T07:11:37.034Z  INFO 87088 --- [kivvi-click] [           main] com.zaxxer.hikari.pool.HikariPool        : HikariPool-8 - Added connection org.postgresql.jdbc.PgConnection@563d89de
2026-09-09T07:11:37.034Z  INFO 87088 --- [kivvi-click] [           main] com.zaxxer.hikari.HikariDataSource       : HikariPool-8 - Start completed.
2026-09-09T07:11:37.039Z  INFO 87088 --- [kivvi-click] [           main] o.s.b.a.e.web.EndpointLinksResolver      : Exposing 1 endpoint beneath base path '/actuator'
2026-09-09T07:11:37.046Z  INFO 87088 --- [kivvi-click] [           main] o.s.boot.tomcat.TomcatWebServer          : Tomcat started on port 36445 (http) with context path '/'
2026-09-09T07:11:37.052Z  INFO 87088 --- [kivvi-click] [           main] click.kivvi.CustomersApiIT               : Started CustomersApiIT in 0.381 seconds (process running for 22.118)
2026-09-09T07:11:37.054Z  INFO 87088 --- [kivvi-click] [eat-scheduler-1] c.k.i.scheduling.HeartbeatJob            : Scheduler heartbeat tick.
2026-09-09T07:11:37.057Z  INFO 87088 --- [kivvi-click] [eat-scheduler-1] c.k.i.tracking.EventDedupCleanupJob      : Event dedup cleanup removed 0 expired row(s).
2026-09-09T07:11:37.058Z  INFO 87088 --- [kivvi-click] [o-auto-7-exec-1] o.a.c.c.C.[Tomcat-6].[localhost].[/]     : Initializing Spring DispatcherServlet 'dispatcherServlet'
2026-09-09T07:11:37.058Z  INFO 87088 --- [kivvi-click] [o-auto-7-exec-1] o.s.web.servlet.DispatcherServlet        : Initializing Servlet 'dispatcherServlet'
2026-09-09T07:11:37.059Z  INFO 87088 --- [kivvi-click] [o-auto-7-exec-1] o.s.web.servlet.DispatcherServlet        : Completed initialization in 1 ms
2026-09-09T07:11:37.448Z  INFO 87088 --- [kivvi-click] [           main] tc.postgres:18-alpine                    : Creating container for image: postgres:18-alpine
2026-09-09T07:11:37.479Z  INFO 87088 --- [kivvi-click] [           main] tc.postgres:18-alpine                    : Container postgres:18-alpine is starting: ec9df37d7fc58f4cc141483648d5f9b47037d95673ff3739819784283614f5cf
2026-09-09T07:11:38.852Z  INFO 87088 --- [kivvi-click] [           main] tc.postgres:18-alpine                    : Container postgres:18-alpine started in PT1.403532321S
2026-09-09T07:11:38.852Z  INFO 87088 --- [kivvi-click] [           main] tc.postgres:18-alpine                    : Container is started (JDBC URL: jdbc:postgresql://localhost:34607/test?loggerLevel=OFF)
2026-09-09T07:11:38.853Z  INFO 87088 --- [kivvi-click] [           main] t.c.s.AnnotationConfigContextLoaderUtils : Could not detect default configuration classes for test class [click.kivvi.ImportApiIT]: ImportApiIT does not declare any static, non-private, non-final, nested classes annotated with @Configuration.
2026-09-09T07:11:38.855Z  INFO 87088 --- [kivvi-click] [           main] .b.t.c.SpringBootTestContextBootstrapper : Found @SpringBootConfiguration click.kivvi.KivviApplication for test class click.kivvi.ImportApiIT
2026-09-09T07:11:38.855Z  INFO 87088 --- [kivvi-click] [           main] t.c.s.AnnotationConfigContextLoaderUtils : Could not detect default configuration classes for test class [click.kivvi.ImportApiIT]: ImportApiIT does not declare any static, non-private, non-final, nested classes annotated with @Configuration.
2026-09-09T07:11:38.857Z  INFO 87088 --- [kivvi-click] [           main] .b.t.c.SpringBootTestContextBootstrapper : Found @SpringBootConfiguration click.kivvi.KivviApplication for test class click.kivvi.ImportApiIT

  .   ____          _            __ _ _
 /\\ / ___'_ __ _ _(_)_ __  __ _ \ \ \ \
( ( )\___ | '_ | '_| | '_ \/ _` | \ \ \ \
 \\/  ___)| |_)| | | | | || (_| |  ) ) ) )
  '  |____| .__|_| |_|_| |_\__, | / / / /
 =========|_|==============|___/=/_/_/_/

 :: Spring Boot ::                (v4.1.1)

2026-09-09T07:11:38.866Z  INFO 87088 --- [kivvi-click] [           main] click.kivvi.ImportApiIT                  : Starting ImportApiIT using Java 25.0.4.1 with PID 87088 (started by muszkin in /home/muszkin/work/kivvi-click-wt/verify-wave-4-integration/backend)
2026-09-09T07:11:38.867Z  INFO 87088 --- [kivvi-click] [           main] click.kivvi.ImportApiIT                  : No active profile set, falling back to 1 default profile: "default"
2026-09-09T07:11:38.969Z  INFO 87088 --- [kivvi-click] [           main] o.s.boot.tomcat.TomcatWebServer          : Tomcat initialized with port 0 (http)
2026-09-09T07:11:38.969Z  INFO 87088 --- [kivvi-click] [           main] o.apache.catalina.core.StandardService   : Starting service [Tomcat]
2026-09-09T07:11:38.969Z  INFO 87088 --- [kivvi-click] [           main] o.apache.catalina.core.StandardEngine    : Starting Servlet engine: [Apache Tomcat/11.0.24]
2026-09-09T07:11:38.974Z  INFO 87088 --- [kivvi-click] [           main] b.w.c.s.WebApplicationContextInitializer : Root WebApplicationContext: initialization completed in 107 ms
2026-09-09T07:11:39.050Z  INFO 87088 --- [kivvi-click] [           main] org.flywaydb.core.FlywayExecutor         : Database: jdbc:postgresql://localhost:34607/test?loggerLevel=OFF (PostgreSQL 18.6)
2026-09-09T07:11:39.059Z  INFO 87088 --- [kivvi-click] [           main] o.f.c.i.s.JdbcTableSchemaHistory         : Schema history table "public"."flyway_schema_history" does not exist yet
2026-09-09T07:11:39.059Z  INFO 87088 --- [kivvi-click] [           main] o.f.core.internal.command.DbValidate     : Successfully validated 1 migration (execution time 00:00.002s)
2026-09-09T07:11:39.065Z  INFO 87088 --- [kivvi-click] [           main] o.f.c.i.s.JdbcTableSchemaHistory         : Creating Schema History table "public"."flyway_schema_history" ...
2026-09-09T07:11:39.085Z  INFO 87088 --- [kivvi-click] [           main] o.f.core.internal.command.DbMigrate      : Current version of schema "public": << Empty Schema >>
2026-09-09T07:11:39.087Z  INFO 87088 --- [kivvi-click] [           main] o.f.core.internal.command.DbMigrate      : Migrating schema "public" to version "1 - baseline"
2026-09-09T07:11:39.105Z  INFO 87088 --- [kivvi-click] [           main] o.f.core.internal.command.DbMigrate      : Successfully applied 1 migration to schema "public", now at version v1 (execution time 00:00.014s)
2026-09-09T07:11:39.127Z  INFO 87088 --- [kivvi-click] [           main] o.s.b.w.a.WelcomePageHandlerMapping      : Adding welcome page: class path resource [static/index.html]
2026-09-09T07:11:39.165Z  INFO 87088 --- [kivvi-click] [           main] com.zaxxer.hikari.HikariDataSource       : HikariPool-9 - Starting...
2026-09-09T07:11:39.171Z  INFO 87088 --- [kivvi-click] [           main] com.zaxxer.hikari.pool.HikariPool        : HikariPool-9 - Added connection org.postgresql.jdbc.PgConnection@1267d81a
2026-09-09T07:11:39.171Z  INFO 87088 --- [kivvi-click] [           main] com.zaxxer.hikari.HikariDataSource       : HikariPool-9 - Start completed.
2026-09-09T07:11:39.174Z  INFO 87088 --- [kivvi-click] [           main] o.s.b.a.e.web.EndpointLinksResolver      : Exposing 1 endpoint beneath base path '/actuator'
2026-09-09T07:11:39.181Z  INFO 87088 --- [kivvi-click] [           main] o.s.boot.tomcat.TomcatWebServer          : Tomcat started on port 40807 (http) with context path '/'
2026-09-09T07:11:39.185Z  INFO 87088 --- [kivvi-click] [           main] click.kivvi.ImportApiIT                  : Started ImportApiIT in 0.327 seconds (process running for 24.251)
2026-09-09T07:11:39.187Z  INFO 87088 --- [kivvi-click] [eat-scheduler-1] c.k.i.scheduling.HeartbeatJob            : Scheduler heartbeat tick.
2026-09-09T07:11:39.190Z  INFO 87088 --- [kivvi-click] [eat-scheduler-1] c.k.i.tracking.EventDedupCleanupJob      : Event dedup cleanup removed 0 expired row(s).
2026-09-09T07:11:39.190Z  INFO 87088 --- [kivvi-click] [o-auto-8-exec-1] o.a.c.c.C.[Tomcat-7].[localhost].[/]     : Initializing Spring DispatcherServlet 'dispatcherServlet'
2026-09-09T07:11:39.190Z  INFO 87088 --- [kivvi-click] [o-auto-8-exec-1] o.s.web.servlet.DispatcherServlet        : Initializing Servlet 'dispatcherServlet'
2026-09-09T07:11:39.191Z  INFO 87088 --- [kivvi-click] [o-auto-8-exec-1] o.s.web.servlet.DispatcherServlet        : Completed initialization in 1 ms
[ERROR] Tests run: 8, Failures: 1, Errors: 0, Skipped: 0, Time elapsed: 2.106 s <<< FAILURE! -- in click.kivvi.ImportApiIT
[ERROR] click.kivvi.ImportApiIT.pathTraversalOriginalNameNeverEscapesTheUploadDirectoryOverHttp -- Time elapsed: 0.032 s <<< FAILURE!
org.opentest4j.AssertionFailedError: 
[nothing written outside the upload directory] 
expected: 
  [/tmp/6Jd1DlzaKjpPBiKnC6xKi,
      /tmp/probe-scm.spec.ts,
      /tmp/magellan-ai-tooling-5rUwr2,
      /tmp/-d19JMqLvPxVQwXta82op,
      /tmp/-UAeNojEWnaT8ca3pZkVo,
      /tmp/magellan-ai-tooling-95390J,
      /tmp/magellan-skill-validator-mTLzcO,
      /tmp/NTU55_xc0oNspUQJQiO-G,
      /tmp/magellan-skill-validator-dWxlD5,
      /tmp/fe-format.log,
      /tmp/magellan-ai-tooling-WTjGX4,
      /tmp/magellan-skill-validator-6LS4dG,
      /tmp/tmp.WtBYox61Xv,
      /tmp/magellan-ai-tooling-kgytCR,
      /tmp/magellan-run-ledger-DVn20c,
      /tmp/magellan-ai-tooling-txmqYs,
      /tmp/jackson3extracted,
      /tmp/magellan-ai-tooling-dbTuao,
      /tmp/magellan-ai-tooling-h09lfP,
      /tmp/magellan-skill-validator-A9wP9a,
      /tmp/bBGD5G54DXXP89-ElTSSV,
      /tmp/tgok,
      /tmp/magellan-ai-tooling-J4tJca,
      /tmp/wsdl-muszkin-009802e8258a97421c19a4db9ffbc5909d,
      /tmp/tomcat.0.12933269001933063341,
      /tmp/wk3.html,
      /tmp/magellan-ai-tooling-AtxtwK,
      /tmp/expected_spec.ts,
      /tmp/magellan-skill-validator-fqiIlu,
      /tmp/magellan-ai-tooling-4B4ME0,
      /tmp/magellan-skill-validator-MAfdAp,
      /tmp/surefire-muszkin,
      /tmp/blog_cache_bad_ih4kev2fthl1dAGpykb,
      /tmp/phpunit_icon_c31j9sp2grluaLWxLsH,
      /tmp/magellan-ai-tooling-xzwJ9J,
      /tmp/cards-6NZ9LU,
      /tmp/systemd-private-69eb74b91a084dd08b9f790575f5873e-apache2.service-YG2xej,
      /tmp/magellan-doctor-BkWnqu,
      /tmp/oms-import-upload-test-15725652361609430822,
      /tmp/magellan-skill-validator-fewAB3,
      /tmp/oms-import-upload-test-6072084074402011712,
      /tmp/eTEwtbjB_O4M4lnxcSm24,
      /tmp/magellan-run-ledger-qk3car,
      /tmp/magellan-skill-validator-DdDh9x,
      /tmp/magellan-skill-validator-hLKQEb,
      /tmp/phpunit_icon_5d8uv632a1p06SAesFl_test.svg,
      /tmp/tmp.UwjGzdkk7y,
      /tmp/com.google.Chrome.RSyyo8,
      /tmp/expected_probe.html,
      /tmp/magellan-doctor-Qwl4RO,
      /tmp/xfs-b429ad6d,
      /tmp/tmp.2Nqlk7SCDp,
      /tmp/magellan-package-XzqsKz,
      /tmp/magellan-skill-validator-9NO3uX,
      /tmp/kivvi-import-Yl5rpy,
      /tmp/phpunit_icon_poj0kp1q55r96GzEw47,
      /tmp/magellan-ai-tooling-ZxruX7,
      /tmp/magellan-doctor-MHwOvq,
      /tmp/magellan-ai-tooling-ov18Bi,
      /tmp/pio69-owner-klienci.png,
      /tmp/magellan-ai-tooling-HGwhqw,
      /tmp/magellan-skill-hash-LEZaOc,
      /tmp/playwright_chromiumdev_profile-u3axq4,
      /tmp/tomcat-docbase.0.2556656012443908584,
      /tmp/KNA-jY4d1lzpm_GIp4Sgn,
      /tmp/QWHEmemvdTvjSgHe1vjmq,
      /tmp/tomcat.0.3536273182701927825,
      /tmp/probe-out,
      /tmp/kNYqkhfZoj52yzOLDBFBQ,
      /tmp/.org.chromium.Chromium.hHrrqz,
      /tmp/nhfzWor3gfkEb2Fr9uq79,
      /tmp/oms-import-upload-test-14807285522560254791,
      /tmp/tmp.tc0iZ0dMEM,
      /tmp/kotlin-daemon.2026-09-08.10-40-19-034.01.log,
      /tmp/xfs-74c0f0ba,
      /tmp/tmp.e7IZYMWMhY,
      /tmp/0d4XL_WhX81X3AIaL7Res,
      /tmp/phpunit_icon_kkkaloupndfa5LZIiWG,
      /tmp/magellan-ai-tooling-VjsWTk,
      /tmp/magellan-package-HF49wc,
      /tmp/magellan-package-hUvCej,
      /tmp/magellan-ai-tooling-pPl56a,
      /tmp/magellan-ai-tooling-526K3Y,
      /tmp/kotlin-daemon.2026-09-03.13-27-57-135.00.log.lck,
      /tmp/legacy-topic-cleanup14122006036188151062,
      /tmp/magellan-ai-tooling-qZe7b5,
      /tmp/kotlin-daemon.2026-09-08.10-45-34-588.00.log,
      /tmp/phpunit_icon_lccjank429vkb59ZyZT,
      /tmp/phpunit_icon_sr9hhhnfj5bv7C3CVTP_test.png,
      /tmp/oms-import-upload-test-12357790662947863108,
      /tmp/magellan-run-ledger-mFm9ei,
      /tmp/blog_cache_test_sk23jn7kk1db8zZxqbD,
      /tmp/phpunit_icon_bv5i4vo151bd7cGFXSY_test.png,
      /tmp/phpunit_icon_eikrb01hbsbq3BJNWMr_test.svg,
      /tmp/magellan-skill-validator-2sHGzt,
      /tmp/A7pp7-s4ijf-t7fYe804N,
      /tmp/magellan-ai-tooling-1utUSs,
      /tmp/dkolQhc5fIL-Poyj4LlmA,
      /tmp/magellan-ai-tooling-HSsxNW,
      /tmp/ULGsp_2QQzS5XlSlKojs6,
      /tmp/magellan-skill-hash-a3OR5F,
      /tmp/phpunit_icon_oo8212802pku3iupCye,
      /tmp/magellan-ai-tooling-9c6E0O,
      /tmp/yBVTLMhr1gRyxShkoCVtb,
      /tmp/magellan-ai-tooling-aarbkw,
      /tmp/tmp.pERRvfo6Ru,
      /tmp/legal2.sh,
      /tmp/phpunit_icon_hdhkfs5n8lcu1G4mnOD,
      /tmp/tmp.SbXKV6wRS1,
      /tmp/4GvmORP_eujHiXJxoJx6o,
      /tmp/.com.google.Chrome.lGpB0M,
      /tmp/magellan-ai-tooling-uWoA5t,
      /tmp/magellan-ai-tooling-vZ4O6B,
      /tmp/tmp.9IVXHjyb22,
      /tmp/magellan-skill-validator-AsONdA,
      /tmp/.com.google.Chrome.VSzhVk,
      /tmp/magellan-run-ledger-OBq17A,
      /tmp/magellan-skill-validator-1jFUYH,
      /tmp/.org.chromium.Chromium.EQ3p2M,
      /tmp/phpunit_icon_9jrk8421a3g70e5iPMC,
      /tmp/magellan-ai-tooling-YGm01q,
      /tmp/tmp.spWisLNJ0W,
      /tmp/tmp.3wELVCUvC7,
      /tmp/tmp.Wqskb8NMNF,
      /tmp/xfs-1481e5cf,
      /tmp/magellan-run-ledger-TXMeNx,
      /tmp/magellan-ai-tooling-pdbBie,
      /tmp/claude_append2.json,
      /tmp/NmOpBD_FG0ZMv0tLBGzvA,
      /tmp/tmp.S2k13q2C4r,
      /tmp/tmp.swqwTTQpnZ,
      /tmp/kotlin-daemon.2026-09-03.11-38-57-882.01.log,
      /tmp/tmp.gux8YaGiw2,
      /tmp/phpunit_icon_t7oov145de6n2YZtYIP,
      /tmp/magellan-ai-tooling-FFQuDG,
      /tmp/xfs-5b99fb35,
      /tmp/RZNyIdz6k_7vmJUXuojal,
      /tmp/magellan-ai-tooling-XG33yT,
      /tmp/jNxOpHKU5w3byd_ZfEDcm,
      /tmp/magellan-ai-tooling-V4Z18w,
      /tmp/magellan-skill-validator-4NVhKU,
      /tmp/magellan-ai-tooling-TO64xS,
      /tmp/magellan-skill-validator-8AbqBi,
      /tmp/magellan-run-ledger-km3A7k,
      /tmp/phpunit_icon_2nojpqmmbglp7F34MFM,
      /tmp/magellan-skill-validator-AvXqYB,
      /tmp/magellan-skill-validator-N0eUpE,
      /tmp/A64ZRCToMz2j_xQ-X1Yze,
      /tmp/kivvi-import-KUShSa,
      /tmp/magellan-ai-tooling-KwD06q,
      /tmp/magellan-skill-validator-yNftU1,
      /tmp/pAWMnYMsIUu-izs4nXI4C,
      /tmp/texts_diff_1.txt,
      /tmp/magellan-skill-validator-cXR9xn,
      /tmp/kotlin-daemon.2026-09-03.10-27-51-669.00.log,
      /tmp/kotlin-daemon.2026-09-08.23-39-33-524.00.log,
      /tmp/e2e-run-1-full.txt,
      /tmp/oms-import-upload-test-91869895543595098,
      /tmp/magellan-skill-validator-suOoCT,
      /tmp/xfs-604b95a9,
      /tmp/phpunit_icon_n4coef09knhuc75azlA,
      /tmp/phpunit_icon_baq1crf42fm2fmfJ32E,
      /tmp/tmp.bs0Ux8OCXK,
      /tmp/magellan-run-ledger-6wxxxN,
      /tmp/magellan-package-RhTH9s,
      /tmp/magellan-skill-validator-2ycKkU,
      /tmp/blog_cache_bad_fn9ria77ia8peSJ6W5S,
      /tmp/magellan-ai-tooling-0W2cxy,
      /tmp/phpunit_icon_gs0rqo48hh91eFslnVx_test.svg,
      /tmp/tmp.2pZmoUfmeC,
      /tmp/vitest-location-check,
      /tmp/magellan-ai-tooling-r927In,
      /tmp/magellan-ai-tooling-4icA5C,
      /tmp/tmp.dcB8jRHTOE,
      /tmp/phpunit_icon_4rsqdl6ekf5f4wsRwKh_test.png,
      /tmp/KZmShnHEYiY7W_D5Yt6mS,
      /tmp/magellan-ai-tooling-gAsDjr,
      /tmp/tmp.hkdHtDkAyc,
      /tmp/krFGHv-7QZoLs4SGZk8CK,
      /tmp/mvnw-mutant4.log,
      /tmp/step1.txt,
      /tmp/magellan-ai-tooling-BCrddT,
      /tmp/magellan-ai-tooling-0B9d9B,
      /tmp/phpunit_icon_97kh81cu3l3q3t2ycCt,
      /tmp/vt2O_wGLyI3lLBhjkk7RI,
      /tmp/73tMC0i1ktdH5Nz-ogFTy,
      /tmp/2YoIR92B861eQZaV8VHqt,
      /tmp/magellan-run-ledger-edLIO6,
      /tmp/tmp.4dc2d2oFAb,
      /tmp/magic.txt,
      /tmp/magellan-run-ledger-e3VMKR,
      /tmp/tmp.80NW4FTlwk,
      /tmp/blog_cache_bad_ods1kq4geucg2JdixKu,
      /tmp/hoEH4wyBjMyblcvxiyE1v,
      /tmp/c35IKUmVJ4ovogYlSGkMO,
      /tmp/architecture-test.txt,
      /tmp/expected_overlay.ts,
      /tmp/pio69-owner-oblozenie.png,
      /tmp/.org.chromium.Chromium.W3wL10,
      /tmp/red-campaigns.html,
      /tmp/tmp.jdrM9cikVg,
      /tmp/magellan-doctor-RL0xiP,
      /tmp/.com.google.Chrome.bACmAd,
      /tmp/magellan-ai-tooling-BBjZfj,
      /tmp/xfs-baceaac2,
      /tmp/magellan-ai-tooling-24jOhf,
      /tmp/magellan-ai-tooling-PL7tx9,
      /tmp/mvnw-test-out.log,
      /tmp/kotlin-daemon.2026-09-03.11-13-01-131.00.log,
      /tmp/magellan-skill-validator-MceI3N,
      /tmp/magellan-ai-tooling-vuKAUJ,
      /tmp/blog_cache_test_ikg0n5mcpf9p1DdInRp,
      /tmp/j_aria.mp3,
      /tmp/final-verify.log,
      /tmp/magellan-doctor-eHxkol,
      /tmp/kotlin-daemon.2026-09-03.14-43-40-566.01.log,
      /tmp/phpunit_icon_3t6cdis39bs535BxLkp,
      /tmp/com.google.Chrome.gX7JNK,
      /tmp/long3.json,
      /tmp/phpunit_icon_frvkj5ajc32u8dlze9d,
      /tmp/kivvi-load-loop.log,
      /tmp/magellan-skill-validator-02DUz3,
      /tmp/phpunit_icon_ltf4m28qbr7scwi4dW5_test.svg,
      /tmp/phpunit_icon_js145enav68p7B7X623,
      /tmp/magellan-ai-tooling-Tbiel3,
      /tmp/kivvi-mvn-test2.log,
      /tmp/magellan-skill-validator-qHLPJn,
      /tmp/tmp.f9V9c4BjgN,
      /tmp/magellan-run-ledger-qljCyS,
      /tmp/pio69-owner-kalendarz.png,
      /tmp/tmp.6arIPIthPQ,
      /tmp/magellan-package-IqhkX3,
      /tmp/HfAVuBj06d1zmi99oclJM,
      /tmp/magellan-ai-tooling-JPVNl0,
      /tmp/tmp.jGkfYSBHqr,
      /tmp/mine-format.java,
      /tmp/Ui5TQIBVzDAH2Z6TM_is6,
      /tmp/magellan-ai-tooling-GR04x3,
      /tmp/magellan-ai-tooling-3Tt8vp,
      /tmp/magellan-ai-tooling-GfGCLu,
      /tmp/legacy-connection-config-cleanup13037751319621349224,
      /tmp/phpunit_icon_frvkj5ajc32u8dlze9d_test.png,
      /tmp/blog_cache_bad_806u0m2matg95xnEHwj,
      /tmp/magellan-ai-tooling-GJeYE1,
      /tmp/kotlin-daemon.2026-09-03.10-58-46-420.02.log,
      /tmp/xfs-2ebce8bb,
      /tmp/M26ik3Q3CSHOFf62b0wbl,
      /tmp/magellan-run-ledger-VbO8xv,
      /tmp/kotlin-daemon.2026-09-08.12-19-53-298.00.log,
      /tmp/tomcat-docbase.0.7807959849224412024,
      /tmp/tmp.nilnvZ42Bc,
      /tmp/tmp.imfuuRLnCV,
      /tmp/magellan-ai-tooling-4f5wDb,
      /tmp/magellan-ai-tooling-GYrDpo,
      /tmp/tomcat.0.12928843371389094203,
      /tmp/xfs-289870fd,
      /tmp/tmp.ZaVGdNXbOy,
      /tmp/magellan-ai-tooling-uoy8UV,
      /tmp/magellan-skill-validator-p4nwPO,
      /tmp/magellan-ai-tooling-DLR4dq,
      /tmp/magellan-doctor-XrlmXp,
      /tmp/.org.chromium.Chromium.kVvjRF,
      /tmp/cjw.txt,
      /tmp/phpunit_icon_gavnbepls2ul7Jjzz89,
      /tmp/fe-integ.log,
      /tmp/tmp.P0RmCCUMHs,
      /tmp/magellan-skill-hash-rDRwiK,
      /tmp/red-compare-out,
      /tmp/magellan-ai-tooling-L7p1GH,
      /tmp/mvn-followup-focused.log,
      /tmp/tmp.IEK6tm0zmc,
      /tmp/oms-import-upload-test-16927127663738491415,
      /tmp/magellan-ai-tooling-S1ROG5,
      /tmp/magellan-ai-tooling-6irIKB,
      /tmp/magellan-doctor-cVwhrM,
      /tmp/magellan-ai-tooling-hunrNr,
      /tmp/cards-vX9YTr,
      /tmp/48T0VRiW2TtkoNhwIAlHE,
      /tmp/magellan-ai-tooling-N6EqLz,
      /tmp/playwright-transform-cache-1000,
      /tmp/phpunit_icon_5cs0gc5kkiiibpzntZb,
      /tmp/jeoZc1lWMJUwNSvUW8-lB,
      /tmp/magellan-ai-tooling-A43tUI,
      /tmp/G9Ocdtwgshp3WNI9RlrdF,
      /tmp/magellan-skill-validator-hIlS0Z,
      /tmp/magellan-run-ledger-762IYx,
      /tmp/magellan-ai-tooling-abruZ9,
      /tmp/magellan-ai-tooling-jid4Tm,
      /tmp/Q-U61SkINLGifZmcDyAQA,
      /tmp/kivvi-spotless-apply.log,
      /tmp/xfs-d5c9ce3e,
      /tmp/magellan-ai-tooling-34kx9j,
      /tmp/magellan-ai-tooling-DJLOUq,
      /tmp/magellan-ai-tooling-4Pgj9x,
      /tmp/magellan-ai-tooling-Zpusjk,
      /tmp/RrZRfQ15ML2JEsAaEN82p,
      /tmp/phpunit_icon_d5ugc4jcl8rd4pMeXfv,
      /tmp/magellan-skill-validator-mYYyxe,
      /tmp/tmp.YbvRH5fuSD,
      /tmp/magellan-ai-tooling-5D1C0d,
      /tmp/tomcat.0.4851736176183915891,
      /tmp/phpunit_icon_o2ki8euh8kiu5N5ZDvT,
      /tmp/xfs-7215e266,
      /tmp/wpr.html,
      /tmp/t9zHfCnsuTQ7Irouqf57L,
      /tmp/magellan-ai-tooling-QUD4Ha,
      /tmp/fabplug,
      /tmp/magellan-skill-validator-213Nti,
      /tmp/tomcat.0.17492441621940265055,
      /tmp/kotlin-daemon.2026-09-03.13-45-53-321.00.log,
      /tmp/magellan-skill-validator-4AsPOg,
      /tmp/magellan-ai-tooling-i0oSCt,
      /tmp/magellan-ai-tooling-0rM8hB,
      /tmp/magellan-ai-tooling-NJKwLo,
      /tmp/rebuild-api.log,
      /tmp/magellan-ai-tooling-4Adr0S,
      /tmp/tmp.ZUwvVwXLNI,
      /tmp/magellan-skill-validator-8nXS0o,
      /tmp/phpunit_icon_k4tf3g4lrtbiewXW5Fk_test.svg,
      /tmp/xfs-28d5460e,
      /tmp/magellan-ai-tooling-IWSusb,
      /tmp/legacy-topic-cleanup14891199756205278512,
      /tmp/magellan-ai-tooling-XTpeC9,
      /tmp/magellan-ai-tooling-Mp6wzU,
      /tmp/red-lists.txt,
      /tmp/magellan-ai-tooling-p4d0nA,
      /tmp/iRvf9VTwTdONOWICrvsEb,
      /tmp/blog_cache_test_nkl68gv44c6c6o8Pg1q,
      /tmp/phpunit_icon_g5vio10pf7umegIME5w,
      /tmp/phpunit_icon_a5eqsbekagrr3bYtplC_test.svg,
      /tmp/magellan-ai-tooling-VQrfrY,
      /tmp/TfYXvTCLFtrVS_pVdw_C9,
      /tmp/magellan-ai-tooling-0MkJmg,
      /tmp/magellan-ai-tooling-lI2MiQ,
      /tmp/_ba1jS8-YrmsMfyLYK6cq,
      /tmp/magellan-ai-tooling-B71vKG,
      /tmp/o4b6d5qM60KEzALoeqe5N,
      /tmp/tmp.0rwMpKwA2H,
      /tmp/magellan-ai-tooling-FqmHFx,
      /tmp/xfs-054ff8af,
      /tmp/jooqx,
      /tmp/tmp.zaLriGGLSw,
      /tmp/tmp.36g54IJywD,
      /tmp/magellan-skill-validator-LsMdRF,
      /tmp/magellan-ai-tooling-V55Ys9,
      /tmp/com.google.Chrome.6vNLeg,
      /tmp/8u9QZEyoiASOEgvEBT_nT,
      /tmp/magellan-ai-tooling-EoLHPW,
      /tmp/v8-compile-cache-1000,
      /tmp/magellan-package-ZffRly,
      /tmp/magellan-ai-tooling-m3xKxS,
      /tmp/tmp.DBSQgMf6RG,
      /tmp/tmp.fVK55f6uFI,
      /tmp/tmp.gU6vWiqKp8,
      /tmp/tmp.prXpaR8HGd,
      /tmp/magellan-ai-tooling-X2zHQS,
      /tmp/magellan-ai-tooling-k7iUNL,
      /tmp/magellan-skill-validator-558UId,
      /tmp/fi1f0zLrGbSU6s59xVjps,
      /tmp/magellan-skill-validator-rb5P7I,
      /tmp/spring-session-jdbc-4.1.1.jar,
      /tmp/xfs-1556b7cc,
      /tmp/magellan-ai-tooling-hQGkno,
      /tmp/magellan-ai-tooling-Mn300y,
      /tmp/ykQUxSxusaaAz2lCjAD-7,
      /tmp/magellan-doctor-wGu883,
      /tmp/magellan-ai-tooling-QprVbY,
      /tmp/fe-formatcheck.log,
      /tmp/magellan-ai-tooling-YlA7QX,
      /tmp/tomcat.0.3494441830386586455,
      /tmp/JBLbjQpQGy93GtXs54fXR,
      /tmp/magellan-ai-tooling-5z7icP,
      /tmp/magellan-ai-tooling-tyywbI,
      /tmp/magellan-run-ledger-VOc3ZX,
      /tmp/tmp.ztB0wHzsiN,
      /tmp/magellan-ai-tooling-4ray8g,
      /tmp/magellan-ai-tooling-2A3f7I,
      /tmp/magellan-ai-tooling-MFIcig,
      /tmp/oms-import-upload-test-10466429824944859054,
      /tmp/magellan-ai-tooling-OQR6yb,
      /tmp/magellan-skill-hash-WIYwuj,
      /tmp/tmp.QHJb6i8c9p,
      /tmp/tmp.7Vo1H0XljT,
      /tmp/magellan-run-ledger-sy3p9z,
      /tmp/xNW1hLMMPBl-JVl7qjWCc,
      /tmp/magellan-skill-validator-KuM2LK,
      /tmp/blog_cache_bad_1665nje57unecQxOXt5,
      /tmp/magellan-ai-tooling-Uc1pb3,
      /tmp/magellan-skill-validator-g0KcCx,
      /tmp/magellan-run-ledger-NqyKpQ,
      /tmp/magellan-skill-validator-CN1O5D,
      /tmp/blog_cache_bad_4pnsmj264ut45jF8cL3,
      /tmp/.XIM-unix,
      /tmp/MaGnUph2QTDnzjRWGRUw0,
      /tmp/vite4.log,
      /tmp/magellan-skill-validator-EA9o50,
      /tmp/magellan-ai-tooling-4Gvzoy,
      /tmp/tmp.xqtYGnFAYK,
      /tmp/blog_cache_bad_2k3k07q00pha4YHw2Sx,
      /tmp/-Sf7TymaJIIeDduRsAAel,
      /tmp/magellan-skill-validator-93r0iy,
      /tmp/magellan-ai-tooling-6aKEJN,
      /tmp/magellan-ai-tooling-arxpXk,
      /tmp/xfs-b9140752,
      /tmp/oms-import-upload-test-13390936209705963713,
      /tmp/tmp.8JGsM9paCW,
      /tmp/phpunit_icon_99oe0n2q89u19VKVfbG_test.svg,
      /tmp/xs2HrrngS-599DUA1qeDI,
      /tmp/com.google.Chrome.3eQkiF,
      /tmp/Yl1m9ho7uezZuuqZquROl,
      /tmp/magellan-ai-tooling-VQinsB,
      /tmp/AZjdn0WAN0GAquUTrWqL5,
      /tmp/magellan-doctor-JSiYpJ,
      /tmp/6YP6VY_zaqG1PwdArEJAj,
      /tmp/brief_tests.sh,
      /tmp/phpunit_icon_93gat8i033dq7rWXVKb_test.svg,
      /tmp/magellan-ai-tooling-QepPqL,
      /tmp/.org.chromium.Chromium.hVdoJE,
      /tmp/tomcat.0.13013256902662957883,
      /tmp/magellan-ai-tooling-7mXOUz,
      /tmp/magellan-ai-tooling-AxNuAK,
      /tmp/magellan-ai-tooling-dhgMwC,
      /tmp/magellan-ai-tooling-GxfDsu,
      /tmp/magellan-ai-tooling-SE7kQB,
      /tmp/.org.chromium.Chromium.2oTn69,
      /tmp/phpunit_icon_efq4or5h0s2q2WMJNkS_test.svg,
      /tmp/magellan-run-ledger-8VrvgG,
      /tmp/phpunit_icon_ltf4m28qbr7scwi4dW5,
      /tmp/magellan-run-ledger-MZOx0b,
      /tmp/tmp.J2h67jPu1p,
      /tmp/tmp.63RC0DpeZO,
      /tmp/phpunit_icon_bv5i4vo151bd7cGFXSY,
      /tmp/magellan-package-xDk1Zf,
      /tmp/blog_cache_bad_e8fdkfkitiimdIhCdtN,
      /tmp/intro.html.bak,
      /tmp/phpunit_icon_34lhehl8j32bfk1H0lO,
      /tmp/magellan-ai-tooling-v5gebh,
      /tmp/magellan-skill-validator-oe9aiM,
      /tmp/blog_cache_bad_o68tkruvqmqsblonq5i,
      /tmp/magellan-skill-validator-Hm0ptP,
      /tmp/magellan-ai-tooling-tCXicR,
      /tmp/com.google.Chrome.VtbTwM,
      /tmp/.org.chromium.Chromium.iOvoD6,
      /tmp/phpunit_icon_152iv1akpnhbfBohqJN_test.png,
      /tmp/l7zmKmxuWBEiicVrPTbGJ,
      /tmp/magellan-ai-tooling-DHrBY4,
      /tmp/compare-green,
      /tmp/tmp.rMdoM1qgNi,
      /tmp/NINIGIlTOdrMVlF4b05R_,
      /tmp/magellan-ai-tooling-hzteUI,
      /tmp/phpunit_icon_4jfa77a1tpqh9tanUHp_test.png,
      /tmp/tmp.WfJdd6zurF,
      /tmp/magellan-ai-tooling-bjno4f,
      /tmp/kotlin-daemon.2026-09-09.00-27-58-734.00.log,
      /tmp/EzwCBUfXDE5yVyb7g_rwZ,
      /tmp/magellan-ai-tooling-RG1vUQ,
      /tmp/sbrt.jar,
      /tmp/magellan-run-ledger-Fvbqw9,
      /tmp/Sy798W6_AHQ4BHhtDuk58,
      /tmp/magellan-ai-tooling-qhHTPM,
      /tmp/tomcat.0.3997815342147500441,
      /tmp/magellan-ai-tooling-YKkcne,
      /tmp/kivvi-archunit.log,
      /tmp/phpunit_icon_d26ticqf8g6mbzauitV,
      /tmp/magellan-ai-tooling-Fna6Qf,
      /tmp/tomcat.0.3108741149002345783,
      /tmp/phpunit_icon_uojfd6gqr3mu9OEshDj_test.svg,
      /tmp/playwright_chromiumdev_profile-jvmgsF,
      /tmp/magellan-skill-validator-BShxnM,
      /tmp/y-fWj9N4Yho-kCqbYCidI,
      /tmp/magellan-ai-tooling-BocNXi,
      /tmp/repair-verify2.log,
      /tmp/kotlin-daemon.2026-09-08.17-11-53-404.01.log,
      /tmp/magellan-ai-tooling-CyORMJ,
      /tmp/G5bCKNbJ-g5FBjsZgV_Aj,
      /tmp/brief-migration-waves.md,
      /tmp/tmp.rpPLqV2MXO,
      /tmp/magellan-ai-tooling-0yHRjN,
      /tmp/xfs-843a5734,
      /tmp/P0rDDg44wzhhCpLEKleJN,
      /tmp/magellan-skill-validator-vJBdNA,
      /tmp/magellan-ai-tooling-Ig04p5,
      /tmp/xfs-0ac8415a,
      /tmp/tomcat-docbase.0.15236300912305688671,
      /tmp/xfs-8b997cdc,
      /tmp/magellan-run-ledger-dcSquR,
      /tmp/magellan-package-sw2l8z,
      /tmp/K5LPiqYVmkgCU1HBNSF1L,
      /tmp/magellan-ai-tooling-z0E3wn,
      /tmp/phpunit_icon_tpmlouk611v0cPdKnB3_test.svg,
      /tmp/probe-setcontent.mjs,
      /tmp/magellan-skill-validator-ZXd1s5,
      /tmp/tmp.fhKedCQUHY,
      /tmp/xfs-e8bfbc0e,
      /tmp/magellan-ai-tooling-XnkW78,
      /tmp/magellan-ai-tooling-6an1Rr,
      /tmp/tmp.Luw8AIE3fs,
      /tmp/magellan-ai-tooling-HWzTDs,
      /tmp/phpunit_icon_j7a49d5gd0e99gD4qD7_test.svg,
      /tmp/magellan-ai-tooling-oBUcRh,
      ...
      /tmp/magellan-ai-tooling-fX2wey,
      /tmp/S38QWr7jz4Fb2eoFrgUnK,
      /tmp/compare-green3,
      /tmp/compare-green2,
      /tmp/oms-import-upload-test-10464137999357019359,
      /tmp/magellan-skill-validator-9e4gTF,
      /tmp/tmp.CA8TTrjGlz,
      /tmp/HAoXLHRZ4-4GggQ8Pxs2i,
      /tmp/magellan-ai-tooling-JabSuf,
      /tmp/xfs-dbc75dad,
      /tmp/magellan-ai-tooling-OvVktC,
      /tmp/FVzTvjTEHpAvGweXMrTeA,
      /tmp/magellan-ai-tooling-ze5SlH,
      /tmp/blog_cache_bad_lmse5jbvccub7Uy7KY1,
      /tmp/kivvi-import-3JPd5f,
      /tmp/magellan-ai-tooling-1SUltv,
      /tmp/magellan-skill-validator-bDIINt,
      /tmp/tmp.N9JMBu6g43,
      /tmp/magellan-skill-validator-XWUq7M,
      /tmp/legacy-connection-config-cleanup4070273036554720963,
      /tmp/magellan-skill-validator-qbOLwV,
      /tmp/magellan-skill-validator-rrZK15,
      /tmp/chipcheck.mjs,
      /tmp/.bun-1000-61c01c5e5cdf6745.node,
      /tmp/phpunit_icon_b5a0eidaklevfhrxgkB,
      /tmp/psQsXQwTdwL_WAE311IsJ,
      /tmp/tmp.0hP8OuznbP,
      /tmp/DQLQVpON8QzBUAzl5Gzgh,
      /tmp/o0wKl_1roIL7WvOw245SE,
      /tmp/magellan-skill-validator-SM3qUp,
      /tmp/tmp.guTZqzgP90,
      /tmp/magellan-ai-tooling-nyfwhN,
      /tmp/magellan-ai-tooling-QQi5Hx,
      /tmp/cards-hmskVd,
      /tmp/57iHUUwdi4O5Rqt-KC6cM,
      /tmp/phpunit_icon_ng6cadth7o748uhq9mX_test.svg,
      /tmp/x.jar,
      /tmp/magellan-skill-validator-QqTaSN,
      /tmp/Ljra7qLwanPPD7oKalTAT,
      /tmp/magellan-run-ledger-2nS3UW,
      /tmp/magellan-ai-tooling-ipbPBM,
      /tmp/magellan-ai-tooling-wtjn1p,
      /tmp/magellan-ai-tooling-t6o9Xs,
      /tmp/magellan-ai-tooling-wu4k0g,
      /tmp/magellan-ai-tooling-DkwW5J,
      /tmp/WQ38kNBuTANO3pzfQ5qlk,
      /tmp/playwright_chromiumdev_profile-yp21f7,
      /tmp/blog_cache_test_dqk6beqifqsg6hmD2bL,
      /tmp/npmci-e2e.log,
      /tmp/kivvi-spotless-check2.log,
      /tmp/wacc.html,
      /tmp/hsperfdata_muszkin,
      /tmp/magellan-ai-tooling-kb7Q1Y,
      /tmp/magellan-skill-validator-oV8znI,
      /tmp/magellan-ai-tooling-fuK02A,
      /tmp/playwright_chromiumdev_profile-zJQOHj,
      /tmp/blog_cache_test_tu5996o1nftqb39qB4x,
      /tmp/magellan-ai-tooling-ZIKJmZ,
      /tmp/magellan-package-TfDugU,
      /tmp/tmp.vp4txp6SCe,
      /tmp/tmp.q2mLDgOOco,
      /tmp/tmp.sLDkLpG7IL,
      /tmp/magellan-ai-tooling-L40Chq,
      /tmp/cards-bltuqk,
      /tmp/lintout2.txt,
      /tmp/tmp.LUPfvrzws3,
      /tmp/blog_cache_test_pfi9h5d16c6f71fxPyI,
      /tmp/magellan-skill-validator-gUj8hH,
      /tmp/magellan-package-ztLs82,
      /tmp/magellan-ai-tooling-Pw1Itk,
      /tmp/tmp.ojM12J1IZ0,
      /tmp/tmp.bNT5pCidRe,
      /tmp/magellan-ai-tooling-GpBQqs,
      /tmp/magellan-ai-tooling-9dhlhR,
      /tmp/tomcat.0.11379351321697743217,
      /tmp/tmp.FR2kfDRMNl,
      /tmp/magellan-ai-tooling-QCOEcy,
      /tmp/magellan-ai-tooling-ZnhXK7,
      /tmp/phpunit_icon_1bfrskvrjgfnfknQtR4,
      /tmp/magellan-skill-hash-2JwML6,
      /tmp/tomcat.0.5844582709754587913,
      /tmp/magellan-ai-tooling-aJmtqi,
      /tmp/magellan-skill-validator-PTy2TW,
      /tmp/phpunit_icon_9jrk8421a3g70e5iPMC_test.svg,
      /tmp/magellan-ai-tooling-qnBQSq,
      /tmp/.org.chromium.Chromium.v7EeeG,
      /tmp/phpunit_icon_uojfd6gqr3mu9OEshDj,
      /tmp/magellan-skill-validator-xYPjJb,
      /tmp/magellan-ai-tooling-P4Vm0l,
      /tmp/magellan-skill-validator-eWiJ3W,
      /tmp/yYf-rpdmIBvbu8y2DD3Iz,
      /tmp/magellan-ai-tooling-eNvSJu,
      /tmp/magellan-ai-tooling-hZSuc7,
      /tmp/tmp.PaiHsh2nrA,
      /tmp/8nucjxdxgptfKlST3axyo,
      /tmp/xfs-b639d690,
      /tmp/oms-import-upload-test-4175021506802926423,
      /tmp/magellan-run-ledger-a6UPfo,
      /tmp/tmp.4dDvyEOjiN,
      /tmp/magellan-ai-tooling-w6NgY1,
      /tmp/magellan-skill-validator-bj4n4M,
      /tmp/blog_cache_test_thngidoqcrh33KIKeXb,
      /tmp/ou.bak,
      /tmp/magellan-skill-validator-04Ab2M,
      /tmp/phpunit_icon_s2g9e6g32irp55iFI7q_test.svg,
      /tmp/blog_cache_test_24m7ou9ho3939ALGZA0,
      /tmp/card.css.bak,
      /tmp/cX8rYrldqLTTUA2HWx4ah,
      /tmp/magellan-ai-tooling-6378B2,
      /tmp/tmp.kEVimXspWT,
      /tmp/tmp.NEN12VcmVU,
      /tmp/magellan-doctor-Wq2iBT,
      /tmp/playwright-artifacts-ClHwCm,
      /tmp/kotlin-daemon.2026-09-03.12-26-21-154.02.log,
      /tmp/kotlin-daemon.2026-09-08.17-11-53-404.00.log,
      /tmp/tmp.kMNbXWAoD1,
      /tmp/blog_cache_bad_n6ck8q4tp7b2daJI1Hu,
      /tmp/tomcat.0.6221271181847396549,
      /tmp/magellan-ai-tooling-0mmjNL,
      /tmp/12H_0FHPBKXV9evjyWP5Y,
      /tmp/magellan-ai-tooling-XblNcJ,
      /tmp/kivvi-import-B7UXDW,
      /tmp/blog_cache_test_3dkgd7ejaall7iMpXBT,
      /tmp/magellan-ai-tooling-DjWVDF,
      /tmp/JwzGySkeDp3-o54P_bGex,
      /tmp/tmp.qbnYKOovew,
      /tmp/IOzVETrfRpSQV4g6py--h,
      /tmp/magellan-ai-tooling-K8k7ML,
      /tmp/playwright-download-vmdceE,
      /tmp/magellan-ai-tooling-qRRCRv,
      /tmp/phpunit_icon_vj1m1d45ma70eZN5Q6f_test.svg,
      /tmp/sbsp.pom,
      /tmp/8XNJZPhxzhfDvraWsCCmo,
      /tmp/magellan-ai-tooling-IHDUXL,
      /tmp/com.google.Chrome.4VZYTx,
      /tmp/sscore,
      /tmp/phpunit_icon_poj0kp1q55r96GzEw47_test.svg,
      /tmp/tmp.8PQNj9Mh5o,
      /tmp/xfs-5ffca78e,
      /tmp/tmp.JfYdRbVrBu,
      /tmp/tmp.pOnlBVICdd,
      /tmp/run-settings-2.log,
      /tmp/EE41BJo-gCotkJiuLINRX,
      /tmp/magellan-ai-tooling-bpVADF,
      /tmp/.org.chromium.Chromium.LVQU7l,
      /tmp/tmp.7210Ric7kF,
      /tmp/JtltlZDQhAPm8b1ef6VUd,
      /tmp/red-compare-output.txt,
      /tmp/magellan-run-ledger-mN2woM,
      /tmp/magellan-ai-tooling-UwRJpj,
      /tmp/tmp.2nUq1t2Ovq,
      /tmp/magellan-doctor-EI0toW,
      /tmp/q4ojfDWK96AM_Dq-edGmZ,
      /tmp/magellan-skill-validator-fs1tnT,
      /tmp/magellan-ai-tooling-iRbYBY,
      /tmp/npm-test.log,
      /tmp/magellan-ai-tooling-v4NY1b,
      /tmp/kotlin-daemon.2026-09-03.12-13-19-122.00.log,
      /tmp/magellan-ai-tooling-jpeZDn,
      /tmp/magellan-run-ledger-nb65Bm,
      /tmp/magellan-ai-tooling-0g2PQP,
      /tmp/magellan-ai-tooling-1m9RBr,
      /tmp/com.google.Chrome.512hiL,
      /tmp/magellan-skill-validator-kcmVj5,
      /tmp/hcs.jar,
      /tmp/xfs-31eef04e,
      /tmp/zQWyaOaHkLQQHzyeYpOei,
      /tmp/.org.chromium.Chromium.ESwcXy,
      /tmp/magellan-ai-tooling-c3BZGZ,
      /tmp/magellan-ai-tooling-vTatrp,
      /tmp/tmp.s66QocKLY6,
      /tmp/g_aria.mp3,
      /tmp/magellan-skill-hash-8UqCkr,
      /tmp/tmp.haI5qZziFX,
      /tmp/blog_cache_bad_l36t9d1irjcl2Rlw0WM,
      /tmp/phpunit_icon_u78o3m4gfkfjesOM1tJ_test.svg,
      /tmp/tmp.sUK8Amcwvq,
      /tmp/magellan-ai-tooling-fXE1ip,
      /tmp/ssj,
      /tmp/magellan-ai-tooling-e5g1ld,
      /tmp/magellan-skill-validator-T0pf7C,
      /tmp/magellan-ai-tooling-fHQmuS,
      /tmp/mvn-verify-final.log,
      /tmp/tmp.JDgNkYV2HD,
      /tmp/tmp.H3FNEn4JTG,
      /tmp/blog_cache_test_bt44c2ajg9ej4mDz3aO,
      /tmp/magellan-skill-validator-CyyqYh,
      /tmp/magellan-ai-tooling-8mUM9F,
      /tmp/kotlin-daemon.2026-09-03.10-39-36-299.00.log,
      /tmp/magellan-ai-tooling-VIWkdm,
      /tmp/phpunit_icon_j0avn9ib5d7q6S84SOy,
      /tmp/magellan-skill-validator-sJxoZW,
      /tmp/4nGv_OOhn_hJJtl6x4gMJ,
      /tmp/magellan-run-ledger-zNODhl,
      /tmp/tts_gw.mp3,
      /tmp/magellan-ai-tooling-Uxyi3H,
      /tmp/qT6q052ckXErAkDjkPdL2,
      /tmp/phpunit_icon_6a1b1trkjkhge1eTlmb,
      /tmp/FErmnATvFURxdtINUPTJ1,
      /tmp/xfs-fa9fb560,
      /tmp/W6VqgtSWbd2ZW4epCc9dN,
      /tmp/OPVl5hfRsCj9QKG3Zn0H8,
      /tmp/hcsx,
      /tmp/magellan-run-ledger-tiYkip,
      /tmp/magellan-ai-tooling-Hjy4Mi,
      /tmp/pio69-owner-meldunki.png,
      /tmp/magellan-skill-validator-9RWDPa,
      /tmp/oms-import-upload-test-13783980319145842209,
      /tmp/magellan-ai-tooling-nyqV3P,
      /tmp/x6WjT0_T18,
      /tmp/tmp.CXPY0JnAHj,
      /tmp/phpunit_icon_b3b1huln8f9b0LZTc2Q,
      /tmp/-Zn0G-lOeVGOVyo-77KAe,
      /tmp/playwright_chromiumdev_profile-wP3pd9,
      /tmp/phpunit_icon_baq1crf42fm2fmfJ32E_test.png,
      /tmp/magellan-ai-tooling-53VsIx,
      /tmp/rvw_route.sh,
      /tmp/6vw22GigeHznxNaTxpbWO,
      /tmp/06osSZe9UFd2mnLSwny9Y,
      /tmp/phpunit_icon_g5vio10pf7umegIME5w_test.svg,
      /tmp/magellan-ai-tooling-PCT220,
      /tmp/magellan-ai-tooling-eTlkxj,
      /tmp/blog_cache_bad_ugh7eeel31va6Nw1YoS,
      /tmp/magellan-ai-tooling-M0TG90,
      /tmp/qwI2FPYtdgqWRwscMYtKS,
      /tmp/com.google.Chrome.3zvx71,
      /tmp/phpunit_icon_aghm8cgbg3rm5okw8gR,
      /tmp/mig.err,
      /tmp/magellan-ai-tooling-kbWTkm,
      /tmp/xfs-b1aa1eab,
      /tmp/magellan-ai-tooling-uXp4B2,
      /tmp/magellan-ai-tooling-wGyXM7,
      /tmp/kotlin-daemon.2026-09-03.13-17-56-379.02.log,
      /tmp/phpunit_icon_03d8jpfrsbr78T68hAk,
      /tmp/magellan-ai-tooling-qpJDPd,
      /tmp/magellan-ai-tooling-ZQC4ER,
      /tmp/tomcat.0.923194418744347508,
      /tmp/tomcat.0.2514771598368017120,
      /tmp/ZxEYyBt262YgCqrUf2-4L,
      /tmp/tmp.SJOAQTwTLt,
      /tmp/phpunit_icon_2h2bno52i2nt8uUE3gq_test.png,
      /tmp/phpunit_icon_a9t6499g4orce7EvI6H,
      /tmp/new_overlay.ts,
      /tmp/magellan-ai-tooling-DrC2kz,
      /tmp/magellan-ai-tooling-X6ci4t,
      /tmp/jiti,
      /tmp/magellan-skill-validator-2zwudw,
      /tmp/magellan-ai-tooling-bQudWD,
      /tmp/kotlin-daemon.2026-09-03.11-12-34-140.00.log,
      /tmp/tQZmGWvBJLNfye4o3MAFp,
      /tmp/tomcat.0.14327450218833790791,
      /tmp/tmp.zRY65u9clR,
      /tmp/lintout.log,
      /tmp/tmp.7WFVAZkLHa,
      /tmp/magellan-ai-tooling-muqQsj,
      /tmp/magellan-ai-tooling-8HCmP8,
      /tmp/com.google.Chrome.l62aea,
      /tmp/tmp.9IWNz7qVgN,
      /tmp/magellan-ai-tooling-kG8jqy,
      /tmp/y_cBZ_uK_kWJm6HgfqTtG,
      /tmp/dbprfIGL2g6OfDenifhKN,
      /tmp/tmp.9RKT1LWnmn,
      /tmp/magellan-ai-tooling-5z9BAC,
      /tmp/magellan-ai-tooling-PUFYMz,
      /tmp/magellan-ai-tooling-vx0A4J,
      /tmp/magellan-run-ledger-qOjl0j,
      /tmp/magellan-ai-tooling-C7owy2,
      /tmp/magellan-skill-validator-3teCpW,
      /tmp/.org.chromium.Chromium.0noOFV,
      /tmp/verify3.log,
      /tmp/ilvnUx0Bcl3EMja4hHqoW,
      /tmp/tmp.yJVyngAGBy,
      /tmp/magellan-ai-tooling-CZeCFx,
      /tmp/magellan-ai-tooling-GEeKbp,
      /tmp/magellan-skill-validator-Htq3Dz,
      /tmp/playwright_chromiumdev_profile-rbcPo0,
      /tmp/blog_cache_test_vi1ardhqvier22yJuXv,
      /tmp/magellan-ai-tooling-XyrOa5,
      /tmp/a11y_diff_3.txt,
      /tmp/magellan-ai-tooling-mm0nqn,
      /tmp/magellan-skill-validator-Qnuqxb,
      /tmp/xfs-9d33bb9a,
      /tmp/magellan-ai-tooling-RLTANG,
      /tmp/xfs-802fc1f1,
      /tmp/v_en.mp3,
      /tmp/pQglK0hjk4sl2Hs4I9jVl,
      /tmp/magellan-skill-validator-WbrFru,
      /tmp/phpunit_icon_1hhcaf0j31iu3Q2GkFZ,
      /tmp/magellan-skill-validator-caSUHu,
      /tmp/magellan-ai-tooling-XqVVHA,
      /tmp/magellan-ai-tooling-UZTL9h,
      /tmp/magellan-package-y78Rvp,
      /tmp/magellan-run-ledger-lheY1Y,
      /tmp/phpunit_icon_mdtiiedptms1cexXhZA,
      /tmp/magellan-ai-tooling-NYURbu,
      /tmp/magellan-ai-tooling-el0hX5,
      /tmp/magellan-ai-tooling-QGE0Yg,
      /tmp/sc.bak,
      /tmp/BRY-jYDT448BSqkA07dVt,
      /tmp/magellan-ai-tooling-0Z3hSM,
      /tmp/magellan-ai-tooling-rae2pP,
      /tmp/phpunit_icon_93gat8i033dq7rWXVKb,
      /tmp/magellan-skill-validator-blrmti,
      /tmp/phpunit_icon_87kgd1t98lhf1JzJcZl,
      /tmp/magellan-ai-tooling-LylMNg,
      /tmp/.org.chromium.Chromium.EgUIVq,
      /tmp/magellan-skill-validator-7l0WUp,
      /tmp/tmp.GtHow32UJb,
      /tmp/magellan-skill-validator-TtbtVr,
      /tmp/tmp.U4uxpiHyta,
      /tmp/magellan-ai-tooling-8NRJnb,
      /tmp/magellan-ai-tooling-Fbq254,
      /tmp/magellan-skill-validator-TBYNp4,
      /tmp/magellan-skill-validator-W0M8rf,
      /tmp/magellan-ai-tooling-gNuf23,
      /tmp/tmp.p09txKF2UG,
      /tmp/kivvi-import-bCUMO8,
      /tmp/phpunit_icon_1eod6fiu79l596IApCz_test.svg,
      /tmp/magellan-skill-validator-7zoduU,
      /tmp/magellan-ai-tooling-6TfFRz,
      /tmp/phpunit_icon_a5eqsbekagrr3bYtplC,
      /tmp/phpunit_icon_i03jcj4970bu1IpKOMh_test.png,
      /tmp/phpstan,
      /tmp/magellan-ai-tooling-Eq6hEV,
      /tmp/kotlin-daemon.2026-09-08.23-25-17-868.00.log,
      /tmp/.org.chromium.Chromium.HCPmKO,
      /tmp/magellan-skill-validator-awM3yK,
      /tmp/.X11-unix,
      /tmp/build-reformatted.log,
      /tmp/magellan-skill-hash-GqhB2g,
      /tmp/magellan-ai-tooling-aJKzoq,
      /tmp/node-compile-cache,
      /tmp/tmp.15Y0vO6kTy,
      /tmp/magellan-run-ledger-jwhgQl,
      /tmp/magellan-skill-validator-UUxcZd,
      /tmp/gate-contract.txt,
      /tmp/.org.chromium.Chromium.7tMm1f,
      /tmp/tmp.DzGPUMfnLc,
      /tmp/magellan-ai-tooling-3vgfmt,
      /tmp/compose-up2.log,
      /tmp/phpunit_icon_5cs0gc5kkiiibpzntZb_test.svg,
      /tmp/magellan-ai-tooling-Vd25Jy,
      /tmp/legacy-connection-config-cleanup7716071123686562427,
      /tmp/magellan-skill-validator-gdhnxI,
      /tmp/TsPvAMiHFadz2ZNSSSqHR,
      /tmp/xfs-4c034394,
      /tmp/magellan-ai-tooling-qSSZPK,
      /tmp/phpunit_icon_c31j9sp2grluaLWxLsH_test.png,
      /tmp/magellan-ai-tooling-0ycJwA,
      /tmp/magellan-ai-tooling-r5gUsV,
      /tmp/magellan-ai-tooling-qgpFkW,
      /tmp/magellan-ai-tooling-XvL0tH,
      /tmp/magellan-ai-tooling-sXMLfF,
      /tmp/magellan-ai-tooling-Dtm8jq,
      /tmp/magellan-skill-validator-DFS4th,
      /tmp/cards-zu9DJ6,
      /tmp/magellan-skill-validator-Bng1Qe,
      /tmp/magellan-ai-tooling-XADo98,
      /tmp/phpunit_icon_eq7ulv7h1aca7di9G52,
      /tmp/magellan-run-ledger-qLzHg3,
      /tmp/phpunit_icon_34lhehl8j32bfk1H0lO_test.png,
      /tmp/magellan-ai-tooling-VffASU,
      /tmp/hh406DbkFEcMtfJaswFrO,
      /tmp/magellan-ai-tooling-eFJAnw,
      /tmp/7tm4pqUWHgk3X_FNQGoTx,
      /tmp/pio69-owner-zapytania.png,
      /tmp/magellan-skill-validator-yhy7DK,
      /tmp/PqVZB2_9BlFLVnF2TvSMA,
      /tmp/T21-jAhpIHUxZmJ5dqDMo,
      /tmp/run-navigation-4.log,
      /tmp/brief_build.sh,
      /tmp/probe3.sh,
      /tmp/magellan-skill-validator-Imu9tS,
      /tmp/events.html,
      /tmp/magellan-skill-validator-YYigAU,
      /tmp/magellan-ai-tooling-5jP2Ir,
      /tmp/phpunit_icon_9062pg5896tkbVtISTC,
      /tmp/magellan-ai-tooling-oO2hGG,
      /tmp/lintout.txt,
      /tmp/magellan-ai-tooling-PZo0kd,
      /tmp/magellan-skill-validator-BqRvdp,
      /tmp/phpunit_icon_2nojpqmmbglp7F34MFM_test.png,
      /tmp/sbd2.pom,
      /tmp/magellan-ai-tooling-OkVKsD,
      /tmp/cards-NTrF2h,
      /tmp/phpunit_icon_o2ki8euh8kiu5N5ZDvT_test.svg,
      /tmp/LRVt_OwTHT9dQEggibVBr,
      /tmp/F7D0ESBGBJ0uqAB9IVrhb,
      /tmp/blog_cache_test_njlvajt5i0v76cIyIqC,
      /tmp/phpunit_icon_kf1qppk1qa19dJctJfY_test.svg,
      /tmp/o8MdYtWx3WSgYLU3pvTHT,
      /tmp/magellan-skill-validator-SAlJWQ,
      /tmp/.org.chromium.Chromium.nMwGXy,
      /tmp/magellan-run-ledger-aWiaUF,
      /tmp/new_pw_config.ts,
      /tmp/phpunit_icon_6irr4pnn590sfFGlnzf,
      /tmp/magellan-ai-tooling-3rGFoy,
      /tmp/magellan-skill-validator-OQXUKX,
      /tmp/blog_cache_test_tr0k9ef77ictc5sgpDJ,
      /tmp/magellan-skill-validator-O7UncK,
      /tmp/legacy-topic-cleanup1560166879453181239,
      /tmp/_COC6USh-O_qBt_vbdTdc,
      /tmp/magellan-run-ledger-OYuwyC,
      /tmp/magellan-ai-tooling-7Hnovn,
      /tmp/OwMEJrAV9CjwqhnzYiSfw,
      /tmp/magellan-ai-tooling-DIb7A4,
      /tmp/cards-ixohhn,
      /tmp/kotlin-daemon.2026-09-08.23-05-34-322.00.log,
      /tmp/tmp.UaEK1Sb52v,
      /tmp/tmp.AGGMnNFope,
      /tmp/magellan-ai-tooling-bGhWye,
      /tmp/tmp.xuuO1MCotG,
      /tmp/HTvBSUNaJLARk38R_F2m6,
      /tmp/magellan-skill-validator-LuSh72,
      /tmp/oms-import-upload-test-10396035785079936530,
      /tmp/tmp.vUPG4VDfbo,
      /tmp/v-ocHHBDMRpk_N5dovE-g,
      /tmp/magellan-ai-tooling-idhWZF,
      /tmp/magellan-ai-tooling-LosLiJ,
      /tmp/run-public.log,
      /tmp/kotlin-daemon.2026-09-09.00-12-55-314.00.log,
      /tmp/magellan-ai-tooling-tNBtAS,
      /tmp/magellan-ai-tooling-t2t78i,
      /tmp/magellan-skill-validator-sXh2r0,
      /tmp/.bun-1000-b8b4789fcd6de580.node,
      /tmp/magellan-ai-tooling-diKW8C,
      /tmp/magellan-ai-tooling-vddW3m,
      /tmp/magellan-run-ledger-oYBVql,
      /tmp/tmp.puzRt4pWxi,
      /tmp/I_XJVwKKSXRzzhUTVQR_o,
      /tmp/phpunit_icon_hp4t81g0b2vu2KuhQEF_test.svg,
      /tmp/run-events.log,
      /tmp/repro5-step1.png,
      /tmp/compare-run1.log,
      /tmp/com.google.Chrome.LodUEd,
      /tmp/phpunit_icon_9062pg5896tkbVtISTC_test.svg,
      /tmp/run-editors-email.log,
      /tmp/magellan-ai-tooling-ikz9AS,
      /tmp/systemd-private-69eb74b91a084dd08b9f790575f5873e-systemd-logind.service-btRI6i,
      /tmp/blog_cache_bad_9hnr4je0cko4ce7Ac3a,
      /tmp/magellan-ai-tooling-FMxBUK,
      /tmp/kivvi-import-zcnSpw,
      /tmp/magellan-skill-validator-NrcQI7,
      /tmp/magellan-ai-tooling-hweert,
      /tmp/tmp.DzZ7mKXlri,
      /tmp/magellan-ai-tooling-eR0Gfs,
      /tmp/magellan-ai-tooling-AiZXZB,
      /tmp/pio69-owner-uslugi-dodatkowe.png,
      /tmp/magellan-skill-validator-kbvP30,
      /tmp/magellan-ai-tooling-1pNCwf,
      /tmp/kivvi-mvn-verify.log,
      /tmp/magellan-skill-validator-X0FiGo,
      /tmp/magellan-ai-tooling-4qo2BT,
      /tmp/magellan-skill-validator-O1qIOy,
      /tmp/tmp.1jWBquK4M3,
      /tmp/magellan-ai-tooling-Eexo5G,
      /tmp/magellan-ai-tooling-AV7bxf,
      /tmp/magellan-ai-tooling-3uXH3B,
      /tmp/magellan-ai-tooling-GOhkq7,
      /tmp/magellan-skill-validator-ym7mOW,
      /tmp/magellan-run-ledger-Ld5hSg,
      /tmp/magellan-ai-tooling-q640KJ,
      /tmp/magellan-skill-validator-3cgFD3,
      /tmp/oms-import-upload-test-4222195753883059379,
      /tmp/magellan-skill-validator-xH1177,
      /tmp/magellan-ai-tooling-mGzJzL,
      /tmp/cards-BVJDPv,
      /tmp/.org.chromium.Chromium.xhbQoM,
      /tmp/magellan-ai-tooling-Pjw1cy,
      /tmp/magellan-run-ledger-B0MZ2G,
      /tmp/cards-XyZ2aD,
      /tmp/xfs-9e22b6ca,
      /tmp/phpunit_icon_5lfab3l1t6nk9KeuQ8y,
      /tmp/magellan-ai-tooling-AUbMIV,
      /tmp/aws-serverless-mcp-server-deployments,
      /tmp/magellan-ai-tooling-5D0i94,
      /tmp/Rm6jXaJ7kJYO2-0-U5_Nq,
      /tmp/magellan-ai-tooling-h4BkXL,
      /tmp/tmp.gZe5uU2qU9,
      /tmp/tmp.BGbplanMFN,
      /tmp/magellan-skill-validator-NAl9nO,
      /tmp/1_FS1UUhYfiUwPjHcY-OK,
      /tmp/magellan-skill-validator-603Oeb,
      /tmp/magellan-ai-tooling-rHiudE,
      /tmp/magellan-run-ledger-rPjmuI,
      /tmp/magellan-skill-validator-MIMsLT,
      /tmp/kotlin-daemon.2026-09-03.10-29-37-791.00.log,
      /tmp/vite3.log,
      /tmp/PiXbxMASONBAGzEVTNOyj,
      /tmp/FrT1iBPk4dKTGmu0bTSC8,
      /tmp/inv.txt,
      /tmp/magellan-skill-validator-BGQjSs,
      /tmp/magellan-ai-tooling-qExFdU,
      /tmp/texts_diff_5.txt,
      /tmp/magellan-ai-tooling-Ly4v3z,
      /tmp/magellan-ai-tooling-OBOtEz,
      /tmp/blog_cache_test_otbf8nvll6rp760EyPu,
      /tmp/static-arch.txt,
      /tmp/magellan-run-ledger-H2OlfW,
      /tmp/4YNg_H-eZaVGPsyHxs8Pb] (HashSet@57bc2c06)
 but was: 
  [/tmp/6Jd1DlzaKjpPBiKnC6xKi,
      /tmp/probe-scm.spec.ts,
      /tmp/magellan-ai-tooling-5rUwr2,
      /tmp/-d19JMqLvPxVQwXta82op,
      /tmp/-UAeNojEWnaT8ca3pZkVo,
      /tmp/magellan-ai-tooling-95390J,
      /tmp/magellan-skill-validator-mTLzcO,
      /tmp/NTU55_xc0oNspUQJQiO-G,
      /tmp/magellan-skill-validator-dWxlD5,
      /tmp/fe-format.log,
      /tmp/magellan-ai-tooling-WTjGX4,
      /tmp/magellan-skill-validator-6LS4dG,
      /tmp/tmp.WtBYox61Xv,
      /tmp/magellan-ai-tooling-kgytCR,
      /tmp/magellan-run-ledger-DVn20c,
      /tmp/magellan-ai-tooling-txmqYs,
      /tmp/jackson3extracted,
      /tmp/magellan-ai-tooling-dbTuao,
      /tmp/magellan-ai-tooling-h09lfP,
      /tmp/magellan-skill-validator-A9wP9a,
      /tmp/bBGD5G54DXXP89-ElTSSV,
      /tmp/tgok,
      /tmp/magellan-ai-tooling-J4tJca,
      /tmp/wsdl-muszkin-009802e8258a97421c19a4db9ffbc5909d,
      /tmp/tomcat.0.12933269001933063341,
      /tmp/wk3.html,
      /tmp/magellan-ai-tooling-AtxtwK,
      /tmp/expected_spec.ts,
      /tmp/magellan-skill-validator-fqiIlu,
      /tmp/magellan-ai-tooling-4B4ME0,
      /tmp/magellan-skill-validator-MAfdAp,
      /tmp/surefire-muszkin,
      /tmp/blog_cache_bad_ih4kev2fthl1dAGpykb,
      /tmp/phpunit_icon_c31j9sp2grluaLWxLsH,
      /tmp/magellan-ai-tooling-xzwJ9J,
      /tmp/cards-6NZ9LU,
      /tmp/systemd-private-69eb74b91a084dd08b9f790575f5873e-apache2.service-YG2xej,
      /tmp/magellan-doctor-BkWnqu,
      /tmp/oms-import-upload-test-15725652361609430822,
      /tmp/magellan-skill-validator-fewAB3,
      /tmp/oms-import-upload-test-6072084074402011712,
      /tmp/eTEwtbjB_O4M4lnxcSm24,
      /tmp/magellan-run-ledger-qk3car,
      /tmp/magellan-skill-validator-DdDh9x,
      /tmp/magellan-skill-validator-hLKQEb,
      /tmp/phpunit_icon_5d8uv632a1p06SAesFl_test.svg,
      /tmp/tmp.UwjGzdkk7y,
      /tmp/com.google.Chrome.RSyyo8,
      /tmp/expected_probe.html,
      /tmp/magellan-doctor-Qwl4RO,
      /tmp/xfs-b429ad6d,
      /tmp/tmp.2Nqlk7SCDp,
      /tmp/magellan-package-XzqsKz,
      /tmp/magellan-skill-validator-9NO3uX,
      /tmp/kivvi-import-Yl5rpy,
      /tmp/phpunit_icon_poj0kp1q55r96GzEw47,
      /tmp/magellan-ai-tooling-ZxruX7,
      /tmp/magellan-doctor-MHwOvq,
      /tmp/magellan-ai-tooling-ov18Bi,
      /tmp/pio69-owner-klienci.png,
      /tmp/magellan-ai-tooling-HGwhqw,
      /tmp/magellan-skill-hash-LEZaOc,
      /tmp/playwright_chromiumdev_profile-u3axq4,
      /tmp/tomcat-docbase.0.2556656012443908584,
      /tmp/KNA-jY4d1lzpm_GIp4Sgn,
      /tmp/QWHEmemvdTvjSgHe1vjmq,
      /tmp/tomcat.0.3536273182701927825,
      /tmp/probe-out,
      /tmp/kNYqkhfZoj52yzOLDBFBQ,
      /tmp/.org.chromium.Chromium.hHrrqz,
      /tmp/nhfzWor3gfkEb2Fr9uq79,
      /tmp/oms-import-upload-test-14807285522560254791,
      /tmp/tmp.tc0iZ0dMEM,
      /tmp/kotlin-daemon.2026-09-08.10-40-19-034.01.log,
      /tmp/xfs-74c0f0ba,
      /tmp/tmp.e7IZYMWMhY,
      /tmp/0d4XL_WhX81X3AIaL7Res,
      /tmp/phpunit_icon_kkkaloupndfa5LZIiWG,
      /tmp/magellan-ai-tooling-VjsWTk,
      /tmp/magellan-package-HF49wc,
      /tmp/magellan-package-hUvCej,
      /tmp/magellan-ai-tooling-pPl56a,
      /tmp/magellan-ai-tooling-526K3Y,
      /tmp/kotlin-daemon.2026-09-03.13-27-57-135.00.log.lck,
      /tmp/legacy-topic-cleanup14122006036188151062,
      /tmp/magellan-ai-tooling-qZe7b5,
      /tmp/kotlin-daemon.2026-09-08.10-45-34-588.00.log,
      /tmp/phpunit_icon_lccjank429vkb59ZyZT,
      /tmp/phpunit_icon_sr9hhhnfj5bv7C3CVTP_test.png,
      /tmp/oms-import-upload-test-12357790662947863108,
      /tmp/magellan-run-ledger-mFm9ei,
      /tmp/blog_cache_test_sk23jn7kk1db8zZxqbD,
      /tmp/phpunit_icon_bv5i4vo151bd7cGFXSY_test.png,
      /tmp/phpunit_icon_eikrb01hbsbq3BJNWMr_test.svg,
      /tmp/magellan-skill-validator-2sHGzt,
      /tmp/A7pp7-s4ijf-t7fYe804N,
      /tmp/magellan-ai-tooling-1utUSs,
      /tmp/dkolQhc5fIL-Poyj4LlmA,
      /tmp/magellan-ai-tooling-HSsxNW,
      /tmp/ULGsp_2QQzS5XlSlKojs6,
      /tmp/magellan-skill-hash-a3OR5F,
      /tmp/phpunit_icon_oo8212802pku3iupCye,
      /tmp/magellan-ai-tooling-9c6E0O,
      /tmp/yBVTLMhr1gRyxShkoCVtb,
      /tmp/magellan-ai-tooling-aarbkw,
      /tmp/tmp.pERRvfo6Ru,
      /tmp/legal2.sh,
      /tmp/phpunit_icon_hdhkfs5n8lcu1G4mnOD,
      /tmp/tmp.SbXKV6wRS1,
      /tmp/4GvmORP_eujHiXJxoJx6o,
      /tmp/.com.google.Chrome.lGpB0M,
      /tmp/magellan-ai-tooling-uWoA5t,
      /tmp/magellan-ai-tooling-vZ4O6B,
      /tmp/tmp.9IVXHjyb22,
      /tmp/magellan-skill-validator-AsONdA,
      /tmp/.com.google.Chrome.VSzhVk,
      /tmp/magellan-run-ledger-OBq17A,
      /tmp/magellan-skill-validator-1jFUYH,
      /tmp/.org.chromium.Chromium.EQ3p2M,
      /tmp/phpunit_icon_9jrk8421a3g70e5iPMC,
      /tmp/magellan-ai-tooling-YGm01q,
      /tmp/tmp.spWisLNJ0W,
      /tmp/tmp.3wELVCUvC7,
      /tmp/tmp.Wqskb8NMNF,
      /tmp/xfs-1481e5cf,
      /tmp/magellan-run-ledger-TXMeNx,
      /tmp/magellan-ai-tooling-pdbBie,
      /tmp/claude_append2.json,
      /tmp/NmOpBD_FG0ZMv0tLBGzvA,
      /tmp/tmp.S2k13q2C4r,
      /tmp/tmp.swqwTTQpnZ,
      /tmp/kotlin-daemon.2026-09-03.11-38-57-882.01.log,
      /tmp/tmp.gux8YaGiw2,
      /tmp/phpunit_icon_t7oov145de6n2YZtYIP,
      /tmp/magellan-ai-tooling-FFQuDG,
      /tmp/xfs-5b99fb35,
      /tmp/RZNyIdz6k_7vmJUXuojal,
      /tmp/magellan-ai-tooling-XG33yT,
      /tmp/jNxOpHKU5w3byd_ZfEDcm,
      /tmp/magellan-ai-tooling-V4Z18w,
      /tmp/magellan-skill-validator-4NVhKU,
      /tmp/magellan-ai-tooling-TO64xS,
      /tmp/magellan-skill-validator-8AbqBi,
      /tmp/magellan-run-ledger-km3A7k,
      /tmp/phpunit_icon_2nojpqmmbglp7F34MFM,
      /tmp/magellan-skill-validator-AvXqYB,
      /tmp/magellan-skill-validator-N0eUpE,
      /tmp/A64ZRCToMz2j_xQ-X1Yze,
      /tmp/kivvi-import-KUShSa,
      /tmp/magellan-ai-tooling-KwD06q,
      /tmp/magellan-skill-validator-yNftU1,
      /tmp/pAWMnYMsIUu-izs4nXI4C,
      /tmp/texts_diff_1.txt,
      /tmp/magellan-skill-validator-cXR9xn,
      /tmp/kotlin-daemon.2026-09-03.10-27-51-669.00.log,
      /tmp/kotlin-daemon.2026-09-08.23-39-33-524.00.log,
      /tmp/e2e-run-1-full.txt,
      /tmp/oms-import-upload-test-91869895543595098,
      /tmp/magellan-skill-validator-suOoCT,
      /tmp/xfs-604b95a9,
      /tmp/phpunit_icon_n4coef09knhuc75azlA,
      /tmp/phpunit_icon_baq1crf42fm2fmfJ32E,
      /tmp/tmp.bs0Ux8OCXK,
      /tmp/magellan-run-ledger-6wxxxN,
      /tmp/magellan-package-RhTH9s,
      /tmp/magellan-skill-validator-2ycKkU,
      /tmp/blog_cache_bad_fn9ria77ia8peSJ6W5S,
      /tmp/magellan-ai-tooling-0W2cxy,
      /tmp/phpunit_icon_gs0rqo48hh91eFslnVx_test.svg,
      /tmp/tmp.2pZmoUfmeC,
      /tmp/vitest-location-check,
      /tmp/magellan-ai-tooling-r927In,
      /tmp/magellan-ai-tooling-4icA5C,
      /tmp/tmp.dcB8jRHTOE,
      /tmp/phpunit_icon_4rsqdl6ekf5f4wsRwKh_test.png,
      /tmp/KZmShnHEYiY7W_D5Yt6mS,
      /tmp/magellan-ai-tooling-gAsDjr,
      /tmp/tmp.hkdHtDkAyc,
      /tmp/krFGHv-7QZoLs4SGZk8CK,
      /tmp/mvnw-mutant4.log,
      /tmp/step1.txt,
      /tmp/magellan-ai-tooling-BCrddT,
      /tmp/magellan-ai-tooling-0B9d9B,
      /tmp/phpunit_icon_97kh81cu3l3q3t2ycCt,
      /tmp/vt2O_wGLyI3lLBhjkk7RI,
      /tmp/73tMC0i1ktdH5Nz-ogFTy,
      /tmp/2YoIR92B861eQZaV8VHqt,
      /tmp/magellan-run-ledger-edLIO6,
      /tmp/tmp.4dc2d2oFAb,
      /tmp/magic.txt,
      /tmp/magellan-run-ledger-e3VMKR,
      /tmp/tmp.80NW4FTlwk,
      /tmp/blog_cache_bad_ods1kq4geucg2JdixKu,
      /tmp/hoEH4wyBjMyblcvxiyE1v,
      /tmp/c35IKUmVJ4ovogYlSGkMO,
      /tmp/architecture-test.txt,
      /tmp/expected_overlay.ts,
      /tmp/pio69-owner-oblozenie.png,
      /tmp/.org.chromium.Chromium.W3wL10,
      /tmp/red-campaigns.html,
      /tmp/tmp.jdrM9cikVg,
      /tmp/magellan-doctor-RL0xiP,
      /tmp/.com.google.Chrome.bACmAd,
      /tmp/magellan-ai-tooling-BBjZfj,
      /tmp/xfs-baceaac2,
      /tmp/magellan-ai-tooling-24jOhf,
      /tmp/magellan-ai-tooling-PL7tx9,
      /tmp/mvnw-test-out.log,
      /tmp/kotlin-daemon.2026-09-03.11-13-01-131.00.log,
      /tmp/magellan-skill-validator-MceI3N,
      /tmp/magellan-ai-tooling-vuKAUJ,
      /tmp/blog_cache_test_ikg0n5mcpf9p1DdInRp,
      /tmp/j_aria.mp3,
      /tmp/final-verify.log,
      /tmp/magellan-doctor-eHxkol,
      /tmp/kotlin-daemon.2026-09-03.14-43-40-566.01.log,
      /tmp/phpunit_icon_3t6cdis39bs535BxLkp,
      /tmp/com.google.Chrome.gX7JNK,
      /tmp/long3.json,
      /tmp/phpunit_icon_frvkj5ajc32u8dlze9d,
      /tmp/kivvi-load-loop.log,
      /tmp/magellan-skill-validator-02DUz3,
      /tmp/phpunit_icon_ltf4m28qbr7scwi4dW5_test.svg,
      /tmp/phpunit_icon_js145enav68p7B7X623,
      /tmp/magellan-ai-tooling-Tbiel3,
      /tmp/kivvi-mvn-test2.log,
      /tmp/magellan-skill-validator-qHLPJn,
      /tmp/tmp.f9V9c4BjgN,
      /tmp/magellan-run-ledger-qljCyS,
      /tmp/pio69-owner-kalendarz.png,
      /tmp/tmp.6arIPIthPQ,
      /tmp/magellan-package-IqhkX3,
      /tmp/HfAVuBj06d1zmi99oclJM,
      /tmp/magellan-ai-tooling-JPVNl0,
      /tmp/tmp.jGkfYSBHqr,
      /tmp/mine-format.java,
      /tmp/Ui5TQIBVzDAH2Z6TM_is6,
      /tmp/magellan-ai-tooling-GR04x3,
      /tmp/magellan-ai-tooling-3Tt8vp,
      /tmp/magellan-ai-tooling-GfGCLu,
      /tmp/legacy-connection-config-cleanup13037751319621349224,
      /tmp/phpunit_icon_frvkj5ajc32u8dlze9d_test.png,
      /tmp/blog_cache_bad_806u0m2matg95xnEHwj,
      /tmp/magellan-ai-tooling-GJeYE1,
      /tmp/kotlin-daemon.2026-09-03.10-58-46-420.02.log,
      /tmp/xfs-2ebce8bb,
      /tmp/M26ik3Q3CSHOFf62b0wbl,
      /tmp/magellan-run-ledger-VbO8xv,
      /tmp/kotlin-daemon.2026-09-08.12-19-53-298.00.log,
      /tmp/tomcat-docbase.0.7807959849224412024,
      /tmp/tmp.nilnvZ42Bc,
      /tmp/tmp.imfuuRLnCV,
      /tmp/magellan-ai-tooling-4f5wDb,
      /tmp/magellan-ai-tooling-GYrDpo,
      /tmp/tomcat.0.12928843371389094203,
      /tmp/xfs-289870fd,
      /tmp/tmp.ZaVGdNXbOy,
      /tmp/magellan-ai-tooling-uoy8UV,
      /tmp/magellan-skill-validator-p4nwPO,
      /tmp/magellan-ai-tooling-DLR4dq,
      /tmp/magellan-doctor-XrlmXp,
      /tmp/.org.chromium.Chromium.kVvjRF,
      /tmp/cjw.txt,
      /tmp/phpunit_icon_gavnbepls2ul7Jjzz89,
      /tmp/fe-integ.log,
      /tmp/tmp.P0RmCCUMHs,
      /tmp/magellan-skill-hash-rDRwiK,
      /tmp/red-compare-out,
      /tmp/magellan-ai-tooling-L7p1GH,
      /tmp/mvn-followup-focused.log,
      /tmp/tmp.IEK6tm0zmc,
      /tmp/oms-import-upload-test-16927127663738491415,
      /tmp/magellan-ai-tooling-S1ROG5,
      /tmp/magellan-ai-tooling-6irIKB,
      /tmp/magellan-doctor-cVwhrM,
      /tmp/magellan-ai-tooling-hunrNr,
      /tmp/cards-vX9YTr,
      /tmp/48T0VRiW2TtkoNhwIAlHE,
      /tmp/magellan-ai-tooling-N6EqLz,
      /tmp/playwright-transform-cache-1000,
      /tmp/phpunit_icon_5cs0gc5kkiiibpzntZb,
      /tmp/jeoZc1lWMJUwNSvUW8-lB,
      /tmp/magellan-ai-tooling-A43tUI,
      /tmp/G9Ocdtwgshp3WNI9RlrdF,
      /tmp/magellan-skill-validator-hIlS0Z,
      /tmp/magellan-run-ledger-762IYx,
      /tmp/magellan-ai-tooling-abruZ9,
      /tmp/magellan-ai-tooling-jid4Tm,
      /tmp/Q-U61SkINLGifZmcDyAQA,
      /tmp/kivvi-spotless-apply.log,
      /tmp/xfs-d5c9ce3e,
      /tmp/magellan-ai-tooling-34kx9j,
      /tmp/magellan-ai-tooling-DJLOUq,
      /tmp/magellan-ai-tooling-4Pgj9x,
      /tmp/magellan-ai-tooling-Zpusjk,
      /tmp/RrZRfQ15ML2JEsAaEN82p,
      /tmp/phpunit_icon_d5ugc4jcl8rd4pMeXfv,
      /tmp/magellan-skill-validator-mYYyxe,
      /tmp/tmp.YbvRH5fuSD,
      /tmp/magellan-ai-tooling-5D1C0d,
      /tmp/tomcat.0.4851736176183915891,
      /tmp/phpunit_icon_o2ki8euh8kiu5N5ZDvT,
      /tmp/xfs-7215e266,
      /tmp/wpr.html,
      /tmp/t9zHfCnsuTQ7Irouqf57L,
      /tmp/magellan-ai-tooling-QUD4Ha,
      /tmp/fabplug,
      /tmp/magellan-skill-validator-213Nti,
      /tmp/tomcat.0.17492441621940265055,
      /tmp/kotlin-daemon.2026-09-03.13-45-53-321.00.log,
      /tmp/magellan-skill-validator-4AsPOg,
      /tmp/magellan-ai-tooling-i0oSCt,
      /tmp/magellan-ai-tooling-0rM8hB,
      /tmp/magellan-ai-tooling-NJKwLo,
      /tmp/rebuild-api.log,
      /tmp/magellan-ai-tooling-4Adr0S,
      /tmp/tmp.ZUwvVwXLNI,
      /tmp/magellan-skill-validator-8nXS0o,
      /tmp/phpunit_icon_k4tf3g4lrtbiewXW5Fk_test.svg,
      /tmp/xfs-28d5460e,
      /tmp/magellan-ai-tooling-IWSusb,
      /tmp/legacy-topic-cleanup14891199756205278512,
      /tmp/magellan-ai-tooling-XTpeC9,
      /tmp/magellan-ai-tooling-Mp6wzU,
      /tmp/red-lists.txt,
      /tmp/magellan-ai-tooling-p4d0nA,
      /tmp/iRvf9VTwTdONOWICrvsEb,
      /tmp/blog_cache_test_nkl68gv44c6c6o8Pg1q,
      /tmp/phpunit_icon_g5vio10pf7umegIME5w,
      /tmp/phpunit_icon_a5eqsbekagrr3bYtplC_test.svg,
      /tmp/magellan-ai-tooling-VQrfrY,
      /tmp/TfYXvTCLFtrVS_pVdw_C9,
      /tmp/magellan-ai-tooling-0MkJmg,
      /tmp/magellan-ai-tooling-lI2MiQ,
      /tmp/_ba1jS8-YrmsMfyLYK6cq,
      /tmp/magellan-ai-tooling-B71vKG,
      /tmp/o4b6d5qM60KEzALoeqe5N,
      /tmp/tmp.0rwMpKwA2H,
      /tmp/magellan-ai-tooling-FqmHFx,
      /tmp/xfs-054ff8af,
      /tmp/jooqx,
      /tmp/tmp.zaLriGGLSw,
      /tmp/tmp.36g54IJywD,
      /tmp/magellan-skill-validator-LsMdRF,
      /tmp/magellan-ai-tooling-V55Ys9,
      /tmp/com.google.Chrome.6vNLeg,
      /tmp/8u9QZEyoiASOEgvEBT_nT,
      /tmp/magellan-ai-tooling-EoLHPW,
      /tmp/v8-compile-cache-1000,
      /tmp/magellan-package-ZffRly,
      /tmp/magellan-ai-tooling-m3xKxS,
      /tmp/tmp.DBSQgMf6RG,
      /tmp/tmp.fVK55f6uFI,
      /tmp/tmp.gU6vWiqKp8,
      /tmp/tmp.prXpaR8HGd,
      /tmp/magellan-ai-tooling-X2zHQS,
      /tmp/magellan-ai-tooling-k7iUNL,
      /tmp/magellan-skill-validator-558UId,
      /tmp/fi1f0zLrGbSU6s59xVjps,
      /tmp/magellan-skill-validator-rb5P7I,
      /tmp/spring-session-jdbc-4.1.1.jar,
      /tmp/xfs-1556b7cc,
      /tmp/magellan-ai-tooling-hQGkno,
      /tmp/magellan-ai-tooling-Mn300y,
      /tmp/ykQUxSxusaaAz2lCjAD-7,
      /tmp/magellan-doctor-wGu883,
      /tmp/magellan-ai-tooling-QprVbY,
      /tmp/fe-formatcheck.log,
      /tmp/magellan-ai-tooling-YlA7QX,
      /tmp/tomcat.0.3494441830386586455,
      /tmp/JBLbjQpQGy93GtXs54fXR,
      /tmp/magellan-ai-tooling-5z7icP,
      /tmp/magellan-ai-tooling-tyywbI,
      /tmp/magellan-run-ledger-VOc3ZX,
      /tmp/tmp.ztB0wHzsiN,
      /tmp/magellan-ai-tooling-4ray8g,
      /tmp/magellan-ai-tooling-2A3f7I,
      /tmp/magellan-ai-tooling-MFIcig,
      /tmp/oms-import-upload-test-10466429824944859054,
      /tmp/magellan-ai-tooling-OQR6yb,
      /tmp/magellan-skill-hash-WIYwuj,
      /tmp/tmp.QHJb6i8c9p,
      /tmp/tmp.7Vo1H0XljT,
      /tmp/magellan-run-ledger-sy3p9z,
      /tmp/xNW1hLMMPBl-JVl7qjWCc,
      /tmp/magellan-skill-validator-KuM2LK,
      /tmp/blog_cache_bad_1665nje57unecQxOXt5,
      /tmp/magellan-ai-tooling-Uc1pb3,
      /tmp/magellan-skill-validator-g0KcCx,
      /tmp/magellan-run-ledger-NqyKpQ,
      /tmp/magellan-skill-validator-CN1O5D,
      /tmp/blog_cache_bad_4pnsmj264ut45jF8cL3,
      /tmp/.XIM-unix,
      /tmp/MaGnUph2QTDnzjRWGRUw0,
      /tmp/vite4.log,
      /tmp/magellan-skill-validator-EA9o50,
      /tmp/magellan-ai-tooling-4Gvzoy,
      /tmp/tmp.xqtYGnFAYK,
      /tmp/blog_cache_bad_2k3k07q00pha4YHw2Sx,
      /tmp/-Sf7TymaJIIeDduRsAAel,
      /tmp/magellan-skill-validator-93r0iy,
      /tmp/magellan-ai-tooling-6aKEJN,
      /tmp/magellan-ai-tooling-arxpXk,
      /tmp/xfs-b9140752,
      /tmp/oms-import-upload-test-13390936209705963713,
      /tmp/tmp.8JGsM9paCW,
      /tmp/phpunit_icon_99oe0n2q89u19VKVfbG_test.svg,
      /tmp/xs2HrrngS-599DUA1qeDI,
      /tmp/com.google.Chrome.3eQkiF,
      /tmp/Yl1m9ho7uezZuuqZquROl,
      /tmp/magellan-ai-tooling-VQinsB,
      /tmp/AZjdn0WAN0GAquUTrWqL5,
      /tmp/magellan-doctor-JSiYpJ,
      /tmp/6YP6VY_zaqG1PwdArEJAj,
      /tmp/brief_tests.sh,
      /tmp/phpunit_icon_93gat8i033dq7rWXVKb_test.svg,
      /tmp/magellan-ai-tooling-QepPqL,
      /tmp/.org.chromium.Chromium.hVdoJE,
      /tmp/tomcat.0.13013256902662957883,
      /tmp/magellan-ai-tooling-7mXOUz,
      /tmp/magellan-ai-tooling-AxNuAK,
      /tmp/magellan-ai-tooling-dhgMwC,
      /tmp/magellan-ai-tooling-GxfDsu,
      /tmp/magellan-ai-tooling-SE7kQB,
      /tmp/.org.chromium.Chromium.2oTn69,
      /tmp/phpunit_icon_efq4or5h0s2q2WMJNkS_test.svg,
      /tmp/magellan-run-ledger-8VrvgG,
      /tmp/phpunit_icon_ltf4m28qbr7scwi4dW5,
      /tmp/magellan-run-ledger-MZOx0b,
      /tmp/tmp.J2h67jPu1p,
      /tmp/tmp.63RC0DpeZO,
      /tmp/phpunit_icon_bv5i4vo151bd7cGFXSY,
      /tmp/magellan-package-xDk1Zf,
      /tmp/blog_cache_bad_e8fdkfkitiimdIhCdtN,
      /tmp/intro.html.bak,
      /tmp/phpunit_icon_34lhehl8j32bfk1H0lO,
      /tmp/magellan-ai-tooling-v5gebh,
      /tmp/magellan-skill-validator-oe9aiM,
      /tmp/blog_cache_bad_o68tkruvqmqsblonq5i,
      /tmp/magellan-skill-validator-Hm0ptP,
      /tmp/magellan-ai-tooling-tCXicR,
      /tmp/com.google.Chrome.VtbTwM,
      /tmp/.org.chromium.Chromium.iOvoD6,
      /tmp/phpunit_icon_152iv1akpnhbfBohqJN_test.png,
      /tmp/l7zmKmxuWBEiicVrPTbGJ,
      /tmp/magellan-ai-tooling-DHrBY4,
      /tmp/compare-green,
      /tmp/tmp.rMdoM1qgNi,
      /tmp/NINIGIlTOdrMVlF4b05R_,
      /tmp/magellan-ai-tooling-hzteUI,
      /tmp/phpunit_icon_4jfa77a1tpqh9tanUHp_test.png,
      /tmp/tmp.WfJdd6zurF,
      /tmp/magellan-ai-tooling-bjno4f,
      /tmp/kotlin-daemon.2026-09-09.00-27-58-734.00.log,
      /tmp/EzwCBUfXDE5yVyb7g_rwZ,
      /tmp/magellan-ai-tooling-RG1vUQ,
      /tmp/sbrt.jar,
      /tmp/magellan-run-ledger-Fvbqw9,
      /tmp/Sy798W6_AHQ4BHhtDuk58,
      /tmp/magellan-ai-tooling-qhHTPM,
      /tmp/tomcat.0.3997815342147500441,
      /tmp/magellan-ai-tooling-YKkcne,
      /tmp/kivvi-archunit.log,
      /tmp/phpunit_icon_d26ticqf8g6mbzauitV,
      /tmp/magellan-ai-tooling-Fna6Qf,
      /tmp/tomcat.0.3108741149002345783,
      /tmp/phpunit_icon_uojfd6gqr3mu9OEshDj_test.svg,
      /tmp/playwright_chromiumdev_profile-jvmgsF,
      /tmp/magellan-skill-validator-BShxnM,
      /tmp/y-fWj9N4Yho-kCqbYCidI,
      /tmp/magellan-ai-tooling-BocNXi,
      /tmp/repair-verify2.log,
      /tmp/kotlin-daemon.2026-09-08.17-11-53-404.01.log,
      /tmp/magellan-ai-tooling-CyORMJ,
      /tmp/G5bCKNbJ-g5FBjsZgV_Aj,
      /tmp/brief-migration-waves.md,
      /tmp/tmp.rpPLqV2MXO,
      /tmp/magellan-ai-tooling-0yHRjN,
      /tmp/xfs-843a5734,
      /tmp/P0rDDg44wzhhCpLEKleJN,
      /tmp/magellan-skill-validator-vJBdNA,
      /tmp/magellan-ai-tooling-Ig04p5,
      /tmp/xfs-0ac8415a,
      /tmp/tomcat-docbase.0.15236300912305688671,
      /tmp/xfs-8b997cdc,
      /tmp/magellan-run-ledger-dcSquR,
      /tmp/magellan-package-sw2l8z,
      /tmp/K5LPiqYVmkgCU1HBNSF1L,
      /tmp/magellan-ai-tooling-z0E3wn,
      /tmp/phpunit_icon_tpmlouk611v0cPdKnB3_test.svg,
      /tmp/probe-setcontent.mjs,
      /tmp/magellan-skill-validator-ZXd1s5,
      /tmp/tmp.fhKedCQUHY,
      /tmp/xfs-e8bfbc0e,
      /tmp/magellan-ai-tooling-XnkW78,
      /tmp/magellan-ai-tooling-6an1Rr,
      /tmp/tmp.Luw8AIE3fs,
      /tmp/magellan-ai-tooling-HWzTDs,
      /tmp/phpunit_icon_j7a49d5gd0e99gD4qD7_test.svg,
      /tmp/magellan-ai-tooling-oBUcRh,
      ...
      /tmp/magellan-ai-tooling-fX2wey,
      /tmp/S38QWr7jz4Fb2eoFrgUnK,
      /tmp/compare-green3,
      /tmp/compare-green2,
      /tmp/oms-import-upload-test-10464137999357019359,
      /tmp/magellan-skill-validator-9e4gTF,
      /tmp/tmp.CA8TTrjGlz,
      /tmp/HAoXLHRZ4-4GggQ8Pxs2i,
      /tmp/magellan-ai-tooling-JabSuf,
      /tmp/xfs-dbc75dad,
      /tmp/magellan-ai-tooling-OvVktC,
      /tmp/FVzTvjTEHpAvGweXMrTeA,
      /tmp/magellan-ai-tooling-ze5SlH,
      /tmp/blog_cache_bad_lmse5jbvccub7Uy7KY1,
      /tmp/kivvi-import-3JPd5f,
      /tmp/magellan-ai-tooling-1SUltv,
      /tmp/magellan-skill-validator-bDIINt,
      /tmp/tmp.N9JMBu6g43,
      /tmp/magellan-skill-validator-XWUq7M,
      /tmp/legacy-connection-config-cleanup4070273036554720963,
      /tmp/magellan-skill-validator-qbOLwV,
      /tmp/magellan-skill-validator-rrZK15,
      /tmp/chipcheck.mjs,
      /tmp/.bun-1000-61c01c5e5cdf6745.node,
      /tmp/phpunit_icon_b5a0eidaklevfhrxgkB,
      /tmp/psQsXQwTdwL_WAE311IsJ,
      /tmp/tmp.0hP8OuznbP,
      /tmp/DQLQVpON8QzBUAzl5Gzgh,
      /tmp/o0wKl_1roIL7WvOw245SE,
      /tmp/magellan-skill-validator-SM3qUp,
      /tmp/tmp.guTZqzgP90,
      /tmp/magellan-ai-tooling-nyfwhN,
      /tmp/magellan-ai-tooling-QQi5Hx,
      /tmp/cards-hmskVd,
      /tmp/57iHUUwdi4O5Rqt-KC6cM,
      /tmp/phpunit_icon_ng6cadth7o748uhq9mX_test.svg,
      /tmp/x.jar,
      /tmp/magellan-skill-validator-QqTaSN,
      /tmp/Ljra7qLwanPPD7oKalTAT,
      /tmp/magellan-run-ledger-2nS3UW,
      /tmp/magellan-ai-tooling-ipbPBM,
      /tmp/magellan-ai-tooling-wtjn1p,
      /tmp/magellan-ai-tooling-t6o9Xs,
      /tmp/magellan-ai-tooling-wu4k0g,
      /tmp/magellan-ai-tooling-DkwW5J,
      /tmp/WQ38kNBuTANO3pzfQ5qlk,
      /tmp/playwright_chromiumdev_profile-yp21f7,
      /tmp/blog_cache_test_dqk6beqifqsg6hmD2bL,
      /tmp/npmci-e2e.log,
      /tmp/kivvi-spotless-check2.log,
      /tmp/wacc.html,
      /tmp/hsperfdata_muszkin,
      /tmp/magellan-ai-tooling-kb7Q1Y,
      /tmp/magellan-skill-validator-oV8znI,
      /tmp/magellan-ai-tooling-fuK02A,
      /tmp/playwright_chromiumdev_profile-zJQOHj,
      /tmp/blog_cache_test_tu5996o1nftqb39qB4x,
      /tmp/magellan-ai-tooling-ZIKJmZ,
      /tmp/magellan-package-TfDugU,
      /tmp/tmp.vp4txp6SCe,
      /tmp/tmp.q2mLDgOOco,
      /tmp/tmp.sLDkLpG7IL,
      /tmp/magellan-ai-tooling-L40Chq,
      /tmp/cards-bltuqk,
      /tmp/lintout2.txt,
      /tmp/tmp.LUPfvrzws3,
      /tmp/blog_cache_test_pfi9h5d16c6f71fxPyI,
      /tmp/magellan-skill-validator-gUj8hH,
      /tmp/magellan-package-ztLs82,
      /tmp/magellan-ai-tooling-Pw1Itk,
      /tmp/tmp.ojM12J1IZ0,
      /tmp/tmp.bNT5pCidRe,
      /tmp/magellan-ai-tooling-GpBQqs,
      /tmp/magellan-ai-tooling-9dhlhR,
      /tmp/tomcat.0.11379351321697743217,
      /tmp/tmp.FR2kfDRMNl,
      /tmp/magellan-ai-tooling-QCOEcy,
      /tmp/magellan-ai-tooling-ZnhXK7,
      /tmp/phpunit_icon_1bfrskvrjgfnfknQtR4,
      /tmp/magellan-skill-hash-2JwML6,
      /tmp/tomcat.0.5844582709754587913,
      /tmp/magellan-ai-tooling-aJmtqi,
      /tmp/magellan-skill-validator-PTy2TW,
      /tmp/phpunit_icon_9jrk8421a3g70e5iPMC_test.svg,
      /tmp/magellan-ai-tooling-qnBQSq,
      /tmp/.org.chromium.Chromium.v7EeeG,
      /tmp/phpunit_icon_uojfd6gqr3mu9OEshDj,
      /tmp/magellan-skill-validator-xYPjJb,
      /tmp/magellan-ai-tooling-P4Vm0l,
      /tmp/magellan-skill-validator-eWiJ3W,
      /tmp/yYf-rpdmIBvbu8y2DD3Iz,
      /tmp/magellan-ai-tooling-eNvSJu,
      /tmp/magellan-ai-tooling-hZSuc7,
      /tmp/tmp.PaiHsh2nrA,
      /tmp/8nucjxdxgptfKlST3axyo,
      /tmp/xfs-b639d690,
      /tmp/oms-import-upload-test-4175021506802926423,
      /tmp/magellan-run-ledger-a6UPfo,
      /tmp/tmp.4dDvyEOjiN,
      /tmp/magellan-ai-tooling-w6NgY1,
      /tmp/magellan-skill-validator-bj4n4M,
      /tmp/blog_cache_test_thngidoqcrh33KIKeXb,
      /tmp/ou.bak,
      /tmp/magellan-skill-validator-04Ab2M,
      /tmp/phpunit_icon_s2g9e6g32irp55iFI7q_test.svg,
      /tmp/blog_cache_test_24m7ou9ho3939ALGZA0,
      /tmp/card.css.bak,
      /tmp/cX8rYrldqLTTUA2HWx4ah,
      /tmp/magellan-ai-tooling-6378B2,
      /tmp/tmp.kEVimXspWT,
      /tmp/tmp.NEN12VcmVU,
      /tmp/magellan-doctor-Wq2iBT,
      /tmp/playwright-artifacts-ClHwCm,
      /tmp/kotlin-daemon.2026-09-03.12-26-21-154.02.log,
      /tmp/kotlin-daemon.2026-09-08.17-11-53-404.00.log,
      /tmp/tmp.kMNbXWAoD1,
      /tmp/blog_cache_bad_n6ck8q4tp7b2daJI1Hu,
      /tmp/tomcat.0.6221271181847396549,
      /tmp/magellan-ai-tooling-0mmjNL,
      /tmp/12H_0FHPBKXV9evjyWP5Y,
      /tmp/magellan-ai-tooling-XblNcJ,
      /tmp/kivvi-import-B7UXDW,
      /tmp/blog_cache_test_3dkgd7ejaall7iMpXBT,
      /tmp/magellan-ai-tooling-DjWVDF,
      /tmp/JwzGySkeDp3-o54P_bGex,
      /tmp/tmp.qbnYKOovew,
      /tmp/IOzVETrfRpSQV4g6py--h,
      /tmp/magellan-ai-tooling-K8k7ML,
      /tmp/playwright-download-vmdceE,
      /tmp/magellan-ai-tooling-qRRCRv,
      /tmp/phpunit_icon_vj1m1d45ma70eZN5Q6f_test.svg,
      /tmp/sbsp.pom,
      /tmp/8XNJZPhxzhfDvraWsCCmo,
      /tmp/magellan-ai-tooling-IHDUXL,
      /tmp/com.google.Chrome.4VZYTx,
      /tmp/sscore,
      /tmp/phpunit_icon_poj0kp1q55r96GzEw47_test.svg,
      /tmp/tmp.8PQNj9Mh5o,
      /tmp/xfs-5ffca78e,
      /tmp/tmp.JfYdRbVrBu,
      /tmp/tmp.pOnlBVICdd,
      /tmp/run-settings-2.log,
      /tmp/EE41BJo-gCotkJiuLINRX,
      /tmp/magellan-ai-tooling-bpVADF,
      /tmp/.org.chromium.Chromium.LVQU7l,
      /tmp/tmp.7210Ric7kF,
      /tmp/JtltlZDQhAPm8b1ef6VUd,
      /tmp/red-compare-output.txt,
      /tmp/magellan-run-ledger-mN2woM,
      /tmp/magellan-ai-tooling-UwRJpj,
      /tmp/tmp.2nUq1t2Ovq,
      /tmp/magellan-doctor-EI0toW,
      /tmp/q4ojfDWK96AM_Dq-edGmZ,
      /tmp/magellan-skill-validator-fs1tnT,
      /tmp/magellan-ai-tooling-iRbYBY,
      /tmp/npm-test.log,
      /tmp/magellan-ai-tooling-v4NY1b,
      /tmp/kotlin-daemon.2026-09-03.12-13-19-122.00.log,
      /tmp/magellan-ai-tooling-jpeZDn,
      /tmp/magellan-run-ledger-nb65Bm,
      /tmp/magellan-ai-tooling-0g2PQP,
      /tmp/magellan-ai-tooling-1m9RBr,
      /tmp/com.google.Chrome.512hiL,
      /tmp/magellan-skill-validator-kcmVj5,
      /tmp/hcs.jar,
      /tmp/xfs-31eef04e,
      /tmp/zQWyaOaHkLQQHzyeYpOei,
      /tmp/.org.chromium.Chromium.ESwcXy,
      /tmp/magellan-ai-tooling-c3BZGZ,
      /tmp/magellan-ai-tooling-vTatrp,
      /tmp/tmp.s66QocKLY6,
      /tmp/g_aria.mp3,
      /tmp/magellan-skill-hash-8UqCkr,
      /tmp/tmp.haI5qZziFX,
      /tmp/blog_cache_bad_l36t9d1irjcl2Rlw0WM,
      /tmp/phpunit_icon_u78o3m4gfkfjesOM1tJ_test.svg,
      /tmp/tmp.sUK8Amcwvq,
      /tmp/magellan-ai-tooling-fXE1ip,
      /tmp/ssj,
      /tmp/magellan-ai-tooling-e5g1ld,
      /tmp/magellan-skill-validator-T0pf7C,
      /tmp/magellan-ai-tooling-fHQmuS,
      /tmp/mvn-verify-final.log,
      /tmp/tmp.JDgNkYV2HD,
      /tmp/tmp.H3FNEn4JTG,
      /tmp/blog_cache_test_bt44c2ajg9ej4mDz3aO,
      /tmp/magellan-skill-validator-CyyqYh,
      /tmp/magellan-ai-tooling-8mUM9F,
      /tmp/kotlin-daemon.2026-09-03.10-39-36-299.00.log,
      /tmp/magellan-ai-tooling-VIWkdm,
      /tmp/phpunit_icon_j0avn9ib5d7q6S84SOy,
      /tmp/magellan-skill-validator-sJxoZW,
      /tmp/4nGv_OOhn_hJJtl6x4gMJ,
      /tmp/magellan-run-ledger-zNODhl,
      /tmp/tts_gw.mp3,
      /tmp/magellan-ai-tooling-Uxyi3H,
      /tmp/qT6q052ckXErAkDjkPdL2,
      /tmp/phpunit_icon_6a1b1trkjkhge1eTlmb,
      /tmp/FErmnATvFURxdtINUPTJ1,
      /tmp/xfs-fa9fb560,
      /tmp/W6VqgtSWbd2ZW4epCc9dN,
      /tmp/OPVl5hfRsCj9QKG3Zn0H8,
      /tmp/hcsx,
      /tmp/magellan-run-ledger-tiYkip,
      /tmp/magellan-ai-tooling-Hjy4Mi,
      /tmp/pio69-owner-meldunki.png,
      /tmp/magellan-skill-validator-9RWDPa,
      /tmp/oms-import-upload-test-13783980319145842209,
      /tmp/magellan-ai-tooling-nyqV3P,
      /tmp/x6WjT0_T18,
      /tmp/tmp.CXPY0JnAHj,
      /tmp/phpunit_icon_b3b1huln8f9b0LZTc2Q,
      /tmp/-Zn0G-lOeVGOVyo-77KAe,
      /tmp/playwright_chromiumdev_profile-wP3pd9,
      /tmp/phpunit_icon_baq1crf42fm2fmfJ32E_test.png,
      /tmp/magellan-ai-tooling-53VsIx,
      /tmp/rvw_route.sh,
      /tmp/6vw22GigeHznxNaTxpbWO,
      /tmp/06osSZe9UFd2mnLSwny9Y,
      /tmp/phpunit_icon_g5vio10pf7umegIME5w_test.svg,
      /tmp/magellan-ai-tooling-PCT220,
      /tmp/magellan-ai-tooling-eTlkxj,
      /tmp/blog_cache_bad_ugh7eeel31va6Nw1YoS,
      /tmp/magellan-ai-tooling-M0TG90,
      /tmp/qwI2FPYtdgqWRwscMYtKS,
      /tmp/com.google.Chrome.3zvx71,
      /tmp/phpunit_icon_aghm8cgbg3rm5okw8gR,
      /tmp/mig.err,
      /tmp/magellan-ai-tooling-kbWTkm,
      /tmp/xfs-b1aa1eab,
      /tmp/magellan-ai-tooling-uXp4B2,
      /tmp/magellan-ai-tooling-wGyXM7,
      /tmp/kotlin-daemon.2026-09-03.13-17-56-379.02.log,
      /tmp/phpunit_icon_03d8jpfrsbr78T68hAk,
      /tmp/magellan-ai-tooling-qpJDPd,
      /tmp/magellan-ai-tooling-ZQC4ER,
      /tmp/tomcat.0.923194418744347508,
      /tmp/tomcat.0.2514771598368017120,
      /tmp/ZxEYyBt262YgCqrUf2-4L,
      /tmp/tmp.SJOAQTwTLt,
      /tmp/phpunit_icon_2h2bno52i2nt8uUE3gq_test.png,
      /tmp/phpunit_icon_a9t6499g4orce7EvI6H,
      /tmp/new_overlay.ts,
      /tmp/magellan-ai-tooling-DrC2kz,
      /tmp/magellan-ai-tooling-X6ci4t,
      /tmp/jiti,
      /tmp/magellan-skill-validator-2zwudw,
      /tmp/magellan-ai-tooling-bQudWD,
      /tmp/kotlin-daemon.2026-09-03.11-12-34-140.00.log,
      /tmp/tQZmGWvBJLNfye4o3MAFp,
      /tmp/tomcat.0.14327450218833790791,
      /tmp/tmp.zRY65u9clR,
      /tmp/lintout.log,
      /tmp/tmp.7WFVAZkLHa,
      /tmp/magellan-ai-tooling-muqQsj,
      /tmp/magellan-ai-tooling-8HCmP8,
      /tmp/com.google.Chrome.l62aea,
      /tmp/tmp.9IWNz7qVgN,
      /tmp/magellan-ai-tooling-kG8jqy,
      /tmp/y_cBZ_uK_kWJm6HgfqTtG,
      /tmp/dbprfIGL2g6OfDenifhKN,
      /tmp/tmp.9RKT1LWnmn,
      /tmp/magellan-ai-tooling-5z9BAC,
      /tmp/magellan-ai-tooling-PUFYMz,
      /tmp/magellan-ai-tooling-vx0A4J,
      /tmp/magellan-run-ledger-qOjl0j,
      /tmp/magellan-ai-tooling-C7owy2,
      /tmp/magellan-skill-validator-3teCpW,
      /tmp/.org.chromium.Chromium.0noOFV,
      /tmp/verify3.log,
      /tmp/ilvnUx0Bcl3EMja4hHqoW,
      /tmp/tmp.yJVyngAGBy,
      /tmp/magellan-ai-tooling-CZeCFx,
      /tmp/magellan-ai-tooling-GEeKbp,
      /tmp/magellan-skill-validator-Htq3Dz,
      /tmp/playwright_chromiumdev_profile-rbcPo0,
      /tmp/blog_cache_test_vi1ardhqvier22yJuXv,
      /tmp/magellan-ai-tooling-XyrOa5,
      /tmp/a11y_diff_3.txt,
      /tmp/magellan-ai-tooling-mm0nqn,
      /tmp/magellan-skill-validator-Qnuqxb,
      /tmp/xfs-9d33bb9a,
      /tmp/magellan-ai-tooling-RLTANG,
      /tmp/xfs-802fc1f1,
      /tmp/v_en.mp3,
      /tmp/pQglK0hjk4sl2Hs4I9jVl,
      /tmp/magellan-skill-validator-WbrFru,
      /tmp/phpunit_icon_1hhcaf0j31iu3Q2GkFZ,
      /tmp/magellan-skill-validator-caSUHu,
      /tmp/magellan-ai-tooling-XqVVHA,
      /tmp/magellan-ai-tooling-UZTL9h,
      /tmp/magellan-package-y78Rvp,
      /tmp/magellan-run-ledger-lheY1Y,
      /tmp/phpunit_icon_mdtiiedptms1cexXhZA,
      /tmp/magellan-ai-tooling-NYURbu,
      /tmp/magellan-ai-tooling-el0hX5,
      /tmp/magellan-ai-tooling-QGE0Yg,
      /tmp/sc.bak,
      /tmp/BRY-jYDT448BSqkA07dVt,
      /tmp/magellan-ai-tooling-0Z3hSM,
      /tmp/magellan-ai-tooling-rae2pP,
      /tmp/phpunit_icon_93gat8i033dq7rWXVKb,
      /tmp/magellan-skill-validator-blrmti,
      /tmp/phpunit_icon_87kgd1t98lhf1JzJcZl,
      /tmp/magellan-ai-tooling-LylMNg,
      /tmp/.org.chromium.Chromium.EgUIVq,
      /tmp/magellan-skill-validator-7l0WUp,
      /tmp/tmp.GtHow32UJb,
      /tmp/magellan-skill-validator-TtbtVr,
      /tmp/tmp.U4uxpiHyta,
      /tmp/magellan-ai-tooling-8NRJnb,
      /tmp/magellan-ai-tooling-Fbq254,
      /tmp/magellan-skill-validator-TBYNp4,
      /tmp/magellan-skill-validator-W0M8rf,
      /tmp/magellan-ai-tooling-gNuf23,
      /tmp/tmp.p09txKF2UG,
      /tmp/kivvi-import-bCUMO8,
      /tmp/phpunit_icon_1eod6fiu79l596IApCz_test.svg,
      /tmp/magellan-skill-validator-7zoduU,
      /tmp/magellan-ai-tooling-6TfFRz,
      /tmp/phpunit_icon_a5eqsbekagrr3bYtplC,
      /tmp/phpunit_icon_i03jcj4970bu1IpKOMh_test.png,
      /tmp/phpstan,
      /tmp/magellan-ai-tooling-Eq6hEV,
      /tmp/kotlin-daemon.2026-09-08.23-25-17-868.00.log,
      /tmp/.org.chromium.Chromium.HCPmKO,
      /tmp/magellan-skill-validator-awM3yK,
      /tmp/.X11-unix,
      /tmp/build-reformatted.log,
      /tmp/magellan-skill-hash-GqhB2g,
      /tmp/magellan-ai-tooling-aJKzoq,
      /tmp/node-compile-cache,
      /tmp/tmp.15Y0vO6kTy,
      /tmp/magellan-run-ledger-jwhgQl,
      /tmp/magellan-skill-validator-UUxcZd,
      /tmp/gate-contract.txt,
      /tmp/.org.chromium.Chromium.7tMm1f,
      /tmp/tmp.DzGPUMfnLc,
      /tmp/magellan-ai-tooling-3vgfmt,
      /tmp/compose-up2.log,
      /tmp/phpunit_icon_5cs0gc5kkiiibpzntZb_test.svg,
      /tmp/magellan-ai-tooling-Vd25Jy,
      /tmp/legacy-connection-config-cleanup7716071123686562427,
      /tmp/magellan-skill-validator-gdhnxI,
      /tmp/TsPvAMiHFadz2ZNSSSqHR,
      /tmp/xfs-4c034394,
      /tmp/magellan-ai-tooling-qSSZPK,
      /tmp/phpunit_icon_c31j9sp2grluaLWxLsH_test.png,
      /tmp/magellan-ai-tooling-0ycJwA,
      /tmp/magellan-ai-tooling-r5gUsV,
      /tmp/magellan-ai-tooling-qgpFkW,
      /tmp/magellan-ai-tooling-XvL0tH,
      /tmp/magellan-ai-tooling-sXMLfF,
      /tmp/magellan-ai-tooling-Dtm8jq,
      /tmp/magellan-skill-validator-DFS4th,
      /tmp/cards-zu9DJ6,
      /tmp/magellan-skill-validator-Bng1Qe,
      /tmp/magellan-ai-tooling-XADo98,
      /tmp/phpunit_icon_eq7ulv7h1aca7di9G52,
      /tmp/magellan-run-ledger-qLzHg3,
      /tmp/phpunit_icon_34lhehl8j32bfk1H0lO_test.png,
      /tmp/magellan-ai-tooling-VffASU,
      /tmp/hh406DbkFEcMtfJaswFrO,
      /tmp/magellan-ai-tooling-eFJAnw,
      /tmp/7tm4pqUWHgk3X_FNQGoTx,
      /tmp/pio69-owner-zapytania.png,
      /tmp/magellan-skill-validator-yhy7DK,
      /tmp/PqVZB2_9BlFLVnF2TvSMA,
      /tmp/T21-jAhpIHUxZmJ5dqDMo,
      /tmp/run-navigation-4.log,
      /tmp/brief_build.sh,
      /tmp/probe3.sh,
      /tmp/magellan-skill-validator-Imu9tS,
      /tmp/events.html,
      /tmp/magellan-skill-validator-YYigAU,
      /tmp/magellan-ai-tooling-5jP2Ir,
      /tmp/phpunit_icon_9062pg5896tkbVtISTC,
      /tmp/magellan-ai-tooling-oO2hGG,
      /tmp/lintout.txt,
      /tmp/magellan-ai-tooling-PZo0kd,
      /tmp/magellan-skill-validator-BqRvdp,
      /tmp/phpunit_icon_2nojpqmmbglp7F34MFM_test.png,
      /tmp/sbd2.pom,
      /tmp/magellan-ai-tooling-OkVKsD,
      /tmp/cards-NTrF2h,
      /tmp/phpunit_icon_o2ki8euh8kiu5N5ZDvT_test.svg,
      /tmp/LRVt_OwTHT9dQEggibVBr,
      /tmp/F7D0ESBGBJ0uqAB9IVrhb,
      /tmp/blog_cache_test_njlvajt5i0v76cIyIqC,
      /tmp/phpunit_icon_kf1qppk1qa19dJctJfY_test.svg,
      /tmp/o8MdYtWx3WSgYLU3pvTHT,
      /tmp/magellan-skill-validator-SAlJWQ,
      /tmp/.org.chromium.Chromium.nMwGXy,
      /tmp/magellan-run-ledger-aWiaUF,
      /tmp/new_pw_config.ts,
      /tmp/phpunit_icon_6irr4pnn590sfFGlnzf,
      /tmp/magellan-ai-tooling-3rGFoy,
      /tmp/magellan-skill-validator-OQXUKX,
      /tmp/blog_cache_test_tr0k9ef77ictc5sgpDJ,
      /tmp/magellan-skill-validator-O7UncK,
      /tmp/legacy-topic-cleanup1560166879453181239,
      /tmp/_COC6USh-O_qBt_vbdTdc,
      /tmp/magellan-run-ledger-OYuwyC,
      /tmp/magellan-ai-tooling-7Hnovn,
      /tmp/OwMEJrAV9CjwqhnzYiSfw,
      /tmp/magellan-ai-tooling-DIb7A4,
      /tmp/cards-ixohhn,
      /tmp/kotlin-daemon.2026-09-08.23-05-34-322.00.log,
      /tmp/tmp.UaEK1Sb52v,
      /tmp/tmp.AGGMnNFope,
      /tmp/magellan-ai-tooling-bGhWye,
      /tmp/tmp.xuuO1MCotG,
      /tmp/HTvBSUNaJLARk38R_F2m6,
      /tmp/magellan-skill-validator-LuSh72,
      /tmp/oms-import-upload-test-10396035785079936530,
      /tmp/tmp.vUPG4VDfbo,
      /tmp/v-ocHHBDMRpk_N5dovE-g,
      /tmp/magellan-ai-tooling-idhWZF,
      /tmp/magellan-ai-tooling-LosLiJ,
      /tmp/run-public.log,
      /tmp/kotlin-daemon.2026-09-09.00-12-55-314.00.log,
      /tmp/magellan-ai-tooling-tNBtAS,
      /tmp/magellan-ai-tooling-t2t78i,
      /tmp/magellan-skill-validator-sXh2r0,
      /tmp/.bun-1000-b8b4789fcd6de580.node,
      /tmp/magellan-ai-tooling-diKW8C,
      /tmp/magellan-ai-tooling-vddW3m,
      /tmp/magellan-run-ledger-oYBVql,
      /tmp/tmp.puzRt4pWxi,
      /tmp/I_XJVwKKSXRzzhUTVQR_o,
      /tmp/phpunit_icon_hp4t81g0b2vu2KuhQEF_test.svg,
      /tmp/run-events.log,
      /tmp/repro5-step1.png,
      /tmp/compare-run1.log,
      /tmp/com.google.Chrome.LodUEd,
      /tmp/phpunit_icon_9062pg5896tkbVtISTC_test.svg,
      /tmp/run-editors-email.log,
      /tmp/magellan-ai-tooling-ikz9AS,
      /tmp/systemd-private-69eb74b91a084dd08b9f790575f5873e-systemd-logind.service-btRI6i,
      /tmp/blog_cache_bad_9hnr4je0cko4ce7Ac3a,
      /tmp/magellan-ai-tooling-FMxBUK,
      /tmp/kivvi-import-zcnSpw,
      /tmp/magellan-skill-validator-NrcQI7,
      /tmp/magellan-ai-tooling-hweert,
      /tmp/tmp.DzZ7mKXlri,
      /tmp/magellan-ai-tooling-eR0Gfs,
      /tmp/magellan-ai-tooling-AiZXZB,
      /tmp/pio69-owner-uslugi-dodatkowe.png,
      /tmp/magellan-skill-validator-kbvP30,
      /tmp/magellan-ai-tooling-1pNCwf,
      /tmp/kivvi-mvn-verify.log,
      /tmp/magellan-skill-validator-X0FiGo,
      /tmp/magellan-ai-tooling-4qo2BT,
      /tmp/magellan-skill-validator-O1qIOy,
      /tmp/tmp.1jWBquK4M3,
      /tmp/magellan-ai-tooling-Eexo5G,
      /tmp/magellan-ai-tooling-AV7bxf,
      /tmp/magellan-ai-tooling-3uXH3B,
      /tmp/magellan-ai-tooling-GOhkq7,
      /tmp/magellan-skill-validator-ym7mOW,
      /tmp/magellan-run-ledger-Ld5hSg,
      /tmp/magellan-ai-tooling-q640KJ,
      /tmp/magellan-skill-validator-3cgFD3,
      /tmp/oms-import-upload-test-4222195753883059379,
      /tmp/magellan-skill-validator-xH1177,
      /tmp/magellan-ai-tooling-mGzJzL,
      /tmp/cards-BVJDPv,
      /tmp/.org.chromium.Chromium.xhbQoM,
      /tmp/magellan-ai-tooling-Pjw1cy,
      /tmp/magellan-run-ledger-B0MZ2G,
      /tmp/cards-XyZ2aD,
      /tmp/xfs-9e22b6ca,
      /tmp/phpunit_icon_5lfab3l1t6nk9KeuQ8y,
      /tmp/magellan-ai-tooling-AUbMIV,
      /tmp/aws-serverless-mcp-server-deployments,
      /tmp/magellan-ai-tooling-5D0i94,
      /tmp/Rm6jXaJ7kJYO2-0-U5_Nq,
      /tmp/magellan-ai-tooling-h4BkXL,
      /tmp/tmp.gZe5uU2qU9,
      /tmp/tmp.BGbplanMFN,
      /tmp/magellan-skill-validator-NAl9nO,
      /tmp/1_FS1UUhYfiUwPjHcY-OK,
      /tmp/magellan-skill-validator-603Oeb,
      /tmp/magellan-ai-tooling-rHiudE,
      /tmp/magellan-run-ledger-rPjmuI,
      /tmp/magellan-skill-validator-MIMsLT,
      /tmp/kotlin-daemon.2026-09-03.10-29-37-791.00.log,
      /tmp/vite3.log,
      /tmp/PiXbxMASONBAGzEVTNOyj,
      /tmp/FrT1iBPk4dKTGmu0bTSC8,
      /tmp/inv.txt,
      /tmp/magellan-skill-validator-BGQjSs,
      /tmp/magellan-ai-tooling-qExFdU,
      /tmp/texts_diff_5.txt,
      /tmp/magellan-ai-tooling-Ly4v3z,
      /tmp/magellan-ai-tooling-OBOtEz,
      /tmp/blog_cache_test_otbf8nvll6rp760EyPu,
      /tmp/static-arch.txt,
      /tmp/magellan-run-ledger-H2OlfW,
      /tmp/4YNg_H-eZaVGPsyHxs8Pb] (HashSet@2a718598)
	at click.kivvi.ImportApiIT.pathTraversalOriginalNameNeverEscapesTheUploadDirectoryOverHttp(ImportApiIT.java:206)

2026-09-09T07:11:39.553Z  INFO 87088 --- [kivvi-click] [           main] tc.postgres:18-alpine                    : Creating container for image: postgres:18-alpine
2026-09-09T07:11:39.571Z  INFO 87088 --- [kivvi-click] [           main] tc.postgres:18-alpine                    : Container postgres:18-alpine is starting: 3836f28f4343463482fab9d92360e8128fb97fb2ad8f81176b850dc6f5a4e674
2026-09-09T07:11:40.903Z  INFO 87088 --- [kivvi-click] [           main] tc.postgres:18-alpine                    : Container postgres:18-alpine started in PT1.350272172S
2026-09-09T07:11:40.903Z  INFO 87088 --- [kivvi-click] [           main] tc.postgres:18-alpine                    : Container is started (JDBC URL: jdbc:postgresql://localhost:34608/test?loggerLevel=OFF)
2026-09-09T07:11:40.904Z  INFO 87088 --- [kivvi-click] [           main] t.c.s.AnnotationConfigContextLoaderUtils : Could not detect default configuration classes for test class [click.kivvi.WidgetApiIT]: WidgetApiIT does not declare any static, non-private, non-final, nested classes annotated with @Configuration.
2026-09-09T07:11:40.907Z  INFO 87088 --- [kivvi-click] [           main] .b.t.c.SpringBootTestContextBootstrapper : Found @SpringBootConfiguration click.kivvi.KivviApplication for test class click.kivvi.WidgetApiIT
2026-09-09T07:11:40.907Z  INFO 87088 --- [kivvi-click] [           main] t.c.s.AnnotationConfigContextLoaderUtils : Could not detect default configuration classes for test class [click.kivvi.WidgetApiIT]: WidgetApiIT does not declare any static, non-private, non-final, nested classes annotated with @Configuration.
2026-09-09T07:11:40.909Z  INFO 87088 --- [kivvi-click] [           main] .b.t.c.SpringBootTestContextBootstrapper : Found @SpringBootConfiguration click.kivvi.KivviApplication for test class click.kivvi.WidgetApiIT

  .   ____          _            __ _ _
 /\\ / ___'_ __ _ _(_)_ __  __ _ \ \ \ \
( ( )\___ | '_ | '_| | '_ \/ _` | \ \ \ \
 \\/  ___)| |_)| | | | | || (_| |  ) ) ) )
  '  |____| .__|_| |_|_| |_\__, | / / / /
 =========|_|==============|___/=/_/_/_/

 :: Spring Boot ::                (v4.1.1)

2026-09-09T07:11:40.921Z  INFO 87088 --- [kivvi-click] [           main] click.kivvi.WidgetApiIT                  : Starting WidgetApiIT using Java 25.0.4.1 with PID 87088 (started by muszkin in /home/muszkin/work/kivvi-click-wt/verify-wave-4-integration/backend)
2026-09-09T07:11:40.921Z  INFO 87088 --- [kivvi-click] [           main] click.kivvi.WidgetApiIT                  : No active profile set, falling back to 1 default profile: "default"
2026-09-09T07:11:41.035Z  INFO 87088 --- [kivvi-click] [           main] o.s.boot.tomcat.TomcatWebServer          : Tomcat initialized with port 0 (http)
2026-09-09T07:11:41.036Z  INFO 87088 --- [kivvi-click] [           main] o.apache.catalina.core.StandardService   : Starting service [Tomcat]
2026-09-09T07:11:41.036Z  INFO 87088 --- [kivvi-click] [           main] o.apache.catalina.core.StandardEngine    : Starting Servlet engine: [Apache Tomcat/11.0.24]
2026-09-09T07:11:41.041Z  INFO 87088 --- [kivvi-click] [           main] b.w.c.s.WebApplicationContextInitializer : Root WebApplicationContext: initialization completed in 119 ms
2026-09-09T07:11:41.101Z  INFO 87088 --- [kivvi-click] [           main] org.flywaydb.core.FlywayExecutor         : Database: jdbc:postgresql://localhost:34608/test?loggerLevel=OFF (PostgreSQL 18.6)
2026-09-09T07:11:41.112Z  INFO 87088 --- [kivvi-click] [           main] o.f.c.i.s.JdbcTableSchemaHistory         : Schema history table "public"."flyway_schema_history" does not exist yet
2026-09-09T07:11:41.112Z  INFO 87088 --- [kivvi-click] [           main] o.f.core.internal.command.DbValidate     : Successfully validated 1 migration (execution time 00:00.002s)
2026-09-09T07:11:41.119Z  INFO 87088 --- [kivvi-click] [           main] o.f.c.i.s.JdbcTableSchemaHistory         : Creating Schema History table "public"."flyway_schema_history" ...
2026-09-09T07:11:41.138Z  INFO 87088 --- [kivvi-click] [           main] o.f.core.internal.command.DbMigrate      : Current version of schema "public": << Empty Schema >>
2026-09-09T07:11:41.141Z  INFO 87088 --- [kivvi-click] [           main] o.f.core.internal.command.DbMigrate      : Migrating schema "public" to version "1 - baseline"
2026-09-09T07:11:41.158Z  INFO 87088 --- [kivvi-click] [           main] o.f.core.internal.command.DbMigrate      : Successfully applied 1 migration to schema "public", now at version v1 (execution time 00:00.014s)
2026-09-09T07:11:41.180Z  INFO 87088 --- [kivvi-click] [           main] o.s.b.w.a.WelcomePageHandlerMapping      : Adding welcome page: class path resource [static/index.html]
2026-09-09T07:11:41.215Z  INFO 87088 --- [kivvi-click] [           main] com.zaxxer.hikari.HikariDataSource       : HikariPool-10 - Starting...
2026-09-09T07:11:41.222Z  INFO 87088 --- [kivvi-click] [           main] com.zaxxer.hikari.pool.HikariPool        : HikariPool-10 - Added connection org.postgresql.jdbc.PgConnection@6ba68981
2026-09-09T07:11:41.222Z  INFO 87088 --- [kivvi-click] [           main] com.zaxxer.hikari.HikariDataSource       : HikariPool-10 - Start completed.
2026-09-09T07:11:41.226Z  INFO 87088 --- [kivvi-click] [           main] o.s.b.a.e.web.EndpointLinksResolver      : Exposing 1 endpoint beneath base path '/actuator'
2026-09-09T07:11:41.232Z  INFO 87088 --- [kivvi-click] [           main] o.s.boot.tomcat.TomcatWebServer          : Tomcat started on port 39395 (http) with context path '/'
2026-09-09T07:11:41.237Z  INFO 87088 --- [kivvi-click] [           main] click.kivvi.WidgetApiIT                  : Started WidgetApiIT in 0.325 seconds (process running for 26.303)
2026-09-09T07:11:41.238Z  INFO 87088 --- [kivvi-click] [eat-scheduler-1] c.k.i.scheduling.HeartbeatJob            : Scheduler heartbeat tick.
2026-09-09T07:11:41.241Z  INFO 87088 --- [kivvi-click] [eat-scheduler-1] c.k.i.tracking.EventDedupCleanupJob      : Event dedup cleanup removed 0 expired row(s).
2026-09-09T07:11:41.241Z  INFO 87088 --- [kivvi-click] [o-auto-9-exec-1] o.a.c.c.C.[Tomcat-8].[localhost].[/]     : Initializing Spring DispatcherServlet 'dispatcherServlet'
2026-09-09T07:11:41.242Z  INFO 87088 --- [kivvi-click] [o-auto-9-exec-1] o.s.web.servlet.DispatcherServlet        : Initializing Servlet 'dispatcherServlet'
2026-09-09T07:11:41.242Z  INFO 87088 --- [kivvi-click] [o-auto-9-exec-1] o.s.web.servlet.DispatcherServlet        : Completed initialization in 0 ms
2026-09-09T07:11:41.538Z  INFO 87088 --- [kivvi-click] [           main] tc.postgres:18-alpine                    : Creating container for image: postgres:18-alpine
2026-09-09T07:11:41.555Z  INFO 87088 --- [kivvi-click] [           main] tc.postgres:18-alpine                    : Container postgres:18-alpine is starting: 963c27c200a7c60e59b5b6f8f179c4cb34ae0cf9c94408708f99e594b77c493d
2026-09-09T07:11:42.950Z  INFO 87088 --- [kivvi-click] [           main] tc.postgres:18-alpine                    : Container postgres:18-alpine started in PT1.411854101S
2026-09-09T07:11:42.950Z  INFO 87088 --- [kivvi-click] [           main] tc.postgres:18-alpine                    : Container is started (JDBC URL: jdbc:postgresql://localhost:34609/test?loggerLevel=OFF)
2026-09-09T07:11:42.951Z  INFO 87088 --- [kivvi-click] [           main] t.c.s.AnnotationConfigContextLoaderUtils : Could not detect default configuration classes for test class [click.kivvi.FeedsApiIT]: FeedsApiIT does not declare any static, non-private, non-final, nested classes annotated with @Configuration.
2026-09-09T07:11:42.954Z  INFO 87088 --- [kivvi-click] [           main] .b.t.c.SpringBootTestContextBootstrapper : Found @SpringBootConfiguration click.kivvi.KivviApplication for test class click.kivvi.FeedsApiIT
2026-09-09T07:11:42.954Z  INFO 87088 --- [kivvi-click] [           main] t.c.s.AnnotationConfigContextLoaderUtils : Could not detect default configuration classes for test class [click.kivvi.FeedsApiIT]: FeedsApiIT does not declare any static, non-private, non-final, nested classes annotated with @Configuration.
2026-09-09T07:11:42.956Z  INFO 87088 --- [kivvi-click] [           main] .b.t.c.SpringBootTestContextBootstrapper : Found @SpringBootConfiguration click.kivvi.KivviApplication for test class click.kivvi.FeedsApiIT

  .   ____          _            __ _ _
 /\\ / ___'_ __ _ _(_)_ __  __ _ \ \ \ \
( ( )\___ | '_ | '_| | '_ \/ _` | \ \ \ \
 \\/  ___)| |_)| | | | | || (_| |  ) ) ) )
  '  |____| .__|_| |_|_| |_\__, | / / / /
 =========|_|==============|___/=/_/_/_/

 :: Spring Boot ::                (v4.1.1)

2026-09-09T07:11:42.970Z  INFO 87088 --- [kivvi-click] [           main] click.kivvi.FeedsApiIT                   : Starting FeedsApiIT using Java 25.0.4.1 with PID 87088 (started by muszkin in /home/muszkin/work/kivvi-click-wt/verify-wave-4-integration/backend)
2026-09-09T07:11:42.970Z  INFO 87088 --- [kivvi-click] [           main] click.kivvi.FeedsApiIT                   : No active profile set, falling back to 1 default profile: "default"
2026-09-09T07:11:43.091Z  INFO 87088 --- [kivvi-click] [           main] o.s.boot.tomcat.TomcatWebServer          : Tomcat initialized with port 0 (http)
2026-09-09T07:11:43.092Z  INFO 87088 --- [kivvi-click] [           main] o.apache.catalina.core.StandardService   : Starting service [Tomcat]
2026-09-09T07:11:43.092Z  INFO 87088 --- [kivvi-click] [           main] o.apache.catalina.core.StandardEngine    : Starting Servlet engine: [Apache Tomcat/11.0.24]
2026-09-09T07:11:43.097Z  INFO 87088 --- [kivvi-click] [           main] b.w.c.s.WebApplicationContextInitializer : Root WebApplicationContext: initialization completed in 126 ms
2026-09-09T07:11:43.172Z  INFO 87088 --- [kivvi-click] [           main] org.flywaydb.core.FlywayExecutor         : Database: jdbc:postgresql://localhost:34609/test?loggerLevel=OFF (PostgreSQL 18.6)
2026-09-09T07:11:43.184Z  INFO 87088 --- [kivvi-click] [           main] o.f.c.i.s.JdbcTableSchemaHistory         : Schema history table "public"."flyway_schema_history" does not exist yet
2026-09-09T07:11:43.185Z  INFO 87088 --- [kivvi-click] [           main] o.f.core.internal.command.DbValidate     : Successfully validated 1 migration (execution time 00:00.002s)
2026-09-09T07:11:43.191Z  INFO 87088 --- [kivvi-click] [           main] o.f.c.i.s.JdbcTableSchemaHistory         : Creating Schema History table "public"."flyway_schema_history" ...
2026-09-09T07:11:43.210Z  INFO 87088 --- [kivvi-click] [           main] o.f.core.internal.command.DbMigrate      : Current version of schema "public": << Empty Schema >>
2026-09-09T07:11:43.212Z  INFO 87088 --- [kivvi-click] [           main] o.f.core.internal.command.DbMigrate      : Migrating schema "public" to version "1 - baseline"
2026-09-09T07:11:43.231Z  INFO 87088 --- [kivvi-click] [           main] o.f.core.internal.command.DbMigrate      : Successfully applied 1 migration to schema "public", now at version v1 (execution time 00:00.015s)
2026-09-09T07:11:43.255Z  INFO 87088 --- [kivvi-click] [           main] o.s.b.w.a.WelcomePageHandlerMapping      : Adding welcome page: class path resource [static/index.html]
2026-09-09T07:11:43.295Z  INFO 87088 --- [kivvi-click] [           main] com.zaxxer.hikari.HikariDataSource       : HikariPool-11 - Starting...
2026-09-09T07:11:43.302Z  INFO 87088 --- [kivvi-click] [           main] com.zaxxer.hikari.pool.HikariPool        : HikariPool-11 - Added connection org.postgresql.jdbc.PgConnection@fe15694
2026-09-09T07:11:43.302Z  INFO 87088 --- [kivvi-click] [           main] com.zaxxer.hikari.HikariDataSource       : HikariPool-11 - Start completed.
2026-09-09T07:11:43.306Z  INFO 87088 --- [kivvi-click] [           main] o.s.b.a.e.web.EndpointLinksResolver      : Exposing 1 endpoint beneath base path '/actuator'
2026-09-09T07:11:43.313Z  INFO 87088 --- [kivvi-click] [           main] o.s.boot.tomcat.TomcatWebServer          : Tomcat started on port 45151 (http) with context path '/'
2026-09-09T07:11:43.319Z  INFO 87088 --- [kivvi-click] [           main] click.kivvi.FeedsApiIT                   : Started FeedsApiIT in 0.361 seconds (process running for 28.385)
2026-09-09T07:11:43.321Z  INFO 87088 --- [kivvi-click] [eat-scheduler-1] c.k.i.scheduling.HeartbeatJob            : Scheduler heartbeat tick.
2026-09-09T07:11:43.324Z  INFO 87088 --- [kivvi-click] [eat-scheduler-1] c.k.i.tracking.EventDedupCleanupJob      : Event dedup cleanup removed 0 expired row(s).
2026-09-09T07:11:43.325Z  INFO 87088 --- [kivvi-click] [-auto-10-exec-1] o.a.c.c.C.[Tomcat-9].[localhost].[/]     : Initializing Spring DispatcherServlet 'dispatcherServlet'
2026-09-09T07:11:43.325Z  INFO 87088 --- [kivvi-click] [-auto-10-exec-1] o.s.web.servlet.DispatcherServlet        : Initializing Servlet 'dispatcherServlet'
2026-09-09T07:11:43.326Z  INFO 87088 --- [kivvi-click] [-auto-10-exec-1] o.s.web.servlet.DispatcherServlet        : Completed initialization in 1 ms
2026-09-09T07:11:43.555Z  INFO 87088 --- [kivvi-click] [           main] tc.postgres:18-alpine                    : Creating container for image: postgres:18-alpine
2026-09-09T07:11:43.573Z  INFO 87088 --- [kivvi-click] [           main] tc.postgres:18-alpine                    : Container postgres:18-alpine is starting: e4d5d268cd0496834c2a295190ff18f803bc411032e2b5f69538592701d1453a
2026-09-09T07:11:44.966Z  INFO 87088 --- [kivvi-click] [           main] tc.postgres:18-alpine                    : Container postgres:18-alpine started in PT1.411241094S
2026-09-09T07:11:44.967Z  INFO 87088 --- [kivvi-click] [           main] tc.postgres:18-alpine                    : Container is started (JDBC URL: jdbc:postgresql://localhost:34610/test?loggerLevel=OFF)
2026-09-09T07:11:44.967Z  INFO 87088 --- [kivvi-click] [           main] t.c.s.AnnotationConfigContextLoaderUtils : Could not detect default configuration classes for test class [click.kivvi.SessionRoundTripIT]: SessionRoundTripIT does not declare any static, non-private, non-final, nested classes annotated with @Configuration.
2026-09-09T07:11:44.970Z  INFO 87088 --- [kivvi-click] [           main] .b.t.c.SpringBootTestContextBootstrapper : Found @SpringBootConfiguration click.kivvi.KivviApplication for test class click.kivvi.SessionRoundTripIT
2026-09-09T07:11:44.970Z  INFO 87088 --- [kivvi-click] [           main] t.c.s.AnnotationConfigContextLoaderUtils : Could not detect default configuration classes for test class [click.kivvi.SessionRoundTripIT]: SessionRoundTripIT does not declare any static, non-private, non-final, nested classes annotated with @Configuration.
2026-09-09T07:11:44.972Z  INFO 87088 --- [kivvi-click] [           main] .b.t.c.SpringBootTestContextBootstrapper : Found @SpringBootConfiguration click.kivvi.KivviApplication for test class click.kivvi.SessionRoundTripIT

  .   ____          _            __ _ _
 /\\ / ___'_ __ _ _(_)_ __  __ _ \ \ \ \
( ( )\___ | '_ | '_| | '_ \/ _` | \ \ \ \
 \\/  ___)| |_)| | | | | || (_| |  ) ) ) )
  '  |____| .__|_| |_|_| |_\__, | / / / /
 =========|_|==============|___/=/_/_/_/

 :: Spring Boot ::                (v4.1.1)

2026-09-09T07:11:44.985Z  INFO 87088 --- [kivvi-click] [           main] click.kivvi.SessionRoundTripIT           : Starting SessionRoundTripIT using Java 25.0.4.1 with PID 87088 (started by muszkin in /home/muszkin/work/kivvi-click-wt/verify-wave-4-integration/backend)
2026-09-09T07:11:44.985Z  INFO 87088 --- [kivvi-click] [           main] click.kivvi.SessionRoundTripIT           : No active profile set, falling back to 1 default profile: "default"
2026-09-09T07:11:45.093Z  INFO 87088 --- [kivvi-click] [           main] o.s.boot.tomcat.TomcatWebServer          : Tomcat initialized with port 0 (http)
2026-09-09T07:11:45.094Z  INFO 87088 --- [kivvi-click] [           main] o.apache.catalina.core.StandardService   : Starting service [Tomcat]
2026-09-09T07:11:45.094Z  INFO 87088 --- [kivvi-click] [           main] o.apache.catalina.core.StandardEngine    : Starting Servlet engine: [Apache Tomcat/11.0.24]
2026-09-09T07:11:45.099Z  INFO 87088 --- [kivvi-click] [           main] b.w.c.s.WebApplicationContextInitializer : Root WebApplicationContext: initialization completed in 113 ms
2026-09-09T07:11:45.154Z  INFO 87088 --- [kivvi-click] [           main] org.flywaydb.core.FlywayExecutor         : Database: jdbc:postgresql://localhost:34610/test?loggerLevel=OFF (PostgreSQL 18.6)
2026-09-09T07:11:45.163Z  INFO 87088 --- [kivvi-click] [           main] o.f.c.i.s.JdbcTableSchemaHistory         : Schema history table "public"."flyway_schema_history" does not exist yet
2026-09-09T07:11:45.164Z  INFO 87088 --- [kivvi-click] [           main] o.f.core.internal.command.DbValidate     : Successfully validated 1 migration (execution time 00:00.001s)
2026-09-09T07:11:45.170Z  INFO 87088 --- [kivvi-click] [           main] o.f.c.i.s.JdbcTableSchemaHistory         : Creating Schema History table "public"."flyway_schema_history" ...
2026-09-09T07:11:45.188Z  INFO 87088 --- [kivvi-click] [           main] o.f.core.internal.command.DbMigrate      : Current version of schema "public": << Empty Schema >>
2026-09-09T07:11:45.190Z  INFO 87088 --- [kivvi-click] [           main] o.f.core.internal.command.DbMigrate      : Migrating schema "public" to version "1 - baseline"
2026-09-09T07:11:45.206Z  INFO 87088 --- [kivvi-click] [           main] o.f.core.internal.command.DbMigrate      : Successfully applied 1 migration to schema "public", now at version v1 (execution time 00:00.014s)
2026-09-09T07:11:45.227Z  INFO 87088 --- [kivvi-click] [           main] o.s.b.w.a.WelcomePageHandlerMapping      : Adding welcome page: class path resource [static/index.html]
2026-09-09T07:11:45.262Z  INFO 87088 --- [kivvi-click] [           main] com.zaxxer.hikari.HikariDataSource       : HikariPool-12 - Starting...
2026-09-09T07:11:45.268Z  INFO 87088 --- [kivvi-click] [           main] com.zaxxer.hikari.pool.HikariPool        : HikariPool-12 - Added connection org.postgresql.jdbc.PgConnection@7bd9e2f7
2026-09-09T07:11:45.268Z  INFO 87088 --- [kivvi-click] [           main] com.zaxxer.hikari.HikariDataSource       : HikariPool-12 - Start completed.
2026-09-09T07:11:45.271Z  INFO 87088 --- [kivvi-click] [           main] o.s.b.a.e.web.EndpointLinksResolver      : Exposing 1 endpoint beneath base path '/actuator'
2026-09-09T07:11:45.277Z  INFO 87088 --- [kivvi-click] [           main] o.s.boot.tomcat.TomcatWebServer          : Tomcat started on port 39157 (http) with context path '/'
2026-09-09T07:11:45.282Z  INFO 87088 --- [kivvi-click] [           main] click.kivvi.SessionRoundTripIT           : Started SessionRoundTripIT in 0.308 seconds (process running for 30.348)
2026-09-09T07:11:45.283Z  INFO 87088 --- [kivvi-click] [eat-scheduler-1] c.k.i.scheduling.HeartbeatJob            : Scheduler heartbeat tick.
2026-09-09T07:11:45.286Z  INFO 87088 --- [kivvi-click] [eat-scheduler-1] c.k.i.tracking.EventDedupCleanupJob      : Event dedup cleanup removed 0 expired row(s).
2026-09-09T07:11:45.287Z  INFO 87088 --- [kivvi-click] [-auto-11-exec-1] o.a.c.c.C.[Tomcat-10].[localhost].[/]    : Initializing Spring DispatcherServlet 'dispatcherServlet'
2026-09-09T07:11:45.287Z  INFO 87088 --- [kivvi-click] [-auto-11-exec-1] o.s.web.servlet.DispatcherServlet        : Initializing Servlet 'dispatcherServlet'
2026-09-09T07:11:45.288Z  INFO 87088 --- [kivvi-click] [-auto-11-exec-1] o.s.web.servlet.DispatcherServlet        : Completed initialization in 1 ms
2026-09-09T07:11:45.572Z  INFO 87088 --- [kivvi-click] [           main] tc.postgres:18-alpine                    : Creating container for image: postgres:18-alpine
2026-09-09T07:11:45.587Z  INFO 87088 --- [kivvi-click] [           main] tc.postgres:18-alpine                    : Container postgres:18-alpine is starting: 7c66858636f8f7e3378cc253d2d3d6b4c7a923ea0c48d67a8f9e31591959fd20
2026-09-09T07:11:46.927Z  INFO 87088 --- [kivvi-click] [           main] tc.postgres:18-alpine                    : Container postgres:18-alpine started in PT1.354420596S
2026-09-09T07:11:46.927Z  INFO 87088 --- [kivvi-click] [           main] tc.postgres:18-alpine                    : Container is started (JDBC URL: jdbc:postgresql://localhost:34611/test?loggerLevel=OFF)
2026-09-09T07:11:46.928Z  INFO 87088 --- [kivvi-click] [           main] t.c.s.AnnotationConfigContextLoaderUtils : Could not detect default configuration classes for test class [click.kivvi.ShellApiIT]: ShellApiIT does not declare any static, non-private, non-final, nested classes annotated with @Configuration.
2026-09-09T07:11:46.930Z  INFO 87088 --- [kivvi-click] [           main] .b.t.c.SpringBootTestContextBootstrapper : Found @SpringBootConfiguration click.kivvi.KivviApplication for test class click.kivvi.ShellApiIT
2026-09-09T07:11:46.930Z  INFO 87088 --- [kivvi-click] [           main] t.c.s.AnnotationConfigContextLoaderUtils : Could not detect default configuration classes for test class [click.kivvi.ShellApiIT]: ShellApiIT does not declare any static, non-private, non-final, nested classes annotated with @Configuration.
2026-09-09T07:11:46.932Z  INFO 87088 --- [kivvi-click] [           main] .b.t.c.SpringBootTestContextBootstrapper : Found @SpringBootConfiguration click.kivvi.KivviApplication for test class click.kivvi.ShellApiIT

  .   ____          _            __ _ _
 /\\ / ___'_ __ _ _(_)_ __  __ _ \ \ \ \
( ( )\___ | '_ | '_| | '_ \/ _` | \ \ \ \
 \\/  ___)| |_)| | | | | || (_| |  ) ) ) )
  '  |____| .__|_| |_|_| |_\__, | / / / /
 =========|_|==============|___/=/_/_/_/

 :: Spring Boot ::                (v4.1.1)

2026-09-09T07:11:46.942Z  INFO 87088 --- [kivvi-click] [           main] click.kivvi.ShellApiIT                   : Starting ShellApiIT using Java 25.0.4.1 with PID 87088 (started by muszkin in /home/muszkin/work/kivvi-click-wt/verify-wave-4-integration/backend)
2026-09-09T07:11:46.942Z  INFO 87088 --- [kivvi-click] [           main] click.kivvi.ShellApiIT                   : No active profile set, falling back to 1 default profile: "default"
2026-09-09T07:11:47.057Z  INFO 87088 --- [kivvi-click] [           main] o.s.boot.tomcat.TomcatWebServer          : Tomcat initialized with port 0 (http)
2026-09-09T07:11:47.058Z  INFO 87088 --- [kivvi-click] [           main] o.apache.catalina.core.StandardService   : Starting service [Tomcat]
2026-09-09T07:11:47.058Z  INFO 87088 --- [kivvi-click] [           main] o.apache.catalina.core.StandardEngine    : Starting Servlet engine: [Apache Tomcat/11.0.24]
2026-09-09T07:11:47.063Z  INFO 87088 --- [kivvi-click] [           main] b.w.c.s.WebApplicationContextInitializer : Root WebApplicationContext: initialization completed in 120 ms
2026-09-09T07:11:47.124Z  INFO 87088 --- [kivvi-click] [           main] org.flywaydb.core.FlywayExecutor         : Database: jdbc:postgresql://localhost:34611/test?loggerLevel=OFF (PostgreSQL 18.6)
2026-09-09T07:11:47.134Z  INFO 87088 --- [kivvi-click] [           main] o.f.c.i.s.JdbcTableSchemaHistory         : Schema history table "public"."flyway_schema_history" does not exist yet
2026-09-09T07:11:47.134Z  INFO 87088 --- [kivvi-click] [           main] o.f.core.internal.command.DbValidate     : Successfully validated 1 migration (execution time 00:00.002s)
2026-09-09T07:11:47.140Z  INFO 87088 --- [kivvi-click] [           main] o.f.c.i.s.JdbcTableSchemaHistory         : Creating Schema History table "public"."flyway_schema_history" ...
2026-09-09T07:11:47.159Z  INFO 87088 --- [kivvi-click] [           main] o.f.core.internal.command.DbMigrate      : Current version of schema "public": << Empty Schema >>
2026-09-09T07:11:47.161Z  INFO 87088 --- [kivvi-click] [           main] o.f.core.internal.command.DbMigrate      : Migrating schema "public" to version "1 - baseline"
2026-09-09T07:11:47.179Z  INFO 87088 --- [kivvi-click] [           main] o.f.core.internal.command.DbMigrate      : Successfully applied 1 migration to schema "public", now at version v1 (execution time 00:00.014s)
2026-09-09T07:11:47.203Z  INFO 87088 --- [kivvi-click] [           main] o.s.b.w.a.WelcomePageHandlerMapping      : Adding welcome page: class path resource [static/index.html]
2026-09-09T07:11:47.241Z  INFO 87088 --- [kivvi-click] [           main] com.zaxxer.hikari.HikariDataSource       : HikariPool-13 - Starting...
2026-09-09T07:11:47.247Z  INFO 87088 --- [kivvi-click] [           main] com.zaxxer.hikari.pool.HikariPool        : HikariPool-13 - Added connection org.postgresql.jdbc.PgConnection@714bd7ad
2026-09-09T07:11:47.247Z  INFO 87088 --- [kivvi-click] [           main] com.zaxxer.hikari.HikariDataSource       : HikariPool-13 - Start completed.
2026-09-09T07:11:47.251Z  INFO 87088 --- [kivvi-click] [           main] o.s.b.a.e.web.EndpointLinksResolver      : Exposing 1 endpoint beneath base path '/actuator'
2026-09-09T07:11:47.257Z  INFO 87088 --- [kivvi-click] [           main] o.s.boot.tomcat.TomcatWebServer          : Tomcat started on port 39451 (http) with context path '/'
2026-09-09T07:11:47.262Z  INFO 87088 --- [kivvi-click] [           main] click.kivvi.ShellApiIT                   : Started ShellApiIT in 0.328 seconds (process running for 32.328)
2026-09-09T07:11:47.263Z  INFO 87088 --- [kivvi-click] [eat-scheduler-1] c.k.i.scheduling.HeartbeatJob            : Scheduler heartbeat tick.
2026-09-09T07:11:47.266Z  INFO 87088 --- [kivvi-click] [eat-scheduler-1] c.k.i.tracking.EventDedupCleanupJob      : Event dedup cleanup removed 0 expired row(s).
2026-09-09T07:11:47.266Z  INFO 87088 --- [kivvi-click] [-auto-12-exec-1] o.a.c.c.C.[Tomcat-11].[localhost].[/]    : Initializing Spring DispatcherServlet 'dispatcherServlet'
2026-09-09T07:11:47.266Z  INFO 87088 --- [kivvi-click] [-auto-12-exec-1] o.s.web.servlet.DispatcherServlet        : Initializing Servlet 'dispatcherServlet'
2026-09-09T07:11:47.267Z  INFO 87088 --- [kivvi-click] [-auto-12-exec-1] o.s.web.servlet.DispatcherServlet        : Completed initialization in 1 ms
2026-09-09T07:11:47.504Z  INFO 87088 --- [kivvi-click] [           main] tc.postgres:18-alpine                    : Creating container for image: postgres:18-alpine
2026-09-09T07:11:47.519Z  INFO 87088 --- [kivvi-click] [           main] tc.postgres:18-alpine                    : Container postgres:18-alpine is starting: f8121ce4a8925a5cbcac2b16c5a7bf713589e621769234420d82391012f62c26
2026-09-09T07:11:48.851Z  INFO 87088 --- [kivvi-click] [           main] tc.postgres:18-alpine                    : Container postgres:18-alpine started in PT1.346315812S
2026-09-09T07:11:48.851Z  INFO 87088 --- [kivvi-click] [           main] tc.postgres:18-alpine                    : Container is started (JDBC URL: jdbc:postgresql://localhost:34612/test?loggerLevel=OFF)
2026-09-09T07:11:48.852Z  INFO 87088 --- [kivvi-click] [           main] t.c.s.AnnotationConfigContextLoaderUtils : Could not detect default configuration classes for test class [click.kivvi.AutomationsApiIT]: AutomationsApiIT does not declare any static, non-private, non-final, nested classes annotated with @Configuration.
2026-09-09T07:11:48.854Z  INFO 87088 --- [kivvi-click] [           main] .b.t.c.SpringBootTestContextBootstrapper : Found @SpringBootConfiguration click.kivvi.KivviApplication for test class click.kivvi.AutomationsApiIT
2026-09-09T07:11:48.855Z  INFO 87088 --- [kivvi-click] [           main] t.c.s.AnnotationConfigContextLoaderUtils : Could not detect default configuration classes for test class [click.kivvi.AutomationsApiIT]: AutomationsApiIT does not declare any static, non-private, non-final, nested classes annotated with @Configuration.
2026-09-09T07:11:48.856Z  INFO 87088 --- [kivvi-click] [           main] .b.t.c.SpringBootTestContextBootstrapper : Found @SpringBootConfiguration click.kivvi.KivviApplication for test class click.kivvi.AutomationsApiIT

  .   ____          _            __ _ _
 /\\ / ___'_ __ _ _(_)_ __  __ _ \ \ \ \
( ( )\___ | '_ | '_| | '_ \/ _` | \ \ \ \
 \\/  ___)| |_)| | | | | || (_| |  ) ) ) )
  '  |____| .__|_| |_|_| |_\__, | / / / /
 =========|_|==============|___/=/_/_/_/

 :: Spring Boot ::                (v4.1.1)

2026-09-09T07:11:48.865Z  INFO 87088 --- [kivvi-click] [           main] click.kivvi.AutomationsApiIT             : Starting AutomationsApiIT using Java 25.0.4.1 with PID 87088 (started by muszkin in /home/muszkin/work/kivvi-click-wt/verify-wave-4-integration/backend)
2026-09-09T07:11:48.865Z  INFO 87088 --- [kivvi-click] [           main] click.kivvi.AutomationsApiIT             : No active profile set, falling back to 1 default profile: "default"
2026-09-09T07:11:48.966Z  INFO 87088 --- [kivvi-click] [           main] o.s.boot.tomcat.TomcatWebServer          : Tomcat initialized with port 0 (http)
2026-09-09T07:11:48.967Z  INFO 87088 --- [kivvi-click] [           main] o.apache.catalina.core.StandardService   : Starting service [Tomcat]
2026-09-09T07:11:48.967Z  INFO 87088 --- [kivvi-click] [           main] o.apache.catalina.core.StandardEngine    : Starting Servlet engine: [Apache Tomcat/11.0.24]
2026-09-09T07:11:48.972Z  INFO 87088 --- [kivvi-click] [           main] b.w.c.s.WebApplicationContextInitializer : Root WebApplicationContext: initialization completed in 107 ms
2026-09-09T07:11:49.030Z  INFO 87088 --- [kivvi-click] [           main] org.flywaydb.core.FlywayExecutor         : Database: jdbc:postgresql://localhost:34612/test?loggerLevel=OFF (PostgreSQL 18.6)
2026-09-09T07:11:49.039Z  INFO 87088 --- [kivvi-click] [           main] o.f.c.i.s.JdbcTableSchemaHistory         : Schema history table "public"."flyway_schema_history" does not exist yet
2026-09-09T07:11:49.039Z  INFO 87088 --- [kivvi-click] [           main] o.f.core.internal.command.DbValidate     : Successfully validated 1 migration (execution time 00:00.001s)
2026-09-09T07:11:49.045Z  INFO 87088 --- [kivvi-click] [           main] o.f.c.i.s.JdbcTableSchemaHistory         : Creating Schema History table "public"."flyway_schema_history" ...
2026-09-09T07:11:49.064Z  INFO 87088 --- [kivvi-click] [           main] o.f.core.internal.command.DbMigrate      : Current version of schema "public": << Empty Schema >>
2026-09-09T07:11:49.066Z  INFO 87088 --- [kivvi-click] [           main] o.f.core.internal.command.DbMigrate      : Migrating schema "public" to version "1 - baseline"
2026-09-09T07:11:49.082Z  INFO 87088 --- [kivvi-click] [           main] o.f.core.internal.command.DbMigrate      : Successfully applied 1 migration to schema "public", now at version v1 (execution time 00:00.014s)
2026-09-09T07:11:49.103Z  INFO 87088 --- [kivvi-click] [           main] o.s.b.w.a.WelcomePageHandlerMapping      : Adding welcome page: class path resource [static/index.html]
2026-09-09T07:11:49.142Z  INFO 87088 --- [kivvi-click] [           main] com.zaxxer.hikari.HikariDataSource       : HikariPool-14 - Starting...
2026-09-09T07:11:49.148Z  INFO 87088 --- [kivvi-click] [           main] com.zaxxer.hikari.pool.HikariPool        : HikariPool-14 - Added connection org.postgresql.jdbc.PgConnection@42f16e74
2026-09-09T07:11:49.149Z  INFO 87088 --- [kivvi-click] [           main] com.zaxxer.hikari.HikariDataSource       : HikariPool-14 - Start completed.
2026-09-09T07:11:49.154Z  INFO 87088 --- [kivvi-click] [           main] o.s.b.a.e.web.EndpointLinksResolver      : Exposing 1 endpoint beneath base path '/actuator'
2026-09-09T07:11:49.162Z  INFO 87088 --- [kivvi-click] [           main] o.s.boot.tomcat.TomcatWebServer          : Tomcat started on port 45043 (http) with context path '/'
2026-09-09T07:11:49.167Z  INFO 87088 --- [kivvi-click] [           main] click.kivvi.AutomationsApiIT             : Started AutomationsApiIT in 0.309 seconds (process running for 34.233)
2026-09-09T07:11:49.169Z  INFO 87088 --- [kivvi-click] [eat-scheduler-1] c.k.i.scheduling.HeartbeatJob            : Scheduler heartbeat tick.
2026-09-09T07:11:49.171Z  INFO 87088 --- [kivvi-click] [eat-scheduler-1] c.k.i.tracking.EventDedupCleanupJob      : Event dedup cleanup removed 0 expired row(s).
2026-09-09T07:11:49.172Z  INFO 87088 --- [kivvi-click] [-auto-13-exec-1] o.a.c.c.C.[Tomcat-12].[localhost].[/]    : Initializing Spring DispatcherServlet 'dispatcherServlet'
2026-09-09T07:11:49.172Z  INFO 87088 --- [kivvi-click] [-auto-13-exec-1] o.s.web.servlet.DispatcherServlet        : Initializing Servlet 'dispatcherServlet'
2026-09-09T07:11:49.172Z  INFO 87088 --- [kivvi-click] [-auto-13-exec-1] o.s.web.servlet.DispatcherServlet        : Completed initialization in 0 ms
2026-09-09T07:11:49.421Z  INFO 87088 --- [kivvi-click] [           main] tc.postgres:18-alpine                    : Creating container for image: postgres:18-alpine
2026-09-09T07:11:49.438Z  INFO 87088 --- [kivvi-click] [           main] tc.postgres:18-alpine                    : Container postgres:18-alpine is starting: 279217bdd40cefa4c5ef73aceba98ca180c8a8600958d7120ffe63e45ab5b958
2026-09-09T07:11:50.788Z  INFO 87088 --- [kivvi-click] [           main] tc.postgres:18-alpine                    : Container postgres:18-alpine started in PT1.367017046S
2026-09-09T07:11:50.788Z  INFO 87088 --- [kivvi-click] [           main] tc.postgres:18-alpine                    : Container is started (JDBC URL: jdbc:postgresql://localhost:34613/test?loggerLevel=OFF)
2026-09-09T07:11:50.789Z  INFO 87088 --- [kivvi-click] [           main] t.c.s.AnnotationConfigContextLoaderUtils : Could not detect default configuration classes for test class [click.kivvi.EventsApiIT]: EventsApiIT does not declare any static, non-private, non-final, nested classes annotated with @Configuration.
2026-09-09T07:11:50.791Z  INFO 87088 --- [kivvi-click] [           main] .b.t.c.SpringBootTestContextBootstrapper : Found @SpringBootConfiguration click.kivvi.KivviApplication for test class click.kivvi.EventsApiIT
2026-09-09T07:11:50.791Z  INFO 87088 --- [kivvi-click] [           main] t.c.s.AnnotationConfigContextLoaderUtils : Could not detect default configuration classes for test class [click.kivvi.EventsApiIT]: EventsApiIT does not declare any static, non-private, non-final, nested classes annotated with @Configuration.
2026-09-09T07:11:50.793Z  INFO 87088 --- [kivvi-click] [           main] .b.t.c.SpringBootTestContextBootstrapper : Found @SpringBootConfiguration click.kivvi.KivviApplication for test class click.kivvi.EventsApiIT

  .   ____          _            __ _ _
 /\\ / ___'_ __ _ _(_)_ __  __ _ \ \ \ \
( ( )\___ | '_ | '_| | '_ \/ _` | \ \ \ \
 \\/  ___)| |_)| | | | | || (_| |  ) ) ) )
  '  |____| .__|_| |_|_| |_\__, | / / / /
 =========|_|==============|___/=/_/_/_/

 :: Spring Boot ::                (v4.1.1)

2026-09-09T07:11:50.803Z  INFO 87088 --- [kivvi-click] [           main] click.kivvi.EventsApiIT                  : Starting EventsApiIT using Java 25.0.4.1 with PID 87088 (started by muszkin in /home/muszkin/work/kivvi-click-wt/verify-wave-4-integration/backend)
2026-09-09T07:11:50.803Z  INFO 87088 --- [kivvi-click] [           main] click.kivvi.EventsApiIT                  : No active profile set, falling back to 1 default profile: "default"
2026-09-09T07:11:50.903Z  INFO 87088 --- [kivvi-click] [           main] o.s.boot.tomcat.TomcatWebServer          : Tomcat initialized with port 0 (http)
2026-09-09T07:11:50.904Z  INFO 87088 --- [kivvi-click] [           main] o.apache.catalina.core.StandardService   : Starting service [Tomcat]
2026-09-09T07:11:50.904Z  INFO 87088 --- [kivvi-click] [           main] o.apache.catalina.core.StandardEngine    : Starting Servlet engine: [Apache Tomcat/11.0.24]
2026-09-09T07:11:50.908Z  INFO 87088 --- [kivvi-click] [           main] b.w.c.s.WebApplicationContextInitializer : Root WebApplicationContext: initialization completed in 104 ms
2026-09-09T07:11:50.970Z  INFO 87088 --- [kivvi-click] [           main] org.flywaydb.core.FlywayExecutor         : Database: jdbc:postgresql://localhost:34613/test?loggerLevel=OFF (PostgreSQL 18.6)
2026-09-09T07:11:50.980Z  INFO 87088 --- [kivvi-click] [           main] o.f.c.i.s.JdbcTableSchemaHistory         : Schema history table "public"."flyway_schema_history" does not exist yet
2026-09-09T07:11:50.981Z  INFO 87088 --- [kivvi-click] [           main] o.f.core.internal.command.DbValidate     : Successfully validated 1 migration (execution time 00:00.002s)
2026-09-09T07:11:50.987Z  INFO 87088 --- [kivvi-click] [           main] o.f.c.i.s.JdbcTableSchemaHistory         : Creating Schema History table "public"."flyway_schema_history" ...
2026-09-09T07:11:51.007Z  INFO 87088 --- [kivvi-click] [           main] o.f.core.internal.command.DbMigrate      : Current version of schema "public": << Empty Schema >>
2026-09-09T07:11:51.008Z  INFO 87088 --- [kivvi-click] [           main] o.f.core.internal.command.DbMigrate      : Migrating schema "public" to version "1 - baseline"
2026-09-09T07:11:51.025Z  INFO 87088 --- [kivvi-click] [           main] o.f.core.internal.command.DbMigrate      : Successfully applied 1 migration to schema "public", now at version v1 (execution time 00:00.014s)
2026-09-09T07:11:51.045Z  INFO 87088 --- [kivvi-click] [           main] o.s.b.w.a.WelcomePageHandlerMapping      : Adding welcome page: class path resource [static/index.html]
2026-09-09T07:11:51.083Z  INFO 87088 --- [kivvi-click] [           main] com.zaxxer.hikari.HikariDataSource       : HikariPool-15 - Starting...
2026-09-09T07:11:51.090Z  INFO 87088 --- [kivvi-click] [           main] com.zaxxer.hikari.pool.HikariPool        : HikariPool-15 - Added connection org.postgresql.jdbc.PgConnection@5fbf7a5d
2026-09-09T07:11:51.090Z  INFO 87088 --- [kivvi-click] [           main] com.zaxxer.hikari.HikariDataSource       : HikariPool-15 - Start completed.
2026-09-09T07:11:51.094Z  INFO 87088 --- [kivvi-click] [           main] o.s.b.a.e.web.EndpointLinksResolver      : Exposing 1 endpoint beneath base path '/actuator'
2026-09-09T07:11:51.100Z  INFO 87088 --- [kivvi-click] [           main] o.s.boot.tomcat.TomcatWebServer          : Tomcat started on port 34555 (http) with context path '/'
2026-09-09T07:11:51.105Z  INFO 87088 --- [kivvi-click] [           main] click.kivvi.EventsApiIT                  : Started EventsApiIT in 0.31 seconds (process running for 36.172)
2026-09-09T07:11:51.107Z  INFO 87088 --- [kivvi-click] [eat-scheduler-1] c.k.i.scheduling.HeartbeatJob            : Scheduler heartbeat tick.
2026-09-09T07:11:51.110Z  INFO 87088 --- [kivvi-click] [eat-scheduler-1] c.k.i.tracking.EventDedupCleanupJob      : Event dedup cleanup removed 0 expired row(s).
2026-09-09T07:11:51.111Z  INFO 87088 --- [kivvi-click] [-auto-14-exec-1] o.a.c.c.C.[Tomcat-13].[localhost].[/]    : Initializing Spring DispatcherServlet 'dispatcherServlet'
2026-09-09T07:11:51.111Z  INFO 87088 --- [kivvi-click] [-auto-14-exec-1] o.s.web.servlet.DispatcherServlet        : Initializing Servlet 'dispatcherServlet'
2026-09-09T07:11:51.112Z  INFO 87088 --- [kivvi-click] [-auto-14-exec-1] o.s.web.servlet.DispatcherServlet        : Completed initialization in 1 ms
2026-09-09T07:11:51.347Z  INFO 87088 --- [kivvi-click] [           main] tc.postgres:18-alpine                    : Creating container for image: postgres:18-alpine
2026-09-09T07:11:51.363Z  INFO 87088 --- [kivvi-click] [           main] tc.postgres:18-alpine                    : Container postgres:18-alpine is starting: bfcf2e0a633eab54a8d88ebf3ac67e7221f912cb52133556f886d1bda6e6c83f
2026-09-09T07:11:52.699Z  INFO 87088 --- [kivvi-click] [           main] tc.postgres:18-alpine                    : Container postgres:18-alpine started in PT1.352520961S
2026-09-09T07:11:52.700Z  INFO 87088 --- [kivvi-click] [           main] tc.postgres:18-alpine                    : Container is started (JDBC URL: jdbc:postgresql://localhost:34614/test?loggerLevel=OFF)
2026-09-09T07:11:52.700Z  INFO 87088 --- [kivvi-click] [           main] t.c.s.AnnotationConfigContextLoaderUtils : Could not detect default configuration classes for test class [click.kivvi.SessionRequestSerializationIT]: SessionRequestSerializationIT does not declare any static, non-private, non-final, nested classes annotated with @Configuration.
2026-09-09T07:11:52.703Z  INFO 87088 --- [kivvi-click] [           main] .b.t.c.SpringBootTestContextBootstrapper : Found @SpringBootConfiguration click.kivvi.KivviApplication for test class click.kivvi.SessionRequestSerializationIT
2026-09-09T07:11:52.703Z  INFO 87088 --- [kivvi-click] [           main] t.c.s.AnnotationConfigContextLoaderUtils : Could not detect default configuration classes for test class [click.kivvi.SessionRequestSerializationIT]: SessionRequestSerializationIT does not declare any static, non-private, non-final, nested classes annotated with @Configuration.
2026-09-09T07:11:52.705Z  INFO 87088 --- [kivvi-click] [           main] .b.t.c.SpringBootTestContextBootstrapper : Found @SpringBootConfiguration click.kivvi.KivviApplication for test class click.kivvi.SessionRequestSerializationIT

  .   ____          _            __ _ _
 /\\ / ___'_ __ _ _(_)_ __  __ _ \ \ \ \
( ( )\___ | '_ | '_| | '_ \/ _` | \ \ \ \
 \\/  ___)| |_)| | | | | || (_| |  ) ) ) )
  '  |____| .__|_| |_|_| |_\__, | / / / /
 =========|_|==============|___/=/_/_/_/

 :: Spring Boot ::                (v4.1.1)

2026-09-09T07:11:52.713Z  INFO 87088 --- [kivvi-click] [           main] c.kivvi.SessionRequestSerializationIT    : Starting SessionRequestSerializationIT using Java 25.0.4.1 with PID 87088 (started by muszkin in /home/muszkin/work/kivvi-click-wt/verify-wave-4-integration/backend)
2026-09-09T07:11:52.713Z  INFO 87088 --- [kivvi-click] [           main] c.kivvi.SessionRequestSerializationIT    : No active profile set, falling back to 1 default profile: "default"
2026-09-09T07:11:52.809Z  INFO 87088 --- [kivvi-click] [           main] o.s.boot.tomcat.TomcatWebServer          : Tomcat initialized with port 0 (http)
2026-09-09T07:11:52.810Z  INFO 87088 --- [kivvi-click] [           main] o.apache.catalina.core.StandardService   : Starting service [Tomcat]
2026-09-09T07:11:52.810Z  INFO 87088 --- [kivvi-click] [           main] o.apache.catalina.core.StandardEngine    : Starting Servlet engine: [Apache Tomcat/11.0.24]
2026-09-09T07:11:52.815Z  INFO 87088 --- [kivvi-click] [           main] b.w.c.s.WebApplicationContextInitializer : Root WebApplicationContext: initialization completed in 101 ms
2026-09-09T07:11:52.871Z  INFO 87088 --- [kivvi-click] [           main] org.flywaydb.core.FlywayExecutor         : Database: jdbc:postgresql://localhost:34614/test?loggerLevel=OFF (PostgreSQL 18.6)
2026-09-09T07:11:52.880Z  INFO 87088 --- [kivvi-click] [           main] o.f.c.i.s.JdbcTableSchemaHistory         : Schema history table "public"."flyway_schema_history" does not exist yet
2026-09-09T07:11:52.880Z  INFO 87088 --- [kivvi-click] [           main] o.f.core.internal.command.DbValidate     : Successfully validated 1 migration (execution time 00:00.002s)
2026-09-09T07:11:52.886Z  INFO 87088 --- [kivvi-click] [           main] o.f.c.i.s.JdbcTableSchemaHistory         : Creating Schema History table "public"."flyway_schema_history" ...
2026-09-09T07:11:52.904Z  INFO 87088 --- [kivvi-click] [           main] o.f.core.internal.command.DbMigrate      : Current version of schema "public": << Empty Schema >>
2026-09-09T07:11:52.905Z  INFO 87088 --- [kivvi-click] [           main] o.f.core.internal.command.DbMigrate      : Migrating schema "public" to version "1 - baseline"
2026-09-09T07:11:52.921Z  INFO 87088 --- [kivvi-click] [           main] o.f.core.internal.command.DbMigrate      : Successfully applied 1 migration to schema "public", now at version v1 (execution time 00:00.012s)
2026-09-09T07:11:52.939Z  INFO 87088 --- [kivvi-click] [           main] o.s.b.w.a.WelcomePageHandlerMapping      : Adding welcome page: class path resource [static/index.html]
2026-09-09T07:11:52.971Z  INFO 87088 --- [kivvi-click] [           main] com.zaxxer.hikari.HikariDataSource       : HikariPool-16 - Starting...
2026-09-09T07:11:52.977Z  INFO 87088 --- [kivvi-click] [           main] com.zaxxer.hikari.pool.HikariPool        : HikariPool-16 - Added connection org.postgresql.jdbc.PgConnection@23b91667
2026-09-09T07:11:52.977Z  INFO 87088 --- [kivvi-click] [           main] com.zaxxer.hikari.HikariDataSource       : HikariPool-16 - Start completed.
2026-09-09T07:11:52.980Z  INFO 87088 --- [kivvi-click] [           main] o.s.b.a.e.web.EndpointLinksResolver      : Exposing 1 endpoint beneath base path '/actuator'
2026-09-09T07:11:52.986Z  INFO 87088 --- [kivvi-click] [           main] o.s.boot.tomcat.TomcatWebServer          : Tomcat started on port 36069 (http) with context path '/'
2026-09-09T07:11:52.991Z  INFO 87088 --- [kivvi-click] [           main] c.kivvi.SessionRequestSerializationIT    : Started SessionRequestSerializationIT in 0.285 seconds (process running for 38.057)
2026-09-09T07:11:52.992Z  INFO 87088 --- [kivvi-click] [eat-scheduler-1] c.k.i.scheduling.HeartbeatJob            : Scheduler heartbeat tick.
2026-09-09T07:11:52.995Z  INFO 87088 --- [kivvi-click] [eat-scheduler-1] c.k.i.tracking.EventDedupCleanupJob      : Event dedup cleanup removed 0 expired row(s).
2026-09-09T07:11:52.996Z  INFO 87088 --- [kivvi-click] [-auto-15-exec-1] o.a.c.c.C.[Tomcat-14].[localhost].[/]    : Initializing Spring DispatcherServlet 'dispatcherServlet'
2026-09-09T07:11:52.996Z  INFO 87088 --- [kivvi-click] [-auto-15-exec-1] o.s.web.servlet.DispatcherServlet        : Initializing Servlet 'dispatcherServlet'
2026-09-09T07:11:52.998Z  INFO 87088 --- [kivvi-click] [-auto-15-exec-1] o.s.web.servlet.DispatcherServlet        : Completed initialization in 1 ms
2026-09-09T07:11:53.612Z  INFO 87088 --- [kivvi-click] [ionShutdownHook] o.s.boot.tomcat.GracefulShutdown         : Commencing graceful shutdown. Waiting for active requests to complete
2026-09-09T07:11:53.614Z  INFO 87088 --- [kivvi-click] [tomcat-shutdown] o.s.boot.tomcat.GracefulShutdown         : Graceful shutdown complete
2026-09-09T07:11:53.617Z  INFO 87088 --- [kivvi-click] [ionShutdownHook] com.zaxxer.hikari.HikariDataSource       : HikariPool-1 - Shutdown initiated...
2026-09-09T07:11:53.618Z  INFO 87088 --- [kivvi-click] [ionShutdownHook] com.zaxxer.hikari.HikariDataSource       : HikariPool-1 - Shutdown completed.
2026-09-09T07:11:53.623Z  INFO 87088 --- [kivvi-click] [ionShutdownHook] o.s.boot.tomcat.GracefulShutdown         : Commencing graceful shutdown. Waiting for active requests to complete
2026-09-09T07:11:53.625Z  INFO 87088 --- [kivvi-click] [tomcat-shutdown] o.s.boot.tomcat.GracefulShutdown         : Graceful shutdown complete
2026-09-09T07:11:53.627Z  INFO 87088 --- [kivvi-click] [ionShutdownHook] com.zaxxer.hikari.HikariDataSource       : HikariPool-2 - Shutdown initiated...
2026-09-09T07:11:54.960Z  INFO 87088 --- [kivvi-click] [ionShutdownHook] com.zaxxer.hikari.HikariDataSource       : HikariPool-2 - Shutdown completed.
2026-09-09T07:11:54.963Z  INFO 87088 --- [kivvi-click] [ionShutdownHook] com.zaxxer.hikari.HikariDataSource       : HikariPool-3 - Shutdown initiated...
2026-09-09T07:11:57.073Z  INFO 87088 --- [kivvi-click] [ionShutdownHook] com.zaxxer.hikari.HikariDataSource       : HikariPool-3 - Shutdown completed.
2026-09-09T07:11:57.074Z  INFO 87088 --- [kivvi-click] [ionShutdownHook] o.s.boot.tomcat.GracefulShutdown         : Commencing graceful shutdown. Waiting for active requests to complete
2026-09-09T07:11:57.076Z  INFO 87088 --- [kivvi-click] [tomcat-shutdown] o.s.boot.tomcat.GracefulShutdown         : Graceful shutdown complete
2026-09-09T07:11:57.077Z  INFO 87088 --- [kivvi-click] [ionShutdownHook] com.zaxxer.hikari.HikariDataSource       : HikariPool-4 - Shutdown initiated...
2026-09-09T07:11:59.079Z  INFO 87088 --- [kivvi-click] [ionShutdownHook] com.zaxxer.hikari.HikariDataSource       : HikariPool-4 - Shutdown completed.
2026-09-09T07:11:59.081Z  INFO 87088 --- [kivvi-click] [ionShutdownHook] o.s.boot.tomcat.GracefulShutdown         : Commencing graceful shutdown. Waiting for active requests to complete
2026-09-09T07:11:59.083Z  INFO 87088 --- [kivvi-click] [tomcat-shutdown] o.s.boot.tomcat.GracefulShutdown         : Graceful shutdown complete
2026-09-09T07:11:59.085Z  INFO 87088 --- [kivvi-click] [ionShutdownHook] com.zaxxer.hikari.HikariDataSource       : HikariPool-5 - Shutdown initiated...
2026-09-09T07:12:00.001Z  WARN 87088 --- [kivvi-click] [pring-session-1] com.zaxxer.hikari.pool.PoolBase          : HikariPool-16 - Failed to validate connection org.postgresql.jdbc.PgConnection@23b91667 (This connection has been closed.). Possibly consider using a shorter maxLifetime value.
2026-09-09T07:12:00.001Z  WARN 87088 --- [kivvi-click] [pring-session-1] com.zaxxer.hikari.pool.PoolBase          : HikariPool-10 - Failed to validate connection org.postgresql.jdbc.PgConnection@6ba68981 (This connection has been closed.). Possibly consider using a shorter maxLifetime value.
2026-09-09T07:12:00.001Z  WARN 87088 --- [kivvi-click] [pring-session-1] com.zaxxer.hikari.pool.PoolBase          : HikariPool-15 - Failed to validate connection org.postgresql.jdbc.PgConnection@5fbf7a5d (This connection has been closed.). Possibly consider using a shorter maxLifetime value.
2026-09-09T07:12:00.001Z  WARN 87088 --- [kivvi-click] [pring-session-1] com.zaxxer.hikari.pool.PoolBase          : HikariPool-9 - Failed to validate connection org.postgresql.jdbc.PgConnection@1267d81a (This connection has been closed.). Possibly consider using a shorter maxLifetime value.
2026-09-09T07:12:00.001Z  WARN 87088 --- [kivvi-click] [pring-session-1] com.zaxxer.hikari.pool.PoolBase          : HikariPool-12 - Failed to validate connection org.postgresql.jdbc.PgConnection@7bd9e2f7 (This connection has been closed.). Possibly consider using a shorter maxLifetime value.
2026-09-09T07:12:00.001Z  WARN 87088 --- [kivvi-click] [pring-session-1] com.zaxxer.hikari.pool.PoolBase          : HikariPool-14 - Failed to validate connection org.postgresql.jdbc.PgConnection@42f16e74 (This connection has been closed.). Possibly consider using a shorter maxLifetime value.
2026-09-09T07:12:00.001Z  WARN 87088 --- [kivvi-click] [pring-session-1] com.zaxxer.hikari.pool.PoolBase          : HikariPool-7 - Failed to validate connection org.postgresql.jdbc.PgConnection@6e1af662 (This connection has been closed.). Possibly consider using a shorter maxLifetime value.
2026-09-09T07:12:00.001Z  WARN 87088 --- [kivvi-click] [pring-session-1] com.zaxxer.hikari.pool.PoolBase          : HikariPool-13 - Failed to validate connection org.postgresql.jdbc.PgConnection@714bd7ad (This connection has been closed.). Possibly consider using a shorter maxLifetime value.
2026-09-09T07:12:00.001Z  WARN 87088 --- [kivvi-click] [pring-session-1] com.zaxxer.hikari.pool.PoolBase          : HikariPool-8 - Failed to validate connection org.postgresql.jdbc.PgConnection@563d89de (This connection has been closed.). Possibly consider using a shorter maxLifetime value.
2026-09-09T07:12:00.001Z  WARN 87088 --- [kivvi-click] [pring-session-1] com.zaxxer.hikari.pool.PoolBase          : HikariPool-6 - Failed to validate connection org.postgresql.jdbc.PgConnection@64ee4b14 (This connection has been closed.). Possibly consider using a shorter maxLifetime value.
2026-09-09T07:12:00.001Z  WARN 87088 --- [kivvi-click] [pring-session-1] com.zaxxer.hikari.pool.PoolBase          : HikariPool-11 - Failed to validate connection org.postgresql.jdbc.PgConnection@fe15694 (This connection has been closed.). Possibly consider using a shorter maxLifetime value.
2026-09-09T07:12:00.001Z  WARN 87088 --- [kivvi-click] [pring-session-1] com.zaxxer.hikari.pool.PoolBase          : HikariPool-16 - Failed to validate connection org.postgresql.jdbc.PgConnection@2612c14 (This connection has been closed.). Possibly consider using a shorter maxLifetime value.
2026-09-09T07:12:00.002Z  WARN 87088 --- [kivvi-click] [pring-session-1] com.zaxxer.hikari.pool.PoolBase          : HikariPool-10 - Failed to validate connection org.postgresql.jdbc.PgConnection@74240151 (This connection has been closed.). Possibly consider using a shorter maxLifetime value.
2026-09-09T07:12:00.002Z  WARN 87088 --- [kivvi-click] [pring-session-1] com.zaxxer.hikari.pool.PoolBase          : HikariPool-9 - Failed to validate connection org.postgresql.jdbc.PgConnection@a9e851a (This connection has been closed.). Possibly consider using a shorter maxLifetime value.
2026-09-09T07:12:00.002Z  WARN 87088 --- [kivvi-click] [pring-session-1] com.zaxxer.hikari.pool.PoolBase          : HikariPool-16 - Failed to validate connection org.postgresql.jdbc.PgConnection@4763a23c (This connection has been closed.). Possibly consider using a shorter maxLifetime value.
2026-09-09T07:12:00.002Z  WARN 87088 --- [kivvi-click] [pring-session-1] com.zaxxer.hikari.pool.PoolBase          : HikariPool-7 - Failed to validate connection org.postgresql.jdbc.PgConnection@7be0df5a (This connection has been closed.). Possibly consider using a shorter maxLifetime value.
2026-09-09T07:12:00.002Z  WARN 87088 --- [kivvi-click] [pring-session-1] com.zaxxer.hikari.pool.PoolBase          : HikariPool-16 - Failed to validate connection org.postgresql.jdbc.PgConnection@5836fd3 (This connection has been closed.). Possibly consider using a shorter maxLifetime value.
2026-09-09T07:12:00.002Z  WARN 87088 --- [kivvi-click] [pring-session-1] com.zaxxer.hikari.pool.PoolBase          : HikariPool-9 - Failed to validate connection org.postgresql.jdbc.PgConnection@4f9c0a2d (This connection has been closed.). Possibly consider using a shorter maxLifetime value.
2026-09-09T07:12:00.002Z  WARN 87088 --- [kivvi-click] [pring-session-1] com.zaxxer.hikari.pool.PoolBase          : HikariPool-8 - Failed to validate connection org.postgresql.jdbc.PgConnection@33700bf5 (This connection has been closed.). Possibly consider using a shorter maxLifetime value.
2026-09-09T07:12:00.002Z  WARN 87088 --- [kivvi-click] [pring-session-1] com.zaxxer.hikari.pool.PoolBase          : HikariPool-16 - Failed to validate connection org.postgresql.jdbc.PgConnection@766ee1f4 (This connection has been closed.). Possibly consider using a shorter maxLifetime value.
2026-09-09T07:12:00.002Z  WARN 87088 --- [kivvi-click] [pring-session-1] com.zaxxer.hikari.pool.PoolBase          : HikariPool-9 - Failed to validate connection org.postgresql.jdbc.PgConnection@783ea80a (This connection has been closed.). Possibly consider using a shorter maxLifetime value.
2026-09-09T07:12:00.002Z  WARN 87088 --- [kivvi-click] [pring-session-1] com.zaxxer.hikari.pool.PoolBase          : HikariPool-16 - Failed to validate connection org.postgresql.jdbc.PgConnection@7d6472a1 (This connection has been closed.). Possibly consider using a shorter maxLifetime value.
2026-09-09T07:12:00.002Z  WARN 87088 --- [kivvi-click] [pring-session-1] com.zaxxer.hikari.pool.PoolBase          : HikariPool-16 - Failed to validate connection org.postgresql.jdbc.PgConnection@274c5d73 (This connection has been closed.). Possibly consider using a shorter maxLifetime value.
2026-09-09T07:12:00.002Z  WARN 87088 --- [kivvi-click] [pring-session-1] com.zaxxer.hikari.pool.PoolBase          : HikariPool-16 - Failed to validate connection org.postgresql.jdbc.PgConnection@39af43be (This connection has been closed.). Possibly consider using a shorter maxLifetime value.
2026-09-09T07:12:00.003Z  WARN 87088 --- [kivvi-click] [pring-session-1] com.zaxxer.hikari.pool.PoolBase          : HikariPool-16 - Failed to validate connection org.postgresql.jdbc.PgConnection@384f743e (This connection has been closed.). Possibly consider using a shorter maxLifetime value.
2026-09-09T07:12:00.003Z  WARN 87088 --- [kivvi-click] [pring-session-1] com.zaxxer.hikari.pool.PoolBase          : HikariPool-16 - Failed to validate connection org.postgresql.jdbc.PgConnection@6660f8ec (This connection has been closed.). Possibly consider using a shorter maxLifetime value.
2026-09-09T07:12:01.148Z  INFO 87088 --- [kivvi-click] [ionShutdownHook] com.zaxxer.hikari.HikariDataSource       : HikariPool-5 - Shutdown completed.
2026-09-09T07:12:01.151Z  INFO 87088 --- [kivvi-click] [ionShutdownHook] o.s.boot.tomcat.GracefulShutdown         : Commencing graceful shutdown. Waiting for active requests to complete
2026-09-09T07:12:01.153Z  INFO 87088 --- [kivvi-click] [tomcat-shutdown] o.s.boot.tomcat.GracefulShutdown         : Graceful shutdown complete
2026-09-09T07:12:01.155Z  INFO 87088 --- [kivvi-click] [ionShutdownHook] com.zaxxer.hikari.HikariDataSource       : HikariPool-6 - Shutdown initiated...
2026-09-09T07:12:01.155Z ERROR 87088 --- [kivvi-click] [pring-session-1] o.s.s.s.TaskUtils$LoggingErrorHandler    : Unexpected error occurred in scheduled task

org.springframework.transaction.CannotCreateTransactionException: Could not open JDBC Connection for transaction
	at org.springframework.jdbc.datasource.DataSourceTransactionManager.doBegin(DataSourceTransactionManager.java:319) ~[spring-jdbc-7.0.9.jar:7.0.9]
	at org.springframework.transaction.support.AbstractPlatformTransactionManager.startTransaction(AbstractPlatformTransactionManager.java:532) ~[spring-tx-7.0.9.jar:7.0.9]
	at org.springframework.transaction.support.AbstractPlatformTransactionManager.getTransaction(AbstractPlatformTransactionManager.java:405) ~[spring-tx-7.0.9.jar:7.0.9]
	at org.springframework.transaction.support.TransactionTemplate.execute(TransactionTemplate.java:134) ~[spring-tx-7.0.9.jar:7.0.9]
	at org.springframework.session.jdbc.JdbcIndexedSessionRepository.cleanUpExpiredSessions(JdbcIndexedSessionRepository.java:649) ~[spring-session-jdbc-4.1.1.jar:4.1.1]
	at org.springframework.scheduling.support.DelegatingErrorHandlingRunnable.run(DelegatingErrorHandlingRunnable.java:54) ~[spring-context-7.0.9.jar:7.0.9]
	at org.springframework.scheduling.concurrent.ReschedulingRunnable.run(ReschedulingRunnable.java:94) ~[spring-context-7.0.9.jar:7.0.9]
	at java.base/java.util.concurrent.Executors$RunnableAdapter.call(Executors.java:545) ~[na:na]
	at java.base/java.util.concurrent.FutureTask.run(FutureTask.java:328) ~[na:na]
	at java.base/java.util.concurrent.ScheduledThreadPoolExecutor$ScheduledFutureTask.run(ScheduledThreadPoolExecutor.java:309) ~[na:na]
	at java.base/java.util.concurrent.ThreadPoolExecutor.runWorker(ThreadPoolExecutor.java:1090) ~[na:na]
	at java.base/java.util.concurrent.ThreadPoolExecutor$Worker.run(ThreadPoolExecutor.java:614) ~[na:na]
	at java.base/java.lang.Thread.run(Thread.java:1474) ~[na:na]
Caused by: java.sql.SQLException: HikariPool-6 - Interrupted during connection acquisition
	at com.zaxxer.hikari.pool.HikariPool.getConnection(HikariPool.java:188) ~[HikariCP-7.0.2.jar:na]
	at com.zaxxer.hikari.pool.HikariPool.getConnection(HikariPool.java:142) ~[HikariCP-7.0.2.jar:na]
	at com.zaxxer.hikari.HikariDataSource.getConnection(HikariDataSource.java:127) ~[HikariCP-7.0.2.jar:na]
	at org.springframework.jdbc.datasource.DataSourceTransactionManager.doBegin(DataSourceTransactionManager.java:270) ~[spring-jdbc-7.0.9.jar:7.0.9]
	... 12 common frames omitted
Caused by: java.lang.InterruptedException
	at java.base/java.util.concurrent.SynchronousQueue.poll(SynchronousQueue.java:340) ~[na:na]
	at com.zaxxer.hikari.util.ConcurrentBag.borrow(ConcurrentBag.java:163) ~[HikariCP-7.0.2.jar:na]
	at com.zaxxer.hikari.pool.HikariPool.getConnection(HikariPool.java:160) ~[HikariCP-7.0.2.jar:na]
	... 15 common frames omitted

2026-09-09T07:12:03.184Z  INFO 87088 --- [kivvi-click] [ionShutdownHook] com.zaxxer.hikari.HikariDataSource       : HikariPool-6 - Shutdown completed.
2026-09-09T07:12:03.186Z  INFO 87088 --- [kivvi-click] [ionShutdownHook] o.s.boot.tomcat.GracefulShutdown         : Commencing graceful shutdown. Waiting for active requests to complete
2026-09-09T07:12:03.188Z  INFO 87088 --- [kivvi-click] [tomcat-shutdown] o.s.boot.tomcat.GracefulShutdown         : Graceful shutdown complete
2026-09-09T07:12:03.190Z  INFO 87088 --- [kivvi-click] [ionShutdownHook] com.zaxxer.hikari.HikariDataSource       : HikariPool-7 - Shutdown initiated...
2026-09-09T07:12:03.189Z ERROR 87088 --- [kivvi-click] [pring-session-1] o.s.s.s.TaskUtils$LoggingErrorHandler    : Unexpected error occurred in scheduled task

org.springframework.transaction.CannotCreateTransactionException: Could not open JDBC Connection for transaction
	at org.springframework.jdbc.datasource.DataSourceTransactionManager.doBegin(DataSourceTransactionManager.java:319) ~[spring-jdbc-7.0.9.jar:7.0.9]
	at org.springframework.transaction.support.AbstractPlatformTransactionManager.startTransaction(AbstractPlatformTransactionManager.java:532) ~[spring-tx-7.0.9.jar:7.0.9]
	at org.springframework.transaction.support.AbstractPlatformTransactionManager.getTransaction(AbstractPlatformTransactionManager.java:405) ~[spring-tx-7.0.9.jar:7.0.9]
	at org.springframework.transaction.support.TransactionTemplate.execute(TransactionTemplate.java:134) ~[spring-tx-7.0.9.jar:7.0.9]
	at org.springframework.session.jdbc.JdbcIndexedSessionRepository.cleanUpExpiredSessions(JdbcIndexedSessionRepository.java:649) ~[spring-session-jdbc-4.1.1.jar:4.1.1]
	at org.springframework.scheduling.support.DelegatingErrorHandlingRunnable.run(DelegatingErrorHandlingRunnable.java:54) ~[spring-context-7.0.9.jar:7.0.9]
	at org.springframework.scheduling.concurrent.ReschedulingRunnable.run(ReschedulingRunnable.java:94) ~[spring-context-7.0.9.jar:7.0.9]
	at java.base/java.util.concurrent.Executors$RunnableAdapter.call(Executors.java:545) ~[na:na]
	at java.base/java.util.concurrent.FutureTask.run(FutureTask.java:328) ~[na:na]
	at java.base/java.util.concurrent.ScheduledThreadPoolExecutor$ScheduledFutureTask.run(ScheduledThreadPoolExecutor.java:309) ~[na:na]
	at java.base/java.util.concurrent.ThreadPoolExecutor.runWorker(ThreadPoolExecutor.java:1090) ~[na:na]
	at java.base/java.util.concurrent.ThreadPoolExecutor$Worker.run(ThreadPoolExecutor.java:614) ~[na:na]
	at java.base/java.lang.Thread.run(Thread.java:1474) ~[na:na]
Caused by: java.sql.SQLException: HikariPool-7 - Interrupted during connection acquisition
	at com.zaxxer.hikari.pool.HikariPool.getConnection(HikariPool.java:188) ~[HikariCP-7.0.2.jar:na]
	at com.zaxxer.hikari.pool.HikariPool.getConnection(HikariPool.java:142) ~[HikariCP-7.0.2.jar:na]
	at com.zaxxer.hikari.HikariDataSource.getConnection(HikariDataSource.java:127) ~[HikariCP-7.0.2.jar:na]
	at org.springframework.jdbc.datasource.DataSourceTransactionManager.doBegin(DataSourceTransactionManager.java:270) ~[spring-jdbc-7.0.9.jar:7.0.9]
	... 12 common frames omitted
Caused by: java.lang.InterruptedException
	at java.base/java.util.concurrent.SynchronousQueue.poll(SynchronousQueue.java:340) ~[na:na]
	at com.zaxxer.hikari.util.ConcurrentBag.borrow(ConcurrentBag.java:163) ~[HikariCP-7.0.2.jar:na]
	at com.zaxxer.hikari.pool.HikariPool.getConnection(HikariPool.java:160) ~[HikariCP-7.0.2.jar:na]
	... 15 common frames omitted

2026-09-09T07:12:05.230Z  INFO 87088 --- [kivvi-click] [ionShutdownHook] com.zaxxer.hikari.HikariDataSource       : HikariPool-7 - Shutdown completed.
2026-09-09T07:12:05.233Z  INFO 87088 --- [kivvi-click] [ionShutdownHook] o.s.boot.tomcat.GracefulShutdown         : Commencing graceful shutdown. Waiting for active requests to complete
2026-09-09T07:12:05.235Z  INFO 87088 --- [kivvi-click] [tomcat-shutdown] o.s.boot.tomcat.GracefulShutdown         : Graceful shutdown complete
2026-09-09T07:12:05.236Z  INFO 87088 --- [kivvi-click] [ionShutdownHook] com.zaxxer.hikari.HikariDataSource       : HikariPool-8 - Shutdown initiated...
2026-09-09T07:12:05.236Z ERROR 87088 --- [kivvi-click] [pring-session-1] o.s.s.s.TaskUtils$LoggingErrorHandler    : Unexpected error occurred in scheduled task

org.springframework.transaction.CannotCreateTransactionException: Could not open JDBC Connection for transaction
	at org.springframework.jdbc.datasource.DataSourceTransactionManager.doBegin(DataSourceTransactionManager.java:319) ~[spring-jdbc-7.0.9.jar:7.0.9]
	at org.springframework.transaction.support.AbstractPlatformTransactionManager.startTransaction(AbstractPlatformTransactionManager.java:532) ~[spring-tx-7.0.9.jar:7.0.9]
	at org.springframework.transaction.support.AbstractPlatformTransactionManager.getTransaction(AbstractPlatformTransactionManager.java:405) ~[spring-tx-7.0.9.jar:7.0.9]
	at org.springframework.transaction.support.TransactionTemplate.execute(TransactionTemplate.java:134) ~[spring-tx-7.0.9.jar:7.0.9]
	at org.springframework.session.jdbc.JdbcIndexedSessionRepository.cleanUpExpiredSessions(JdbcIndexedSessionRepository.java:649) ~[spring-session-jdbc-4.1.1.jar:4.1.1]
	at org.springframework.scheduling.support.DelegatingErrorHandlingRunnable.run(DelegatingErrorHandlingRunnable.java:54) ~[spring-context-7.0.9.jar:7.0.9]
	at org.springframework.scheduling.concurrent.ReschedulingRunnable.run(ReschedulingRunnable.java:94) ~[spring-context-7.0.9.jar:7.0.9]
	at java.base/java.util.concurrent.Executors$RunnableAdapter.call(Executors.java:545) ~[na:na]
	at java.base/java.util.concurrent.FutureTask.run(FutureTask.java:328) ~[na:na]
	at java.base/java.util.concurrent.ScheduledThreadPoolExecutor$ScheduledFutureTask.run(ScheduledThreadPoolExecutor.java:309) ~[na:na]
	at java.base/java.util.concurrent.ThreadPoolExecutor.runWorker(ThreadPoolExecutor.java:1090) ~[na:na]
	at java.base/java.util.concurrent.ThreadPoolExecutor$Worker.run(ThreadPoolExecutor.java:614) ~[na:na]
	at java.base/java.lang.Thread.run(Thread.java:1474) ~[na:na]
Caused by: java.sql.SQLException: HikariPool-8 - Interrupted during connection acquisition
	at com.zaxxer.hikari.pool.HikariPool.getConnection(HikariPool.java:188) ~[HikariCP-7.0.2.jar:na]
	at com.zaxxer.hikari.pool.HikariPool.getConnection(HikariPool.java:142) ~[HikariCP-7.0.2.jar:na]
	at com.zaxxer.hikari.HikariDataSource.getConnection(HikariDataSource.java:127) ~[HikariCP-7.0.2.jar:na]
	at org.springframework.jdbc.datasource.DataSourceTransactionManager.doBegin(DataSourceTransactionManager.java:270) ~[spring-jdbc-7.0.9.jar:7.0.9]
	... 12 common frames omitted
Caused by: java.lang.InterruptedException
	at java.base/java.util.concurrent.SynchronousQueue.poll(SynchronousQueue.java:340) ~[na:na]
	at com.zaxxer.hikari.util.ConcurrentBag.borrow(ConcurrentBag.java:163) ~[HikariCP-7.0.2.jar:na]
	at com.zaxxer.hikari.pool.HikariPool.getConnection(HikariPool.java:160) ~[HikariCP-7.0.2.jar:na]
	... 15 common frames omitted

2026-09-09T07:12:07.290Z  INFO 87088 --- [kivvi-click] [ionShutdownHook] com.zaxxer.hikari.HikariDataSource       : HikariPool-8 - Shutdown completed.
2026-09-09T07:12:07.293Z  INFO 87088 --- [kivvi-click] [ionShutdownHook] o.s.boot.tomcat.GracefulShutdown         : Commencing graceful shutdown. Waiting for active requests to complete
2026-09-09T07:12:07.294Z  INFO 87088 --- [kivvi-click] [tomcat-shutdown] o.s.boot.tomcat.GracefulShutdown         : Graceful shutdown complete
2026-09-09T07:12:07.296Z  INFO 87088 --- [kivvi-click] [ionShutdownHook] com.zaxxer.hikari.HikariDataSource       : HikariPool-9 - Shutdown initiated...
2026-09-09T07:12:07.295Z ERROR 87088 --- [kivvi-click] [pring-session-1] o.s.s.s.TaskUtils$LoggingErrorHandler    : Unexpected error occurred in scheduled task

org.springframework.transaction.CannotCreateTransactionException: Could not open JDBC Connection for transaction
	at org.springframework.jdbc.datasource.DataSourceTransactionManager.doBegin(DataSourceTransactionManager.java:319) ~[spring-jdbc-7.0.9.jar:7.0.9]
	at org.springframework.transaction.support.AbstractPlatformTransactionManager.startTransaction(AbstractPlatformTransactionManager.java:532) ~[spring-tx-7.0.9.jar:7.0.9]
	at org.springframework.transaction.support.AbstractPlatformTransactionManager.getTransaction(AbstractPlatformTransactionManager.java:405) ~[spring-tx-7.0.9.jar:7.0.9]
	at org.springframework.transaction.support.TransactionTemplate.execute(TransactionTemplate.java:134) ~[spring-tx-7.0.9.jar:7.0.9]
	at org.springframework.session.jdbc.JdbcIndexedSessionRepository.cleanUpExpiredSessions(JdbcIndexedSessionRepository.java:649) ~[spring-session-jdbc-4.1.1.jar:4.1.1]
	at org.springframework.scheduling.support.DelegatingErrorHandlingRunnable.run(DelegatingErrorHandlingRunnable.java:54) ~[spring-context-7.0.9.jar:7.0.9]
	at org.springframework.scheduling.concurrent.ReschedulingRunnable.run(ReschedulingRunnable.java:94) ~[spring-context-7.0.9.jar:7.0.9]
	at java.base/java.util.concurrent.Executors$RunnableAdapter.call(Executors.java:545) ~[na:na]
	at java.base/java.util.concurrent.FutureTask.run(FutureTask.java:328) ~[na:na]
	at java.base/java.util.concurrent.ScheduledThreadPoolExecutor$ScheduledFutureTask.run(ScheduledThreadPoolExecutor.java:309) ~[na:na]
	at java.base/java.util.concurrent.ThreadPoolExecutor.runWorker(ThreadPoolExecutor.java:1090) ~[na:na]
	at java.base/java.util.concurrent.ThreadPoolExecutor$Worker.run(ThreadPoolExecutor.java:614) ~[na:na]
	at java.base/java.lang.Thread.run(Thread.java:1474) ~[na:na]
Caused by: java.sql.SQLException: HikariPool-9 - Interrupted during connection acquisition
	at com.zaxxer.hikari.pool.HikariPool.getConnection(HikariPool.java:188) ~[HikariCP-7.0.2.jar:na]
	at com.zaxxer.hikari.pool.HikariPool.getConnection(HikariPool.java:142) ~[HikariCP-7.0.2.jar:na]
	at com.zaxxer.hikari.HikariDataSource.getConnection(HikariDataSource.java:127) ~[HikariCP-7.0.2.jar:na]
	at org.springframework.jdbc.datasource.DataSourceTransactionManager.doBegin(DataSourceTransactionManager.java:270) ~[spring-jdbc-7.0.9.jar:7.0.9]
	... 12 common frames omitted
Caused by: java.lang.InterruptedException
	at java.base/java.util.concurrent.SynchronousQueue.poll(SynchronousQueue.java:340) ~[na:na]
	at com.zaxxer.hikari.util.ConcurrentBag.borrow(ConcurrentBag.java:163) ~[HikariCP-7.0.2.jar:na]
	at com.zaxxer.hikari.pool.HikariPool.getConnection(HikariPool.java:160) ~[HikariCP-7.0.2.jar:na]
	... 15 common frames omitted

2026-09-09T07:12:09.499Z  INFO 87088 --- [kivvi-click] [ionShutdownHook] com.zaxxer.hikari.HikariDataSource       : HikariPool-9 - Shutdown completed.
2026-09-09T07:12:09.502Z  INFO 87088 --- [kivvi-click] [ionShutdownHook] o.s.boot.tomcat.GracefulShutdown         : Commencing graceful shutdown. Waiting for active requests to complete
2026-09-09T07:12:09.504Z  INFO 87088 --- [kivvi-click] [tomcat-shutdown] o.s.boot.tomcat.GracefulShutdown         : Graceful shutdown complete
2026-09-09T07:12:09.505Z  INFO 87088 --- [kivvi-click] [ionShutdownHook] com.zaxxer.hikari.HikariDataSource       : HikariPool-10 - Shutdown initiated...
2026-09-09T07:12:09.505Z ERROR 87088 --- [kivvi-click] [pring-session-1] o.s.s.s.TaskUtils$LoggingErrorHandler    : Unexpected error occurred in scheduled task

org.springframework.transaction.CannotCreateTransactionException: Could not open JDBC Connection for transaction
	at org.springframework.jdbc.datasource.DataSourceTransactionManager.doBegin(DataSourceTransactionManager.java:319) ~[spring-jdbc-7.0.9.jar:7.0.9]
	at org.springframework.transaction.support.AbstractPlatformTransactionManager.startTransaction(AbstractPlatformTransactionManager.java:532) ~[spring-tx-7.0.9.jar:7.0.9]
	at org.springframework.transaction.support.AbstractPlatformTransactionManager.getTransaction(AbstractPlatformTransactionManager.java:405) ~[spring-tx-7.0.9.jar:7.0.9]
	at org.springframework.transaction.support.TransactionTemplate.execute(TransactionTemplate.java:134) ~[spring-tx-7.0.9.jar:7.0.9]
	at org.springframework.session.jdbc.JdbcIndexedSessionRepository.cleanUpExpiredSessions(JdbcIndexedSessionRepository.java:649) ~[spring-session-jdbc-4.1.1.jar:4.1.1]
	at org.springframework.scheduling.support.DelegatingErrorHandlingRunnable.run(DelegatingErrorHandlingRunnable.java:54) ~[spring-context-7.0.9.jar:7.0.9]
	at org.springframework.scheduling.concurrent.ReschedulingRunnable.run(ReschedulingRunnable.java:94) ~[spring-context-7.0.9.jar:7.0.9]
	at java.base/java.util.concurrent.Executors$RunnableAdapter.call(Executors.java:545) ~[na:na]
	at java.base/java.util.concurrent.FutureTask.run(FutureTask.java:328) ~[na:na]
	at java.base/java.util.concurrent.ScheduledThreadPoolExecutor$ScheduledFutureTask.run(ScheduledThreadPoolExecutor.java:309) ~[na:na]
	at java.base/java.util.concurrent.ThreadPoolExecutor.runWorker(ThreadPoolExecutor.java:1090) ~[na:na]
	at java.base/java.util.concurrent.ThreadPoolExecutor$Worker.run(ThreadPoolExecutor.java:614) ~[na:na]
	at java.base/java.lang.Thread.run(Thread.java:1474) ~[na:na]
Caused by: java.sql.SQLException: HikariPool-10 - Interrupted during connection acquisition
	at com.zaxxer.hikari.pool.HikariPool.getConnection(HikariPool.java:188) ~[HikariCP-7.0.2.jar:na]
	at com.zaxxer.hikari.pool.HikariPool.getConnection(HikariPool.java:142) ~[HikariCP-7.0.2.jar:na]
	at com.zaxxer.hikari.HikariDataSource.getConnection(HikariDataSource.java:127) ~[HikariCP-7.0.2.jar:na]
	at org.springframework.jdbc.datasource.DataSourceTransactionManager.doBegin(DataSourceTransactionManager.java:270) ~[spring-jdbc-7.0.9.jar:7.0.9]
	... 12 common frames omitted
Caused by: java.lang.InterruptedException
	at java.base/java.util.concurrent.SynchronousQueue.poll(SynchronousQueue.java:340) ~[na:na]
	at com.zaxxer.hikari.util.ConcurrentBag.borrow(ConcurrentBag.java:163) ~[HikariCP-7.0.2.jar:na]
	at com.zaxxer.hikari.pool.HikariPool.getConnection(HikariPool.java:160) ~[HikariCP-7.0.2.jar:na]
	... 15 common frames omitted

2026-09-09T07:12:11.478Z  INFO 87088 --- [kivvi-click] [ionShutdownHook] com.zaxxer.hikari.HikariDataSource       : HikariPool-10 - Shutdown completed.
2026-09-09T07:12:11.480Z  INFO 87088 --- [kivvi-click] [ionShutdownHook] o.s.boot.tomcat.GracefulShutdown         : Commencing graceful shutdown. Waiting for active requests to complete
2026-09-09T07:12:11.482Z  INFO 87088 --- [kivvi-click] [tomcat-shutdown] o.s.boot.tomcat.GracefulShutdown         : Graceful shutdown complete
2026-09-09T07:12:11.483Z  INFO 87088 --- [kivvi-click] [ionShutdownHook] com.zaxxer.hikari.HikariDataSource       : HikariPool-11 - Shutdown initiated...
2026-09-09T07:12:11.483Z ERROR 87088 --- [kivvi-click] [pring-session-1] o.s.s.s.TaskUtils$LoggingErrorHandler    : Unexpected error occurred in scheduled task

org.springframework.transaction.CannotCreateTransactionException: Could not open JDBC Connection for transaction
	at org.springframework.jdbc.datasource.DataSourceTransactionManager.doBegin(DataSourceTransactionManager.java:319) ~[spring-jdbc-7.0.9.jar:7.0.9]
	at org.springframework.transaction.support.AbstractPlatformTransactionManager.startTransaction(AbstractPlatformTransactionManager.java:532) ~[spring-tx-7.0.9.jar:7.0.9]
	at org.springframework.transaction.support.AbstractPlatformTransactionManager.getTransaction(AbstractPlatformTransactionManager.java:405) ~[spring-tx-7.0.9.jar:7.0.9]
	at org.springframework.transaction.support.TransactionTemplate.execute(TransactionTemplate.java:134) ~[spring-tx-7.0.9.jar:7.0.9]
	at org.springframework.session.jdbc.JdbcIndexedSessionRepository.cleanUpExpiredSessions(JdbcIndexedSessionRepository.java:649) ~[spring-session-jdbc-4.1.1.jar:4.1.1]
	at org.springframework.scheduling.support.DelegatingErrorHandlingRunnable.run(DelegatingErrorHandlingRunnable.java:54) ~[spring-context-7.0.9.jar:7.0.9]
	at org.springframework.scheduling.concurrent.ReschedulingRunnable.run(ReschedulingRunnable.java:94) ~[spring-context-7.0.9.jar:7.0.9]
	at java.base/java.util.concurrent.Executors$RunnableAdapter.call(Executors.java:545) ~[na:na]
	at java.base/java.util.concurrent.FutureTask.run(FutureTask.java:328) ~[na:na]
	at java.base/java.util.concurrent.ScheduledThreadPoolExecutor$ScheduledFutureTask.run(ScheduledThreadPoolExecutor.java:309) ~[na:na]
	at java.base/java.util.concurrent.ThreadPoolExecutor.runWorker(ThreadPoolExecutor.java:1090) ~[na:na]
	at java.base/java.util.concurrent.ThreadPoolExecutor$Worker.run(ThreadPoolExecutor.java:614) ~[na:na]
	at java.base/java.lang.Thread.run(Thread.java:1474) ~[na:na]
Caused by: java.sql.SQLException: HikariPool-11 - Interrupted during connection acquisition
	at com.zaxxer.hikari.pool.HikariPool.getConnection(HikariPool.java:188) ~[HikariCP-7.0.2.jar:na]
	at com.zaxxer.hikari.pool.HikariPool.getConnection(HikariPool.java:142) ~[HikariCP-7.0.2.jar:na]
	at com.zaxxer.hikari.HikariDataSource.getConnection(HikariDataSource.java:127) ~[HikariCP-7.0.2.jar:na]
	at org.springframework.jdbc.datasource.DataSourceTransactionManager.doBegin(DataSourceTransactionManager.java:270) ~[spring-jdbc-7.0.9.jar:7.0.9]
	... 12 common frames omitted
Caused by: java.lang.InterruptedException
	at java.base/java.util.concurrent.SynchronousQueue.poll(SynchronousQueue.java:340) ~[na:na]
	at com.zaxxer.hikari.util.ConcurrentBag.borrow(ConcurrentBag.java:163) ~[HikariCP-7.0.2.jar:na]
	at com.zaxxer.hikari.pool.HikariPool.getConnection(HikariPool.java:160) ~[HikariCP-7.0.2.jar:na]
	... 15 common frames omitted

2026-09-09T07:12:13.522Z  INFO 87088 --- [kivvi-click] [ionShutdownHook] com.zaxxer.hikari.HikariDataSource       : HikariPool-11 - Shutdown completed.
2026-09-09T07:12:13.524Z  INFO 87088 --- [kivvi-click] [ionShutdownHook] o.s.boot.tomcat.GracefulShutdown         : Commencing graceful shutdown. Waiting for active requests to complete
2026-09-09T07:12:13.526Z  INFO 87088 --- [kivvi-click] [tomcat-shutdown] o.s.boot.tomcat.GracefulShutdown         : Graceful shutdown complete
2026-09-09T07:12:13.527Z  INFO 87088 --- [kivvi-click] [ionShutdownHook] com.zaxxer.hikari.HikariDataSource       : HikariPool-12 - Shutdown initiated...
2026-09-09T07:12:13.526Z ERROR 87088 --- [kivvi-click] [pring-session-1] o.s.s.s.TaskUtils$LoggingErrorHandler    : Unexpected error occurred in scheduled task

org.springframework.transaction.CannotCreateTransactionException: Could not open JDBC Connection for transaction
	at org.springframework.jdbc.datasource.DataSourceTransactionManager.doBegin(DataSourceTransactionManager.java:319) ~[spring-jdbc-7.0.9.jar:7.0.9]
	at org.springframework.transaction.support.AbstractPlatformTransactionManager.startTransaction(AbstractPlatformTransactionManager.java:532) ~[spring-tx-7.0.9.jar:7.0.9]
	at org.springframework.transaction.support.AbstractPlatformTransactionManager.getTransaction(AbstractPlatformTransactionManager.java:405) ~[spring-tx-7.0.9.jar:7.0.9]
	at org.springframework.transaction.support.TransactionTemplate.execute(TransactionTemplate.java:134) ~[spring-tx-7.0.9.jar:7.0.9]
	at org.springframework.session.jdbc.JdbcIndexedSessionRepository.cleanUpExpiredSessions(JdbcIndexedSessionRepository.java:649) ~[spring-session-jdbc-4.1.1.jar:4.1.1]
	at org.springframework.scheduling.support.DelegatingErrorHandlingRunnable.run(DelegatingErrorHandlingRunnable.java:54) ~[spring-context-7.0.9.jar:7.0.9]
	at org.springframework.scheduling.concurrent.ReschedulingRunnable.run(ReschedulingRunnable.java:94) ~[spring-context-7.0.9.jar:7.0.9]
	at java.base/java.util.concurrent.Executors$RunnableAdapter.call(Executors.java:545) ~[na:na]
	at java.base/java.util.concurrent.FutureTask.run(FutureTask.java:328) ~[na:na]
	at java.base/java.util.concurrent.ScheduledThreadPoolExecutor$ScheduledFutureTask.run(ScheduledThreadPoolExecutor.java:309) ~[na:na]
	at java.base/java.util.concurrent.ThreadPoolExecutor.runWorker(ThreadPoolExecutor.java:1090) ~[na:na]
	at java.base/java.util.concurrent.ThreadPoolExecutor$Worker.run(ThreadPoolExecutor.java:614) ~[na:na]
	at java.base/java.lang.Thread.run(Thread.java:1474) ~[na:na]
Caused by: java.sql.SQLException: HikariPool-12 - Interrupted during connection acquisition
	at com.zaxxer.hikari.pool.HikariPool.getConnection(HikariPool.java:188) ~[HikariCP-7.0.2.jar:na]
	at com.zaxxer.hikari.pool.HikariPool.getConnection(HikariPool.java:142) ~[HikariCP-7.0.2.jar:na]
	at com.zaxxer.hikari.HikariDataSource.getConnection(HikariDataSource.java:127) ~[HikariCP-7.0.2.jar:na]
	at org.springframework.jdbc.datasource.DataSourceTransactionManager.doBegin(DataSourceTransactionManager.java:270) ~[spring-jdbc-7.0.9.jar:7.0.9]
	... 12 common frames omitted
Caused by: java.lang.InterruptedException
	at java.base/java.util.concurrent.SynchronousQueue.poll(SynchronousQueue.java:340) ~[na:na]
	at com.zaxxer.hikari.util.ConcurrentBag.borrow(ConcurrentBag.java:163) ~[HikariCP-7.0.2.jar:na]
	at com.zaxxer.hikari.pool.HikariPool.getConnection(HikariPool.java:160) ~[HikariCP-7.0.2.jar:na]
	... 15 common frames omitted

2026-09-09T07:12:15.488Z  INFO 87088 --- [kivvi-click] [ionShutdownHook] com.zaxxer.hikari.HikariDataSource       : HikariPool-12 - Shutdown completed.
2026-09-09T07:12:15.490Z  INFO 87088 --- [kivvi-click] [ionShutdownHook] o.s.boot.tomcat.GracefulShutdown         : Commencing graceful shutdown. Waiting for active requests to complete
2026-09-09T07:12:15.492Z  INFO 87088 --- [kivvi-click] [tomcat-shutdown] o.s.boot.tomcat.GracefulShutdown         : Graceful shutdown complete
2026-09-09T07:12:15.493Z  INFO 87088 --- [kivvi-click] [ionShutdownHook] com.zaxxer.hikari.HikariDataSource       : HikariPool-13 - Shutdown initiated...
2026-09-09T07:12:15.493Z ERROR 87088 --- [kivvi-click] [pring-session-1] o.s.s.s.TaskUtils$LoggingErrorHandler    : Unexpected error occurred in scheduled task

org.springframework.transaction.CannotCreateTransactionException: Could not open JDBC Connection for transaction
	at org.springframework.jdbc.datasource.DataSourceTransactionManager.doBegin(DataSourceTransactionManager.java:319) ~[spring-jdbc-7.0.9.jar:7.0.9]
	at org.springframework.transaction.support.AbstractPlatformTransactionManager.startTransaction(AbstractPlatformTransactionManager.java:532) ~[spring-tx-7.0.9.jar:7.0.9]
	at org.springframework.transaction.support.AbstractPlatformTransactionManager.getTransaction(AbstractPlatformTransactionManager.java:405) ~[spring-tx-7.0.9.jar:7.0.9]
	at org.springframework.transaction.support.TransactionTemplate.execute(TransactionTemplate.java:134) ~[spring-tx-7.0.9.jar:7.0.9]
	at org.springframework.session.jdbc.JdbcIndexedSessionRepository.cleanUpExpiredSessions(JdbcIndexedSessionRepository.java:649) ~[spring-session-jdbc-4.1.1.jar:4.1.1]
	at org.springframework.scheduling.support.DelegatingErrorHandlingRunnable.run(DelegatingErrorHandlingRunnable.java:54) ~[spring-context-7.0.9.jar:7.0.9]
	at org.springframework.scheduling.concurrent.ReschedulingRunnable.run(ReschedulingRunnable.java:94) ~[spring-context-7.0.9.jar:7.0.9]
	at java.base/java.util.concurrent.Executors$RunnableAdapter.call(Executors.java:545) ~[na:na]
	at java.base/java.util.concurrent.FutureTask.run(FutureTask.java:328) ~[na:na]
	at java.base/java.util.concurrent.ScheduledThreadPoolExecutor$ScheduledFutureTask.run(ScheduledThreadPoolExecutor.java:309) ~[na:na]
	at java.base/java.util.concurrent.ThreadPoolExecutor.runWorker(ThreadPoolExecutor.java:1090) ~[na:na]
	at java.base/java.util.concurrent.ThreadPoolExecutor$Worker.run(ThreadPoolExecutor.java:614) ~[na:na]
	at java.base/java.lang.Thread.run(Thread.java:1474) ~[na:na]
Caused by: java.sql.SQLException: HikariPool-13 - Interrupted during connection acquisition
	at com.zaxxer.hikari.pool.HikariPool.getConnection(HikariPool.java:188) ~[HikariCP-7.0.2.jar:na]
	at com.zaxxer.hikari.pool.HikariPool.getConnection(HikariPool.java:142) ~[HikariCP-7.0.2.jar:na]
	at com.zaxxer.hikari.HikariDataSource.getConnection(HikariDataSource.java:127) ~[HikariCP-7.0.2.jar:na]
	at org.springframework.jdbc.datasource.DataSourceTransactionManager.doBegin(DataSourceTransactionManager.java:270) ~[spring-jdbc-7.0.9.jar:7.0.9]
	... 12 common frames omitted
Caused by: java.lang.InterruptedException
	at java.base/java.util.concurrent.SynchronousQueue.poll(SynchronousQueue.java:340) ~[na:na]
	at com.zaxxer.hikari.util.ConcurrentBag.borrow(ConcurrentBag.java:163) ~[HikariCP-7.0.2.jar:na]
	at com.zaxxer.hikari.pool.HikariPool.getConnection(HikariPool.java:160) ~[HikariCP-7.0.2.jar:na]
	... 15 common frames omitted

2026-09-09T07:12:17.465Z  INFO 87088 --- [kivvi-click] [ionShutdownHook] com.zaxxer.hikari.HikariDataSource       : HikariPool-13 - Shutdown completed.
2026-09-09T07:12:17.468Z  INFO 87088 --- [kivvi-click] [ionShutdownHook] o.s.boot.tomcat.GracefulShutdown         : Commencing graceful shutdown. Waiting for active requests to complete
2026-09-09T07:12:17.470Z  INFO 87088 --- [kivvi-click] [tomcat-shutdown] o.s.boot.tomcat.GracefulShutdown         : Graceful shutdown complete
2026-09-09T07:12:17.471Z  INFO 87088 --- [kivvi-click] [ionShutdownHook] com.zaxxer.hikari.HikariDataSource       : HikariPool-14 - Shutdown initiated...
2026-09-09T07:12:17.470Z ERROR 87088 --- [kivvi-click] [pring-session-1] o.s.s.s.TaskUtils$LoggingErrorHandler    : Unexpected error occurred in scheduled task

org.springframework.transaction.CannotCreateTransactionException: Could not open JDBC Connection for transaction
	at org.springframework.jdbc.datasource.DataSourceTransactionManager.doBegin(DataSourceTransactionManager.java:319) ~[spring-jdbc-7.0.9.jar:7.0.9]
	at org.springframework.transaction.support.AbstractPlatformTransactionManager.startTransaction(AbstractPlatformTransactionManager.java:532) ~[spring-tx-7.0.9.jar:7.0.9]
	at org.springframework.transaction.support.AbstractPlatformTransactionManager.getTransaction(AbstractPlatformTransactionManager.java:405) ~[spring-tx-7.0.9.jar:7.0.9]
	at org.springframework.transaction.support.TransactionTemplate.execute(TransactionTemplate.java:134) ~[spring-tx-7.0.9.jar:7.0.9]
	at org.springframework.session.jdbc.JdbcIndexedSessionRepository.cleanUpExpiredSessions(JdbcIndexedSessionRepository.java:649) ~[spring-session-jdbc-4.1.1.jar:4.1.1]
	at org.springframework.scheduling.support.DelegatingErrorHandlingRunnable.run(DelegatingErrorHandlingRunnable.java:54) ~[spring-context-7.0.9.jar:7.0.9]
	at org.springframework.scheduling.concurrent.ReschedulingRunnable.run(ReschedulingRunnable.java:94) ~[spring-context-7.0.9.jar:7.0.9]
	at java.base/java.util.concurrent.Executors$RunnableAdapter.call(Executors.java:545) ~[na:na]
	at java.base/java.util.concurrent.FutureTask.run(FutureTask.java:328) ~[na:na]
	at java.base/java.util.concurrent.ScheduledThreadPoolExecutor$ScheduledFutureTask.run(ScheduledThreadPoolExecutor.java:309) ~[na:na]
	at java.base/java.util.concurrent.ThreadPoolExecutor.runWorker(ThreadPoolExecutor.java:1090) ~[na:na]
	at java.base/java.util.concurrent.ThreadPoolExecutor$Worker.run(ThreadPoolExecutor.java:614) ~[na:na]
	at java.base/java.lang.Thread.run(Thread.java:1474) ~[na:na]
Caused by: java.sql.SQLException: HikariPool-14 - Interrupted during connection acquisition
	at com.zaxxer.hikari.pool.HikariPool.getConnection(HikariPool.java:188) ~[HikariCP-7.0.2.jar:na]
	at com.zaxxer.hikari.pool.HikariPool.getConnection(HikariPool.java:142) ~[HikariCP-7.0.2.jar:na]
	at com.zaxxer.hikari.HikariDataSource.getConnection(HikariDataSource.java:127) ~[HikariCP-7.0.2.jar:na]
	at org.springframework.jdbc.datasource.DataSourceTransactionManager.doBegin(DataSourceTransactionManager.java:270) ~[spring-jdbc-7.0.9.jar:7.0.9]
	... 12 common frames omitted
Caused by: java.lang.InterruptedException
	at java.base/java.util.concurrent.SynchronousQueue.poll(SynchronousQueue.java:340) ~[na:na]
	at com.zaxxer.hikari.util.ConcurrentBag.borrow(ConcurrentBag.java:163) ~[HikariCP-7.0.2.jar:na]
	at com.zaxxer.hikari.pool.HikariPool.getConnection(HikariPool.java:160) ~[HikariCP-7.0.2.jar:na]
	... 15 common frames omitted

2026-09-09T07:12:19.368Z  INFO 87088 --- [kivvi-click] [ionShutdownHook] com.zaxxer.hikari.HikariDataSource       : HikariPool-14 - Shutdown completed.
2026-09-09T07:12:19.370Z  INFO 87088 --- [kivvi-click] [ionShutdownHook] o.s.boot.tomcat.GracefulShutdown         : Commencing graceful shutdown. Waiting for active requests to complete
2026-09-09T07:12:19.372Z  INFO 87088 --- [kivvi-click] [tomcat-shutdown] o.s.boot.tomcat.GracefulShutdown         : Graceful shutdown complete
2026-09-09T07:12:19.373Z  INFO 87088 --- [kivvi-click] [ionShutdownHook] com.zaxxer.hikari.HikariDataSource       : HikariPool-15 - Shutdown initiated...
2026-09-09T07:12:19.373Z ERROR 87088 --- [kivvi-click] [pring-session-1] o.s.s.s.TaskUtils$LoggingErrorHandler    : Unexpected error occurred in scheduled task

org.springframework.transaction.CannotCreateTransactionException: Could not open JDBC Connection for transaction
	at org.springframework.jdbc.datasource.DataSourceTransactionManager.doBegin(DataSourceTransactionManager.java:319) ~[spring-jdbc-7.0.9.jar:7.0.9]
	at org.springframework.transaction.support.AbstractPlatformTransactionManager.startTransaction(AbstractPlatformTransactionManager.java:532) ~[spring-tx-7.0.9.jar:7.0.9]
	at org.springframework.transaction.support.AbstractPlatformTransactionManager.getTransaction(AbstractPlatformTransactionManager.java:405) ~[spring-tx-7.0.9.jar:7.0.9]
	at org.springframework.transaction.support.TransactionTemplate.execute(TransactionTemplate.java:134) ~[spring-tx-7.0.9.jar:7.0.9]
	at org.springframework.session.jdbc.JdbcIndexedSessionRepository.cleanUpExpiredSessions(JdbcIndexedSessionRepository.java:649) ~[spring-session-jdbc-4.1.1.jar:4.1.1]
	at org.springframework.scheduling.support.DelegatingErrorHandlingRunnable.run(DelegatingErrorHandlingRunnable.java:54) ~[spring-context-7.0.9.jar:7.0.9]
	at org.springframework.scheduling.concurrent.ReschedulingRunnable.run(ReschedulingRunnable.java:94) ~[spring-context-7.0.9.jar:7.0.9]
	at java.base/java.util.concurrent.Executors$RunnableAdapter.call(Executors.java:545) ~[na:na]
	at java.base/java.util.concurrent.FutureTask.run(FutureTask.java:328) ~[na:na]
	at java.base/java.util.concurrent.ScheduledThreadPoolExecutor$ScheduledFutureTask.run(ScheduledThreadPoolExecutor.java:309) ~[na:na]
	at java.base/java.util.concurrent.ThreadPoolExecutor.runWorker(ThreadPoolExecutor.java:1090) ~[na:na]
	at java.base/java.util.concurrent.ThreadPoolExecutor$Worker.run(ThreadPoolExecutor.java:614) ~[na:na]
	at java.base/java.lang.Thread.run(Thread.java:1474) ~[na:na]
Caused by: java.sql.SQLException: HikariPool-15 - Interrupted during connection acquisition
	at com.zaxxer.hikari.pool.HikariPool.getConnection(HikariPool.java:188) ~[HikariCP-7.0.2.jar:na]
	at com.zaxxer.hikari.pool.HikariPool.getConnection(HikariPool.java:142) ~[HikariCP-7.0.2.jar:na]
	at com.zaxxer.hikari.HikariDataSource.getConnection(HikariDataSource.java:127) ~[HikariCP-7.0.2.jar:na]
	at org.springframework.jdbc.datasource.DataSourceTransactionManager.doBegin(DataSourceTransactionManager.java:270) ~[spring-jdbc-7.0.9.jar:7.0.9]
	... 12 common frames omitted
Caused by: java.lang.InterruptedException
	at java.base/java.util.concurrent.SynchronousQueue.poll(SynchronousQueue.java:340) ~[na:na]
	at com.zaxxer.hikari.util.ConcurrentBag.borrow(ConcurrentBag.java:163) ~[HikariCP-7.0.2.jar:na]
	at com.zaxxer.hikari.pool.HikariPool.getConnection(HikariPool.java:160) ~[HikariCP-7.0.2.jar:na]
	... 15 common frames omitted

2026-09-09T07:12:21.309Z  INFO 87088 --- [kivvi-click] [ionShutdownHook] com.zaxxer.hikari.HikariDataSource       : HikariPool-15 - Shutdown completed.
2026-09-09T07:12:21.311Z  INFO 87088 --- [kivvi-click] [ionShutdownHook] o.s.boot.tomcat.GracefulShutdown         : Commencing graceful shutdown. Waiting for active requests to complete
2026-09-09T07:12:21.313Z  INFO 87088 --- [kivvi-click] [tomcat-shutdown] o.s.boot.tomcat.GracefulShutdown         : Graceful shutdown complete
2026-09-09T07:12:21.314Z  INFO 87088 --- [kivvi-click] [ionShutdownHook] com.zaxxer.hikari.HikariDataSource       : HikariPool-16 - Shutdown initiated...
2026-09-09T07:12:21.314Z ERROR 87088 --- [kivvi-click] [pring-session-1] o.s.s.s.TaskUtils$LoggingErrorHandler    : Unexpected error occurred in scheduled task

org.springframework.transaction.CannotCreateTransactionException: Could not open JDBC Connection for transaction
	at org.springframework.jdbc.datasource.DataSourceTransactionManager.doBegin(DataSourceTransactionManager.java:319) ~[spring-jdbc-7.0.9.jar:7.0.9]
	at org.springframework.transaction.support.AbstractPlatformTransactionManager.startTransaction(AbstractPlatformTransactionManager.java:532) ~[spring-tx-7.0.9.jar:7.0.9]
	at org.springframework.transaction.support.AbstractPlatformTransactionManager.getTransaction(AbstractPlatformTransactionManager.java:405) ~[spring-tx-7.0.9.jar:7.0.9]
	at org.springframework.transaction.support.TransactionTemplate.execute(TransactionTemplate.java:134) ~[spring-tx-7.0.9.jar:7.0.9]
	at org.springframework.session.jdbc.JdbcIndexedSessionRepository.cleanUpExpiredSessions(JdbcIndexedSessionRepository.java:649) ~[spring-session-jdbc-4.1.1.jar:4.1.1]
	at org.springframework.scheduling.support.DelegatingErrorHandlingRunnable.run(DelegatingErrorHandlingRunnable.java:54) ~[spring-context-7.0.9.jar:7.0.9]
	at org.springframework.scheduling.concurrent.ReschedulingRunnable.run(ReschedulingRunnable.java:94) ~[spring-context-7.0.9.jar:7.0.9]
	at java.base/java.util.concurrent.Executors$RunnableAdapter.call(Executors.java:545) ~[na:na]
	at java.base/java.util.concurrent.FutureTask.run(FutureTask.java:328) ~[na:na]
	at java.base/java.util.concurrent.ScheduledThreadPoolExecutor$ScheduledFutureTask.run(ScheduledThreadPoolExecutor.java:309) ~[na:na]
	at java.base/java.util.concurrent.ThreadPoolExecutor.runWorker(ThreadPoolExecutor.java:1090) ~[na:na]
	at java.base/java.util.concurrent.ThreadPoolExecutor$Worker.run(ThreadPoolExecutor.java:614) ~[na:na]
	at java.base/java.lang.Thread.run(Thread.java:1474) ~[na:na]
Caused by: java.sql.SQLException: HikariPool-16 - Interrupted during connection acquisition
	at com.zaxxer.hikari.pool.HikariPool.getConnection(HikariPool.java:188) ~[HikariCP-7.0.2.jar:na]
	at com.zaxxer.hikari.pool.HikariPool.getConnection(HikariPool.java:142) ~[HikariCP-7.0.2.jar:na]
	at com.zaxxer.hikari.HikariDataSource.getConnection(HikariDataSource.java:127) ~[HikariCP-7.0.2.jar:na]
	at org.springframework.jdbc.datasource.DataSourceTransactionManager.doBegin(DataSourceTransactionManager.java:270) ~[spring-jdbc-7.0.9.jar:7.0.9]
	... 12 common frames omitted
Caused by: java.lang.InterruptedException
	at java.base/java.util.concurrent.SynchronousQueue.poll(SynchronousQueue.java:340) ~[na:na]
	at com.zaxxer.hikari.util.ConcurrentBag.borrow(ConcurrentBag.java:163) ~[HikariCP-7.0.2.jar:na]
	at com.zaxxer.hikari.pool.HikariPool.getConnection(HikariPool.java:160) ~[HikariCP-7.0.2.jar:na]
	... 15 common frames omitted

[ERROR] Surefire is going to kill self fork JVM. The exit has elapsed 30 seconds after System.exit(0).
[ERROR] Failures: 
[ERROR]   ImportApiIT.pathTraversalOriginalNameNeverEscapesTheUploadDirectoryOverHttp:206 [nothing written outside the upload directory] 
expected: 
  [/tmp/6Jd1DlzaKjpPBiKnC6xKi,
      /tmp/probe-scm.spec.ts,
      /tmp/magellan-ai-tooling-5rUwr2,
      /tmp/-d19JMqLvPxVQwXta82op,
      /tmp/-UAeNojEWnaT8ca3pZkVo,
      /tmp/magellan-ai-tooling-95390J,
      /tmp/magellan-skill-validator-mTLzcO,
      /tmp/NTU55_xc0oNspUQJQiO-G,
      /tmp/magellan-skill-validator-dWxlD5,
      /tmp/fe-format.log,
      /tmp/magellan-ai-tooling-WTjGX4,
      /tmp/magellan-skill-validator-6LS4dG,
      /tmp/tmp.WtBYox61Xv,
      /tmp/magellan-ai-tooling-kgytCR,
      /tmp/magellan-run-ledger-DVn20c,
      /tmp/magellan-ai-tooling-txmqYs,
      /tmp/jackson3extracted,
      /tmp/magellan-ai-tooling-dbTuao,
      /tmp/magellan-ai-tooling-h09lfP,
      /tmp/magellan-skill-validator-A9wP9a,
      /tmp/bBGD5G54DXXP89-ElTSSV,
      /tmp/tgok,
      /tmp/magellan-ai-tooling-J4tJca,
      /tmp/wsdl-muszkin-009802e8258a97421c19a4db9ffbc5909d,
      /tmp/tomcat.0.12933269001933063341,
      /tmp/wk3.html,
      /tmp/magellan-ai-tooling-AtxtwK,
      /tmp/expected_spec.ts,
      /tmp/magellan-skill-validator-fqiIlu,
      /tmp/magellan-ai-tooling-4B4ME0,
      /tmp/magellan-skill-validator-MAfdAp,
      /tmp/surefire-muszkin,
      /tmp/blog_cache_bad_ih4kev2fthl1dAGpykb,
      /tmp/phpunit_icon_c31j9sp2grluaLWxLsH,
      /tmp/magellan-ai-tooling-xzwJ9J,
      /tmp/cards-6NZ9LU,
      /tmp/systemd-private-69eb74b91a084dd08b9f790575f5873e-apache2.service-YG2xej,
      /tmp/magellan-doctor-BkWnqu,
      /tmp/oms-import-upload-test-15725652361609430822,
      /tmp/magellan-skill-validator-fewAB3,
      /tmp/oms-import-upload-test-6072084074402011712,
      /tmp/eTEwtbjB_O4M4lnxcSm24,
      /tmp/magellan-run-ledger-qk3car,
      /tmp/magellan-skill-validator-DdDh9x,
      /tmp/magellan-skill-validator-hLKQEb,
      /tmp/phpunit_icon_5d8uv632a1p06SAesFl_test.svg,
      /tmp/tmp.UwjGzdkk7y,
      /tmp/com.google.Chrome.RSyyo8,
      /tmp/expected_probe.html,
      /tmp/magellan-doctor-Qwl4RO,
      /tmp/xfs-b429ad6d,
      /tmp/tmp.2Nqlk7SCDp,
      /tmp/magellan-package-XzqsKz,
      /tmp/magellan-skill-validator-9NO3uX,
      /tmp/kivvi-import-Yl5rpy,
      /tmp/phpunit_icon_poj0kp1q55r96GzEw47,
      /tmp/magellan-ai-tooling-ZxruX7,
      /tmp/magellan-doctor-MHwOvq,
      /tmp/magellan-ai-tooling-ov18Bi,
      /tmp/pio69-owner-klienci.png,
      /tmp/magellan-ai-tooling-HGwhqw,
      /tmp/magellan-skill-hash-LEZaOc,
      /tmp/playwright_chromiumdev_profile-u3axq4,
      /tmp/tomcat-docbase.0.2556656012443908584,
      /tmp/KNA-jY4d1lzpm_GIp4Sgn,
      /tmp/QWHEmemvdTvjSgHe1vjmq,
      /tmp/tomcat.0.3536273182701927825,
      /tmp/probe-out,
      /tmp/kNYqkhfZoj52yzOLDBFBQ,
      /tmp/.org.chromium.Chromium.hHrrqz,
      /tmp/nhfzWor3gfkEb2Fr9uq79,
      /tmp/oms-import-upload-test-14807285522560254791,
      /tmp/tmp.tc0iZ0dMEM,
      /tmp/kotlin-daemon.2026-09-08.10-40-19-034.01.log,
      /tmp/xfs-74c0f0ba,
      /tmp/tmp.e7IZYMWMhY,
      /tmp/0d4XL_WhX81X3AIaL7Res,
      /tmp/phpunit_icon_kkkaloupndfa5LZIiWG,
      /tmp/magellan-ai-tooling-VjsWTk,
      /tmp/magellan-package-HF49wc,
      /tmp/magellan-package-hUvCej,
      /tmp/magellan-ai-tooling-pPl56a,
      /tmp/magellan-ai-tooling-526K3Y,
      /tmp/kotlin-daemon.2026-09-03.13-27-57-135.00.log.lck,
      /tmp/legacy-topic-cleanup14122006036188151062,
      /tmp/magellan-ai-tooling-qZe7b5,
      /tmp/kotlin-daemon.2026-09-08.10-45-34-588.00.log,
      /tmp/phpunit_icon_lccjank429vkb59ZyZT,
      /tmp/phpunit_icon_sr9hhhnfj5bv7C3CVTP_test.png,
      /tmp/oms-import-upload-test-12357790662947863108,
      /tmp/magellan-run-ledger-mFm9ei,
      /tmp/blog_cache_test_sk23jn7kk1db8zZxqbD,
      /tmp/phpunit_icon_bv5i4vo151bd7cGFXSY_test.png,
      /tmp/phpunit_icon_eikrb01hbsbq3BJNWMr_test.svg,
      /tmp/magellan-skill-validator-2sHGzt,
      /tmp/A7pp7-s4ijf-t7fYe804N,
      /tmp/magellan-ai-tooling-1utUSs,
      /tmp/dkolQhc5fIL-Poyj4LlmA,
      /tmp/magellan-ai-tooling-HSsxNW,
      /tmp/ULGsp_2QQzS5XlSlKojs6,
      /tmp/magellan-skill-hash-a3OR5F,
      /tmp/phpunit_icon_oo8212802pku3iupCye,
      /tmp/magellan-ai-tooling-9c6E0O,
      /tmp/yBVTLMhr1gRyxShkoCVtb,
      /tmp/magellan-ai-tooling-aarbkw,
      /tmp/tmp.pERRvfo6Ru,
      /tmp/legal2.sh,
      /tmp/phpunit_icon_hdhkfs5n8lcu1G4mnOD,
      /tmp/tmp.SbXKV6wRS1,
      /tmp/4GvmORP_eujHiXJxoJx6o,
      /tmp/.com.google.Chrome.lGpB0M,
      /tmp/magellan-ai-tooling-uWoA5t,
      /tmp/magellan-ai-tooling-vZ4O6B,
      /tmp/tmp.9IVXHjyb22,
      /tmp/magellan-skill-validator-AsONdA,
      /tmp/.com.google.Chrome.VSzhVk,
      /tmp/magellan-run-ledger-OBq17A,
      /tmp/magellan-skill-validator-1jFUYH,
      /tmp/.org.chromium.Chromium.EQ3p2M,
      /tmp/phpunit_icon_9jrk8421a3g70e5iPMC,
      /tmp/magellan-ai-tooling-YGm01q,
      /tmp/tmp.spWisLNJ0W,
      /tmp/tmp.3wELVCUvC7,
      /tmp/tmp.Wqskb8NMNF,
      /tmp/xfs-1481e5cf,
      /tmp/magellan-run-ledger-TXMeNx,
      /tmp/magellan-ai-tooling-pdbBie,
      /tmp/claude_append2.json,
      /tmp/NmOpBD_FG0ZMv0tLBGzvA,
      /tmp/tmp.S2k13q2C4r,
      /tmp/tmp.swqwTTQpnZ,
      /tmp/kotlin-daemon.2026-09-03.11-38-57-882.01.log,
      /tmp/tmp.gux8YaGiw2,
      /tmp/phpunit_icon_t7oov145de6n2YZtYIP,
      /tmp/magellan-ai-tooling-FFQuDG,
      /tmp/xfs-5b99fb35,
      /tmp/RZNyIdz6k_7vmJUXuojal,
      /tmp/magellan-ai-tooling-XG33yT,
      /tmp/jNxOpHKU5w3byd_ZfEDcm,
      /tmp/magellan-ai-tooling-V4Z18w,
      /tmp/magellan-skill-validator-4NVhKU,
      /tmp/magellan-ai-tooling-TO64xS,
      /tmp/magellan-skill-validator-8AbqBi,
      /tmp/magellan-run-ledger-km3A7k,
      /tmp/phpunit_icon_2nojpqmmbglp7F34MFM,
      /tmp/magellan-skill-validator-AvXqYB,
      /tmp/magellan-skill-validator-N0eUpE,
      /tmp/A64ZRCToMz2j_xQ-X1Yze,
      /tmp/kivvi-import-KUShSa,
      /tmp/magellan-ai-tooling-KwD06q,
      /tmp/magellan-skill-validator-yNftU1,
      /tmp/pAWMnYMsIUu-izs4nXI4C,
      /tmp/texts_diff_1.txt,
      /tmp/magellan-skill-validator-cXR9xn,
      /tmp/kotlin-daemon.2026-09-03.10-27-51-669.00.log,
      /tmp/kotlin-daemon.2026-09-08.23-39-33-524.00.log,
      /tmp/e2e-run-1-full.txt,
      /tmp/oms-import-upload-test-91869895543595098,
      /tmp/magellan-skill-validator-suOoCT,
      /tmp/xfs-604b95a9,
      /tmp/phpunit_icon_n4coef09knhuc75azlA,
      /tmp/phpunit_icon_baq1crf42fm2fmfJ32E,
      /tmp/tmp.bs0Ux8OCXK,
      /tmp/magellan-run-ledger-6wxxxN,
      /tmp/magellan-package-RhTH9s,
      /tmp/magellan-skill-validator-2ycKkU,
      /tmp/blog_cache_bad_fn9ria77ia8peSJ6W5S,
      /tmp/magellan-ai-tooling-0W2cxy,
      /tmp/phpunit_icon_gs0rqo48hh91eFslnVx_test.svg,
      /tmp/tmp.2pZmoUfmeC,
      /tmp/vitest-location-check,
      /tmp/magellan-ai-tooling-r927In,
      /tmp/magellan-ai-tooling-4icA5C,
      /tmp/tmp.dcB8jRHTOE,
      /tmp/phpunit_icon_4rsqdl6ekf5f4wsRwKh_test.png,
      /tmp/KZmShnHEYiY7W_D5Yt6mS,
      /tmp/magellan-ai-tooling-gAsDjr,
      /tmp/tmp.hkdHtDkAyc,
      /tmp/krFGHv-7QZoLs4SGZk8CK,
      /tmp/mvnw-mutant4.log,
      /tmp/step1.txt,
      /tmp/magellan-ai-tooling-BCrddT,
      /tmp/magellan-ai-tooling-0B9d9B,
      /tmp/phpunit_icon_97kh81cu3l3q3t2ycCt,
      /tmp/vt2O_wGLyI3lLBhjkk7RI,
      /tmp/73tMC0i1ktdH5Nz-ogFTy,
      /tmp/2YoIR92B861eQZaV8VHqt,
      /tmp/magellan-run-ledger-edLIO6,
      /tmp/tmp.4dc2d2oFAb,
      /tmp/magic.txt,
      /tmp/magellan-run-ledger-e3VMKR,
      /tmp/tmp.80NW4FTlwk,
      /tmp/blog_cache_bad_ods1kq4geucg2JdixKu,
      /tmp/hoEH4wyBjMyblcvxiyE1v,
      /tmp/c35IKUmVJ4ovogYlSGkMO,
      /tmp/architecture-test.txt,
      /tmp/expected_overlay.ts,
      /tmp/pio69-owner-oblozenie.png,
      /tmp/.org.chromium.Chromium.W3wL10,
      /tmp/red-campaigns.html,
      /tmp/tmp.jdrM9cikVg,
      /tmp/magellan-doctor-RL0xiP,
      /tmp/.com.google.Chrome.bACmAd,
      /tmp/magellan-ai-tooling-BBjZfj,
      /tmp/xfs-baceaac2,
      /tmp/magellan-ai-tooling-24jOhf,
      /tmp/magellan-ai-tooling-PL7tx9,
      /tmp/mvnw-test-out.log,
      /tmp/kotlin-daemon.2026-09-03.11-13-01-131.00.log,
      /tmp/magellan-skill-validator-MceI3N,
      /tmp/magellan-ai-tooling-vuKAUJ,
      /tmp/blog_cache_test_ikg0n5mcpf9p1DdInRp,
      /tmp/j_aria.mp3,
      /tmp/final-verify.log,
      /tmp/magellan-doctor-eHxkol,
      /tmp/kotlin-daemon.2026-09-03.14-43-40-566.01.log,
      /tmp/phpunit_icon_3t6cdis39bs535BxLkp,
      /tmp/com.google.Chrome.gX7JNK,
      /tmp/long3.json,
      /tmp/phpunit_icon_frvkj5ajc32u8dlze9d,
      /tmp/kivvi-load-loop.log,
      /tmp/magellan-skill-validator-02DUz3,
      /tmp/phpunit_icon_ltf4m28qbr7scwi4dW5_test.svg,
      /tmp/phpunit_icon_js145enav68p7B7X623,
      /tmp/magellan-ai-tooling-Tbiel3,
      /tmp/kivvi-mvn-test2.log,
      /tmp/magellan-skill-validator-qHLPJn,
      /tmp/tmp.f9V9c4BjgN,
      /tmp/magellan-run-ledger-qljCyS,
      /tmp/pio69-owner-kalendarz.png,
      /tmp/tmp.6arIPIthPQ,
      /tmp/magellan-package-IqhkX3,
      /tmp/HfAVuBj06d1zmi99oclJM,
      /tmp/magellan-ai-tooling-JPVNl0,
      /tmp/tmp.jGkfYSBHqr,
      /tmp/mine-format.java,
      /tmp/Ui5TQIBVzDAH2Z6TM_is6,
      /tmp/magellan-ai-tooling-GR04x3,
      /tmp/magellan-ai-tooling-3Tt8vp,
      /tmp/magellan-ai-tooling-GfGCLu,
      /tmp/legacy-connection-config-cleanup13037751319621349224,
      /tmp/phpunit_icon_frvkj5ajc32u8dlze9d_test.png,
      /tmp/blog_cache_bad_806u0m2matg95xnEHwj,
      /tmp/magellan-ai-tooling-GJeYE1,
      /tmp/kotlin-daemon.2026-09-03.10-58-46-420.02.log,
      /tmp/xfs-2ebce8bb,
      /tmp/M26ik3Q3CSHOFf62b0wbl,
      /tmp/magellan-run-ledger-VbO8xv,
      /tmp/kotlin-daemon.2026-09-08.12-19-53-298.00.log,
      /tmp/tomcat-docbase.0.7807959849224412024,
      /tmp/tmp.nilnvZ42Bc,
      /tmp/tmp.imfuuRLnCV,
      /tmp/magellan-ai-tooling-4f5wDb,
      /tmp/magellan-ai-tooling-GYrDpo,
      /tmp/tomcat.0.12928843371389094203,
      /tmp/xfs-289870fd,
      /tmp/tmp.ZaVGdNXbOy,
      /tmp/magellan-ai-tooling-uoy8UV,
      /tmp/magellan-skill-validator-p4nwPO,
      /tmp/magellan-ai-tooling-DLR4dq,
      /tmp/magellan-doctor-XrlmXp,
      /tmp/.org.chromium.Chromium.kVvjRF,
      /tmp/cjw.txt,
      /tmp/phpunit_icon_gavnbepls2ul7Jjzz89,
      /tmp/fe-integ.log,
      /tmp/tmp.P0RmCCUMHs,
      /tmp/magellan-skill-hash-rDRwiK,
      /tmp/red-compare-out,
      /tmp/magellan-ai-tooling-L7p1GH,
      /tmp/mvn-followup-focused.log,
      /tmp/tmp.IEK6tm0zmc,
      /tmp/oms-import-upload-test-16927127663738491415,
      /tmp/magellan-ai-tooling-S1ROG5,
      /tmp/magellan-ai-tooling-6irIKB,
      /tmp/magellan-doctor-cVwhrM,
      /tmp/magellan-ai-tooling-hunrNr,
      /tmp/cards-vX9YTr,
      /tmp/48T0VRiW2TtkoNhwIAlHE,
      /tmp/magellan-ai-tooling-N6EqLz,
      /tmp/playwright-transform-cache-1000,
      /tmp/phpunit_icon_5cs0gc5kkiiibpzntZb,
      /tmp/jeoZc1lWMJUwNSvUW8-lB,
      /tmp/magellan-ai-tooling-A43tUI,
      /tmp/G9Ocdtwgshp3WNI9RlrdF,
      /tmp/magellan-skill-validator-hIlS0Z,
      /tmp/magellan-run-ledger-762IYx,
      /tmp/magellan-ai-tooling-abruZ9,
      /tmp/magellan-ai-tooling-jid4Tm,
      /tmp/Q-U61SkINLGifZmcDyAQA,
      /tmp/kivvi-spotless-apply.log,
      /tmp/xfs-d5c9ce3e,
      /tmp/magellan-ai-tooling-34kx9j,
      /tmp/magellan-ai-tooling-DJLOUq,
      /tmp/magellan-ai-tooling-4Pgj9x,
      /tmp/magellan-ai-tooling-Zpusjk,
      /tmp/RrZRfQ15ML2JEsAaEN82p,
      /tmp/phpunit_icon_d5ugc4jcl8rd4pMeXfv,
      /tmp/magellan-skill-validator-mYYyxe,
      /tmp/tmp.YbvRH5fuSD,
      /tmp/magellan-ai-tooling-5D1C0d,
      /tmp/tomcat.0.4851736176183915891,
      /tmp/phpunit_icon_o2ki8euh8kiu5N5ZDvT,
      /tmp/xfs-7215e266,
      /tmp/wpr.html,
      /tmp/t9zHfCnsuTQ7Irouqf57L,
      /tmp/magellan-ai-tooling-QUD4Ha,
      /tmp/fabplug,
      /tmp/magellan-skill-validator-213Nti,
      /tmp/tomcat.0.17492441621940265055,
      /tmp/kotlin-daemon.2026-09-03.13-45-53-321.00.log,
      /tmp/magellan-skill-validator-4AsPOg,
      /tmp/magellan-ai-tooling-i0oSCt,
      /tmp/magellan-ai-tooling-0rM8hB,
      /tmp/magellan-ai-tooling-NJKwLo,
      /tmp/rebuild-api.log,
      /tmp/magellan-ai-tooling-4Adr0S,
      /tmp/tmp.ZUwvVwXLNI,
      /tmp/magellan-skill-validator-8nXS0o,
      /tmp/phpunit_icon_k4tf3g4lrtbiewXW5Fk_test.svg,
      /tmp/xfs-28d5460e,
      /tmp/magellan-ai-tooling-IWSusb,
      /tmp/legacy-topic-cleanup14891199756205278512,
      /tmp/magellan-ai-tooling-XTpeC9,
      /tmp/magellan-ai-tooling-Mp6wzU,
      /tmp/red-lists.txt,
      /tmp/magellan-ai-tooling-p4d0nA,
      /tmp/iRvf9VTwTdONOWICrvsEb,
      /tmp/blog_cache_test_nkl68gv44c6c6o8Pg1q,
      /tmp/phpunit_icon_g5vio10pf7umegIME5w,
      /tmp/phpunit_icon_a5eqsbekagrr3bYtplC_test.svg,
      /tmp/magellan-ai-tooling-VQrfrY,
      /tmp/TfYXvTCLFtrVS_pVdw_C9,
      /tmp/magellan-ai-tooling-0MkJmg,
      /tmp/magellan-ai-tooling-lI2MiQ,
      /tmp/_ba1jS8-YrmsMfyLYK6cq,
      /tmp/magellan-ai-tooling-B71vKG,
      /tmp/o4b6d5qM60KEzALoeqe5N,
      /tmp/tmp.0rwMpKwA2H,
      /tmp/magellan-ai-tooling-FqmHFx,
      /tmp/xfs-054ff8af,
      /tmp/jooqx,
      /tmp/tmp.zaLriGGLSw,
      /tmp/tmp.36g54IJywD,
      /tmp/magellan-skill-validator-LsMdRF,
      /tmp/magellan-ai-tooling-V55Ys9,
      /tmp/com.google.Chrome.6vNLeg,
      /tmp/8u9QZEyoiASOEgvEBT_nT,
      /tmp/magellan-ai-tooling-EoLHPW,
      /tmp/v8-compile-cache-1000,
      /tmp/magellan-package-ZffRly,
      /tmp/magellan-ai-tooling-m3xKxS,
      /tmp/tmp.DBSQgMf6RG,
      /tmp/tmp.fVK55f6uFI,
      /tmp/tmp.gU6vWiqKp8,
      /tmp/tmp.prXpaR8HGd,
      /tmp/magellan-ai-tooling-X2zHQS,
      /tmp/magellan-ai-tooling-k7iUNL,
      /tmp/magellan-skill-validator-558UId,
      /tmp/fi1f0zLrGbSU6s59xVjps,
      /tmp/magellan-skill-validator-rb5P7I,
      /tmp/spring-session-jdbc-4.1.1.jar,
      /tmp/xfs-1556b7cc,
      /tmp/magellan-ai-tooling-hQGkno,
      /tmp/magellan-ai-tooling-Mn300y,
      /tmp/ykQUxSxusaaAz2lCjAD-7,
      /tmp/magellan-doctor-wGu883,
      /tmp/magellan-ai-tooling-QprVbY,
      /tmp/fe-formatcheck.log,
      /tmp/magellan-ai-tooling-YlA7QX,
      /tmp/tomcat.0.3494441830386586455,
      /tmp/JBLbjQpQGy93GtXs54fXR,
      /tmp/magellan-ai-tooling-5z7icP,
      /tmp/magellan-ai-tooling-tyywbI,
      /tmp/magellan-run-ledger-VOc3ZX,
      /tmp/tmp.ztB0wHzsiN,
      /tmp/magellan-ai-tooling-4ray8g,
      /tmp/magellan-ai-tooling-2A3f7I,
      /tmp/magellan-ai-tooling-MFIcig,
      /tmp/oms-import-upload-test-10466429824944859054,
      /tmp/magellan-ai-tooling-OQR6yb,
      /tmp/magellan-skill-hash-WIYwuj,
      /tmp/tmp.QHJb6i8c9p,
      /tmp/tmp.7Vo1H0XljT,
      /tmp/magellan-run-ledger-sy3p9z,
      /tmp/xNW1hLMMPBl-JVl7qjWCc,
      /tmp/magellan-skill-validator-KuM2LK,
      /tmp/blog_cache_bad_1665nje57unecQxOXt5,
      /tmp/magellan-ai-tooling-Uc1pb3,
      /tmp/magellan-skill-validator-g0KcCx,
      /tmp/magellan-run-ledger-NqyKpQ,
      /tmp/magellan-skill-validator-CN1O5D,
      /tmp/blog_cache_bad_4pnsmj264ut45jF8cL3,
      /tmp/.XIM-unix,
      /tmp/MaGnUph2QTDnzjRWGRUw0,
      /tmp/vite4.log,
      /tmp/magellan-skill-validator-EA9o50,
      /tmp/magellan-ai-tooling-4Gvzoy,
      /tmp/tmp.xqtYGnFAYK,
      /tmp/blog_cache_bad_2k3k07q00pha4YHw2Sx,
      /tmp/-Sf7TymaJIIeDduRsAAel,
      /tmp/magellan-skill-validator-93r0iy,
      /tmp/magellan-ai-tooling-6aKEJN,
      /tmp/magellan-ai-tooling-arxpXk,
      /tmp/xfs-b9140752,
      /tmp/oms-import-upload-test-13390936209705963713,
      /tmp/tmp.8JGsM9paCW,
      /tmp/phpunit_icon_99oe0n2q89u19VKVfbG_test.svg,
      /tmp/xs2HrrngS-599DUA1qeDI,
      /tmp/com.google.Chrome.3eQkiF,
      /tmp/Yl1m9ho7uezZuuqZquROl,
      /tmp/magellan-ai-tooling-VQinsB,
      /tmp/AZjdn0WAN0GAquUTrWqL5,
      /tmp/magellan-doctor-JSiYpJ,
      /tmp/6YP6VY_zaqG1PwdArEJAj,
      /tmp/brief_tests.sh,
      /tmp/phpunit_icon_93gat8i033dq7rWXVKb_test.svg,
      /tmp/magellan-ai-tooling-QepPqL,
      /tmp/.org.chromium.Chromium.hVdoJE,
      /tmp/tomcat.0.13013256902662957883,
      /tmp/magellan-ai-tooling-7mXOUz,
      /tmp/magellan-ai-tooling-AxNuAK,
      /tmp/magellan-ai-tooling-dhgMwC,
      /tmp/magellan-ai-tooling-GxfDsu,
      /tmp/magellan-ai-tooling-SE7kQB,
      /tmp/.org.chromium.Chromium.2oTn69,
      /tmp/phpunit_icon_efq4or5h0s2q2WMJNkS_test.svg,
      /tmp/magellan-run-ledger-8VrvgG,
      /tmp/phpunit_icon_ltf4m28qbr7scwi4dW5,
      /tmp/magellan-run-ledger-MZOx0b,
      /tmp/tmp.J2h67jPu1p,
      /tmp/tmp.63RC0DpeZO,
      /tmp/phpunit_icon_bv5i4vo151bd7cGFXSY,
      /tmp/magellan-package-xDk1Zf,
      /tmp/blog_cache_bad_e8fdkfkitiimdIhCdtN,
      /tmp/intro.html.bak,
      /tmp/phpunit_icon_34lhehl8j32bfk1H0lO,
      /tmp/magellan-ai-tooling-v5gebh,
      /tmp/magellan-skill-validator-oe9aiM,
      /tmp/blog_cache_bad_o68tkruvqmqsblonq5i,
      /tmp/magellan-skill-validator-Hm0ptP,
      /tmp/magellan-ai-tooling-tCXicR,
      /tmp/com.google.Chrome.VtbTwM,
      /tmp/.org.chromium.Chromium.iOvoD6,
      /tmp/phpunit_icon_152iv1akpnhbfBohqJN_test.png,
      /tmp/l7zmKmxuWBEiicVrPTbGJ,
      /tmp/magellan-ai-tooling-DHrBY4,
      /tmp/compare-green,
      /tmp/tmp.rMdoM1qgNi,
      /tmp/NINIGIlTOdrMVlF4b05R_,
      /tmp/magellan-ai-tooling-hzteUI,
      /tmp/phpunit_icon_4jfa77a1tpqh9tanUHp_test.png,
      /tmp/tmp.WfJdd6zurF,
      /tmp/magellan-ai-tooling-bjno4f,
      /tmp/kotlin-daemon.2026-09-09.00-27-58-734.00.log,
      /tmp/EzwCBUfXDE5yVyb7g_rwZ,
      /tmp/magellan-ai-tooling-RG1vUQ,
      /tmp/sbrt.jar,
      /tmp/magellan-run-ledger-Fvbqw9,
      /tmp/Sy798W6_AHQ4BHhtDuk58,
      /tmp/magellan-ai-tooling-qhHTPM,
      /tmp/tomcat.0.3997815342147500441,
      /tmp/magellan-ai-tooling-YKkcne,
      /tmp/kivvi-archunit.log,
      /tmp/phpunit_icon_d26ticqf8g6mbzauitV,
      /tmp/magellan-ai-tooling-Fna6Qf,
      /tmp/tomcat.0.3108741149002345783,
      /tmp/phpunit_icon_uojfd6gqr3mu9OEshDj_test.svg,
      /tmp/playwright_chromiumdev_profile-jvmgsF,
      /tmp/magellan-skill-validator-BShxnM,
      /tmp/y-fWj9N4Yho-kCqbYCidI,
      /tmp/magellan-ai-tooling-BocNXi,
      /tmp/repair-verify2.log,
      /tmp/kotlin-daemon.2026-09-08.17-11-53-404.01.log,
      /tmp/magellan-ai-tooling-CyORMJ,
      /tmp/G5bCKNbJ-g5FBjsZgV_Aj,
      /tmp/brief-migration-waves.md,
      /tmp/tmp.rpPLqV2MXO,
      /tmp/magellan-ai-tooling-0yHRjN,
      /tmp/xfs-843a5734,
      /tmp/P0rDDg44wzhhCpLEKleJN,
      /tmp/magellan-skill-validator-vJBdNA,
      /tmp/magellan-ai-tooling-Ig04p5,
      /tmp/xfs-0ac8415a,
      /tmp/tomcat-docbase.0.15236300912305688671,
      /tmp/xfs-8b997cdc,
      /tmp/magellan-run-ledger-dcSquR,
      /tmp/magellan-package-sw2l8z,
      /tmp/K5LPiqYVmkgCU1HBNSF1L,
      /tmp/magellan-ai-tooling-z0E3wn,
      /tmp/phpunit_icon_tpmlouk611v0cPdKnB3_test.svg,
      /tmp/probe-setcontent.mjs,
      /tmp/magellan-skill-validator-ZXd1s5,
      /tmp/tmp.fhKedCQUHY,
      /tmp/xfs-e8bfbc0e,
      /tmp/magellan-ai-tooling-XnkW78,
      /tmp/magellan-ai-tooling-6an1Rr,
      /tmp/tmp.Luw8AIE3fs,
      /tmp/magellan-ai-tooling-HWzTDs,
      /tmp/phpunit_icon_j7a49d5gd0e99gD4qD7_test.svg,
      /tmp/magellan-ai-tooling-oBUcRh,
      ...
      /tmp/magellan-ai-tooling-fX2wey,
      /tmp/S38QWr7jz4Fb2eoFrgUnK,
      /tmp/compare-green3,
      /tmp/compare-green2,
      /tmp/oms-import-upload-test-10464137999357019359,
      /tmp/magellan-skill-validator-9e4gTF,
      /tmp/tmp.CA8TTrjGlz,
      /tmp/HAoXLHRZ4-4GggQ8Pxs2i,
      /tmp/magellan-ai-tooling-JabSuf,
      /tmp/xfs-dbc75dad,
      /tmp/magellan-ai-tooling-OvVktC,
      /tmp/FVzTvjTEHpAvGweXMrTeA,
      /tmp/magellan-ai-tooling-ze5SlH,
      /tmp/blog_cache_bad_lmse5jbvccub7Uy7KY1,
      /tmp/kivvi-import-3JPd5f,
      /tmp/magellan-ai-tooling-1SUltv,
      /tmp/magellan-skill-validator-bDIINt,
      /tmp/tmp.N9JMBu6g43,
      /tmp/magellan-skill-validator-XWUq7M,
      /tmp/legacy-connection-config-cleanup4070273036554720963,
      /tmp/magellan-skill-validator-qbOLwV,
      /tmp/magellan-skill-validator-rrZK15,
      /tmp/chipcheck.mjs,
      /tmp/.bun-1000-61c01c5e5cdf6745.node,
      /tmp/phpunit_icon_b5a0eidaklevfhrxgkB,
      /tmp/psQsXQwTdwL_WAE311IsJ,
      /tmp/tmp.0hP8OuznbP,
      /tmp/DQLQVpON8QzBUAzl5Gzgh,
      /tmp/o0wKl_1roIL7WvOw245SE,
      /tmp/magellan-skill-validator-SM3qUp,
      /tmp/tmp.guTZqzgP90,
      /tmp/magellan-ai-tooling-nyfwhN,
      /tmp/magellan-ai-tooling-QQi5Hx,
      /tmp/cards-hmskVd,
      /tmp/57iHUUwdi4O5Rqt-KC6cM,
      /tmp/phpunit_icon_ng6cadth7o748uhq9mX_test.svg,
      /tmp/x.jar,
      /tmp/magellan-skill-validator-QqTaSN,
      /tmp/Ljra7qLwanPPD7oKalTAT,
      /tmp/magellan-run-ledger-2nS3UW,
      /tmp/magellan-ai-tooling-ipbPBM,
      /tmp/magellan-ai-tooling-wtjn1p,
      /tmp/magellan-ai-tooling-t6o9Xs,
      /tmp/magellan-ai-tooling-wu4k0g,
      /tmp/magellan-ai-tooling-DkwW5J,
      /tmp/WQ38kNBuTANO3pzfQ5qlk,
      /tmp/playwright_chromiumdev_profile-yp21f7,
      /tmp/blog_cache_test_dqk6beqifqsg6hmD2bL,
      /tmp/npmci-e2e.log,
      /tmp/kivvi-spotless-check2.log,
      /tmp/wacc.html,
      /tmp/hsperfdata_muszkin,
      /tmp/magellan-ai-tooling-kb7Q1Y,
      /tmp/magellan-skill-validator-oV8znI,
      /tmp/magellan-ai-tooling-fuK02A,
      /tmp/playwright_chromiumdev_profile-zJQOHj,
      /tmp/blog_cache_test_tu5996o1nftqb39qB4x,
      /tmp/magellan-ai-tooling-ZIKJmZ,
      /tmp/magellan-package-TfDugU,
      /tmp/tmp.vp4txp6SCe,
      /tmp/tmp.q2mLDgOOco,
      /tmp/tmp.sLDkLpG7IL,
      /tmp/magellan-ai-tooling-L40Chq,
      /tmp/cards-bltuqk,
      /tmp/lintout2.txt,
      /tmp/tmp.LUPfvrzws3,
      /tmp/blog_cache_test_pfi9h5d16c6f71fxPyI,
      /tmp/magellan-skill-validator-gUj8hH,
      /tmp/magellan-package-ztLs82,
      /tmp/magellan-ai-tooling-Pw1Itk,
      /tmp/tmp.ojM12J1IZ0,
      /tmp/tmp.bNT5pCidRe,
      /tmp/magellan-ai-tooling-GpBQqs,
      /tmp/magellan-ai-tooling-9dhlhR,
      /tmp/tomcat.0.11379351321697743217,
      /tmp/tmp.FR2kfDRMNl,
      /tmp/magellan-ai-tooling-QCOEcy,
      /tmp/magellan-ai-tooling-ZnhXK7,
      /tmp/phpunit_icon_1bfrskvrjgfnfknQtR4,
      /tmp/magellan-skill-hash-2JwML6,
      /tmp/tomcat.0.5844582709754587913,
      /tmp/magellan-ai-tooling-aJmtqi,
      /tmp/magellan-skill-validator-PTy2TW,
      /tmp/phpunit_icon_9jrk8421a3g70e5iPMC_test.svg,
      /tmp/magellan-ai-tooling-qnBQSq,
      /tmp/.org.chromium.Chromium.v7EeeG,
      /tmp/phpunit_icon_uojfd6gqr3mu9OEshDj,
      /tmp/magellan-skill-validator-xYPjJb,
      /tmp/magellan-ai-tooling-P4Vm0l,
      /tmp/magellan-skill-validator-eWiJ3W,
      /tmp/yYf-rpdmIBvbu8y2DD3Iz,
      /tmp/magellan-ai-tooling-eNvSJu,
      /tmp/magellan-ai-tooling-hZSuc7,
      /tmp/tmp.PaiHsh2nrA,
      /tmp/8nucjxdxgptfKlST3axyo,
      /tmp/xfs-b639d690,
      /tmp/oms-import-upload-test-4175021506802926423,
      /tmp/magellan-run-ledger-a6UPfo,
      /tmp/tmp.4dDvyEOjiN,
      /tmp/magellan-ai-tooling-w6NgY1,
      /tmp/magellan-skill-validator-bj4n4M,
      /tmp/blog_cache_test_thngidoqcrh33KIKeXb,
      /tmp/ou.bak,
      /tmp/magellan-skill-validator-04Ab2M,
      /tmp/phpunit_icon_s2g9e6g32irp55iFI7q_test.svg,
      /tmp/blog_cache_test_24m7ou9ho3939ALGZA0,
      /tmp/card.css.bak,
      /tmp/cX8rYrldqLTTUA2HWx4ah,
      /tmp/magellan-ai-tooling-6378B2,
      /tmp/tmp.kEVimXspWT,
      /tmp/tmp.NEN12VcmVU,
      /tmp/magellan-doctor-Wq2iBT,
      /tmp/playwright-artifacts-ClHwCm,
      /tmp/kotlin-daemon.2026-09-03.12-26-21-154.02.log,
      /tmp/kotlin-daemon.2026-09-08.17-11-53-404.00.log,
      /tmp/tmp.kMNbXWAoD1,
      /tmp/blog_cache_bad_n6ck8q4tp7b2daJI1Hu,
      /tmp/tomcat.0.6221271181847396549,
      /tmp/magellan-ai-tooling-0mmjNL,
      /tmp/12H_0FHPBKXV9evjyWP5Y,
      /tmp/magellan-ai-tooling-XblNcJ,
      /tmp/kivvi-import-B7UXDW,
      /tmp/blog_cache_test_3dkgd7ejaall7iMpXBT,
      /tmp/magellan-ai-tooling-DjWVDF,
      /tmp/JwzGySkeDp3-o54P_bGex,
      /tmp/tmp.qbnYKOovew,
      /tmp/IOzVETrfRpSQV4g6py--h,
      /tmp/magellan-ai-tooling-K8k7ML,
      /tmp/playwright-download-vmdceE,
      /tmp/magellan-ai-tooling-qRRCRv,
      /tmp/phpunit_icon_vj1m1d45ma70eZN5Q6f_test.svg,
      /tmp/sbsp.pom,
      /tmp/8XNJZPhxzhfDvraWsCCmo,
      /tmp/magellan-ai-tooling-IHDUXL,
      /tmp/com.google.Chrome.4VZYTx,
      /tmp/sscore,
      /tmp/phpunit_icon_poj0kp1q55r96GzEw47_test.svg,
      /tmp/tmp.8PQNj9Mh5o,
      /tmp/xfs-5ffca78e,
      /tmp/tmp.JfYdRbVrBu,
      /tmp/tmp.pOnlBVICdd,
      /tmp/run-settings-2.log,
      /tmp/EE41BJo-gCotkJiuLINRX,
      /tmp/magellan-ai-tooling-bpVADF,
      /tmp/.org.chromium.Chromium.LVQU7l,
      /tmp/tmp.7210Ric7kF,
      /tmp/JtltlZDQhAPm8b1ef6VUd,
      /tmp/red-compare-output.txt,
      /tmp/magellan-run-ledger-mN2woM,
      /tmp/magellan-ai-tooling-UwRJpj,
      /tmp/tmp.2nUq1t2Ovq,
      /tmp/magellan-doctor-EI0toW,
      /tmp/q4ojfDWK96AM_Dq-edGmZ,
      /tmp/magellan-skill-validator-fs1tnT,
      /tmp/magellan-ai-tooling-iRbYBY,
      /tmp/npm-test.log,
      /tmp/magellan-ai-tooling-v4NY1b,
      /tmp/kotlin-daemon.2026-09-03.12-13-19-122.00.log,
      /tmp/magellan-ai-tooling-jpeZDn,
      /tmp/magellan-run-ledger-nb65Bm,
      /tmp/magellan-ai-tooling-0g2PQP,
      /tmp/magellan-ai-tooling-1m9RBr,
      /tmp/com.google.Chrome.512hiL,
      /tmp/magellan-skill-validator-kcmVj5,
      /tmp/hcs.jar,
      /tmp/xfs-31eef04e,
      /tmp/zQWyaOaHkLQQHzyeYpOei,
      /tmp/.org.chromium.Chromium.ESwcXy,
      /tmp/magellan-ai-tooling-c3BZGZ,
      /tmp/magellan-ai-tooling-vTatrp,
      /tmp/tmp.s66QocKLY6,
      /tmp/g_aria.mp3,
      /tmp/magellan-skill-hash-8UqCkr,
      /tmp/tmp.haI5qZziFX,
      /tmp/blog_cache_bad_l36t9d1irjcl2Rlw0WM,
      /tmp/phpunit_icon_u78o3m4gfkfjesOM1tJ_test.svg,
      /tmp/tmp.sUK8Amcwvq,
      /tmp/magellan-ai-tooling-fXE1ip,
      /tmp/ssj,
      /tmp/magellan-ai-tooling-e5g1ld,
      /tmp/magellan-skill-validator-T0pf7C,
      /tmp/magellan-ai-tooling-fHQmuS,
      /tmp/mvn-verify-final.log,
      /tmp/tmp.JDgNkYV2HD,
      /tmp/tmp.H3FNEn4JTG,
      /tmp/blog_cache_test_bt44c2ajg9ej4mDz3aO,
      /tmp/magellan-skill-validator-CyyqYh,
      /tmp/magellan-ai-tooling-8mUM9F,
      /tmp/kotlin-daemon.2026-09-03.10-39-36-299.00.log,
      /tmp/magellan-ai-tooling-VIWkdm,
      /tmp/phpunit_icon_j0avn9ib5d7q6S84SOy,
      /tmp/magellan-skill-validator-sJxoZW,
      /tmp/4nGv_OOhn_hJJtl6x4gMJ,
      /tmp/magellan-run-ledger-zNODhl,
      /tmp/tts_gw.mp3,
      /tmp/magellan-ai-tooling-Uxyi3H,
      /tmp/qT6q052ckXErAkDjkPdL2,
      /tmp/phpunit_icon_6a1b1trkjkhge1eTlmb,
      /tmp/FErmnATvFURxdtINUPTJ1,
      /tmp/xfs-fa9fb560,
      /tmp/W6VqgtSWbd2ZW4epCc9dN,
      /tmp/OPVl5hfRsCj9QKG3Zn0H8,
      /tmp/hcsx,
      /tmp/magellan-run-ledger-tiYkip,
      /tmp/magellan-ai-tooling-Hjy4Mi,
      /tmp/pio69-owner-meldunki.png,
      /tmp/magellan-skill-validator-9RWDPa,
      /tmp/oms-import-upload-test-13783980319145842209,
      /tmp/magellan-ai-tooling-nyqV3P,
      /tmp/x6WjT0_T18,
      /tmp/tmp.CXPY0JnAHj,
      /tmp/phpunit_icon_b3b1huln8f9b0LZTc2Q,
      /tmp/-Zn0G-lOeVGOVyo-77KAe,
      /tmp/playwright_chromiumdev_profile-wP3pd9,
      /tmp/phpunit_icon_baq1crf42fm2fmfJ32E_test.png,
      /tmp/magellan-ai-tooling-53VsIx,
      /tmp/rvw_route.sh,
      /tmp/6vw22GigeHznxNaTxpbWO,
      /tmp/06osSZe9UFd2mnLSwny9Y,
      /tmp/phpunit_icon_g5vio10pf7umegIME5w_test.svg,
      /tmp/magellan-ai-tooling-PCT220,
      /tmp/magellan-ai-tooling-eTlkxj,
      /tmp/blog_cache_bad_ugh7eeel31va6Nw1YoS,
      /tmp/magellan-ai-tooling-M0TG90,
      /tmp/qwI2FPYtdgqWRwscMYtKS,
      /tmp/com.google.Chrome.3zvx71,
      /tmp/phpunit_icon_aghm8cgbg3rm5okw8gR,
      /tmp/mig.err,
      /tmp/magellan-ai-tooling-kbWTkm,
      /tmp/xfs-b1aa1eab,
      /tmp/magellan-ai-tooling-uXp4B2,
      /tmp/magellan-ai-tooling-wGyXM7,
      /tmp/kotlin-daemon.2026-09-03.13-17-56-379.02.log,
      /tmp/phpunit_icon_03d8jpfrsbr78T68hAk,
      /tmp/magellan-ai-tooling-qpJDPd,
      /tmp/magellan-ai-tooling-ZQC4ER,
      /tmp/tomcat.0.923194418744347508,
      /tmp/tomcat.0.2514771598368017120,
      /tmp/ZxEYyBt262YgCqrUf2-4L,
      /tmp/tmp.SJOAQTwTLt,
      /tmp/phpunit_icon_2h2bno52i2nt8uUE3gq_test.png,
      /tmp/phpunit_icon_a9t6499g4orce7EvI6H,
      /tmp/new_overlay.ts,
      /tmp/magellan-ai-tooling-DrC2kz,
      /tmp/magellan-ai-tooling-X6ci4t,
      /tmp/jiti,
      /tmp/magellan-skill-validator-2zwudw,
      /tmp/magellan-ai-tooling-bQudWD,
      /tmp/kotlin-daemon.2026-09-03.11-12-34-140.00.log,
      /tmp/tQZmGWvBJLNfye4o3MAFp,
      /tmp/tomcat.0.14327450218833790791,
      /tmp/tmp.zRY65u9clR,
      /tmp/lintout.log,
      /tmp/tmp.7WFVAZkLHa,
      /tmp/magellan-ai-tooling-muqQsj,
      /tmp/magellan-ai-tooling-8HCmP8,
      /tmp/com.google.Chrome.l62aea,
      /tmp/tmp.9IWNz7qVgN,
      /tmp/magellan-ai-tooling-kG8jqy,
      /tmp/y_cBZ_uK_kWJm6HgfqTtG,
      /tmp/dbprfIGL2g6OfDenifhKN,
      /tmp/tmp.9RKT1LWnmn,
      /tmp/magellan-ai-tooling-5z9BAC,
      /tmp/magellan-ai-tooling-PUFYMz,
      /tmp/magellan-ai-tooling-vx0A4J,
      /tmp/magellan-run-ledger-qOjl0j,
      /tmp/magellan-ai-tooling-C7owy2,
      /tmp/magellan-skill-validator-3teCpW,
      /tmp/.org.chromium.Chromium.0noOFV,
      /tmp/verify3.log,
      /tmp/ilvnUx0Bcl3EMja4hHqoW,
      /tmp/tmp.yJVyngAGBy,
      /tmp/magellan-ai-tooling-CZeCFx,
      /tmp/magellan-ai-tooling-GEeKbp,
      /tmp/magellan-skill-validator-Htq3Dz,
      /tmp/playwright_chromiumdev_profile-rbcPo0,
      /tmp/blog_cache_test_vi1ardhqvier22yJuXv,
      /tmp/magellan-ai-tooling-XyrOa5,
      /tmp/a11y_diff_3.txt,
      /tmp/magellan-ai-tooling-mm0nqn,
      /tmp/magellan-skill-validator-Qnuqxb,
      /tmp/xfs-9d33bb9a,
      /tmp/magellan-ai-tooling-RLTANG,
      /tmp/xfs-802fc1f1,
      /tmp/v_en.mp3,
      /tmp/pQglK0hjk4sl2Hs4I9jVl,
      /tmp/magellan-skill-validator-WbrFru,
      /tmp/phpunit_icon_1hhcaf0j31iu3Q2GkFZ,
      /tmp/magellan-skill-validator-caSUHu,
      /tmp/magellan-ai-tooling-XqVVHA,
      /tmp/magellan-ai-tooling-UZTL9h,
      /tmp/magellan-package-y78Rvp,
      /tmp/magellan-run-ledger-lheY1Y,
      /tmp/phpunit_icon_mdtiiedptms1cexXhZA,
      /tmp/magellan-ai-tooling-NYURbu,
      /tmp/magellan-ai-tooling-el0hX5,
      /tmp/magellan-ai-tooling-QGE0Yg,
      /tmp/sc.bak,
      /tmp/BRY-jYDT448BSqkA07dVt,
      /tmp/magellan-ai-tooling-0Z3hSM,
      /tmp/magellan-ai-tooling-rae2pP,
      /tmp/phpunit_icon_93gat8i033dq7rWXVKb,
      /tmp/magellan-skill-validator-blrmti,
      /tmp/phpunit_icon_87kgd1t98lhf1JzJcZl,
      /tmp/magellan-ai-tooling-LylMNg,
      /tmp/.org.chromium.Chromium.EgUIVq,
      /tmp/magellan-skill-validator-7l0WUp,
      /tmp/tmp.GtHow32UJb,
      /tmp/magellan-skill-validator-TtbtVr,
      /tmp/tmp.U4uxpiHyta,
      /tmp/magellan-ai-tooling-8NRJnb,
      /tmp/magellan-ai-tooling-Fbq254,
      /tmp/magellan-skill-validator-TBYNp4,
      /tmp/magellan-skill-validator-W0M8rf,
      /tmp/magellan-ai-tooling-gNuf23,
      /tmp/tmp.p09txKF2UG,
      /tmp/kivvi-import-bCUMO8,
      /tmp/phpunit_icon_1eod6fiu79l596IApCz_test.svg,
      /tmp/magellan-skill-validator-7zoduU,
      /tmp/magellan-ai-tooling-6TfFRz,
      /tmp/phpunit_icon_a5eqsbekagrr3bYtplC,
      /tmp/phpunit_icon_i03jcj4970bu1IpKOMh_test.png,
      /tmp/phpstan,
      /tmp/magellan-ai-tooling-Eq6hEV,
      /tmp/kotlin-daemon.2026-09-08.23-25-17-868.00.log,
      /tmp/.org.chromium.Chromium.HCPmKO,
      /tmp/magellan-skill-validator-awM3yK,
      /tmp/.X11-unix,
      /tmp/build-reformatted.log,
      /tmp/magellan-skill-hash-GqhB2g,
      /tmp/magellan-ai-tooling-aJKzoq,
      /tmp/node-compile-cache,
      /tmp/tmp.15Y0vO6kTy,
      /tmp/magellan-run-ledger-jwhgQl,
      /tmp/magellan-skill-validator-UUxcZd,
      /tmp/gate-contract.txt,
      /tmp/.org.chromium.Chromium.7tMm1f,
      /tmp/tmp.DzGPUMfnLc,
      /tmp/magellan-ai-tooling-3vgfmt,
      /tmp/compose-up2.log,
      /tmp/phpunit_icon_5cs0gc5kkiiibpzntZb_test.svg,
      /tmp/magellan-ai-tooling-Vd25Jy,
      /tmp/legacy-connection-config-cleanup7716071123686562427,
      /tmp/magellan-skill-validator-gdhnxI,
      /tmp/TsPvAMiHFadz2ZNSSSqHR,
      /tmp/xfs-4c034394,
      /tmp/magellan-ai-tooling-qSSZPK,
      /tmp/phpunit_icon_c31j9sp2grluaLWxLsH_test.png,
      /tmp/magellan-ai-tooling-0ycJwA,
      /tmp/magellan-ai-tooling-r5gUsV,
      /tmp/magellan-ai-tooling-qgpFkW,
      /tmp/magellan-ai-tooling-XvL0tH,
      /tmp/magellan-ai-tooling-sXMLfF,
      /tmp/magellan-ai-tooling-Dtm8jq,
      /tmp/magellan-skill-validator-DFS4th,
      /tmp/cards-zu9DJ6,
      /tmp/magellan-skill-validator-Bng1Qe,
      /tmp/magellan-ai-tooling-XADo98,
      /tmp/phpunit_icon_eq7ulv7h1aca7di9G52,
      /tmp/magellan-run-ledger-qLzHg3,
      /tmp/phpunit_icon_34lhehl8j32bfk1H0lO_test.png,
      /tmp/magellan-ai-tooling-VffASU,
      /tmp/hh406DbkFEcMtfJaswFrO,
      /tmp/magellan-ai-tooling-eFJAnw,
      /tmp/7tm4pqUWHgk3X_FNQGoTx,
      /tmp/pio69-owner-zapytania.png,
      /tmp/magellan-skill-validator-yhy7DK,
      /tmp/PqVZB2_9BlFLVnF2TvSMA,
      /tmp/T21-jAhpIHUxZmJ5dqDMo,
      /tmp/run-navigation-4.log,
      /tmp/brief_build.sh,
      /tmp/probe3.sh,
      /tmp/magellan-skill-validator-Imu9tS,
      /tmp/events.html,
      /tmp/magellan-skill-validator-YYigAU,
      /tmp/magellan-ai-tooling-5jP2Ir,
      /tmp/phpunit_icon_9062pg5896tkbVtISTC,
      /tmp/magellan-ai-tooling-oO2hGG,
      /tmp/lintout.txt,
      /tmp/magellan-ai-tooling-PZo0kd,
      /tmp/magellan-skill-validator-BqRvdp,
      /tmp/phpunit_icon_2nojpqmmbglp7F34MFM_test.png,
      /tmp/sbd2.pom,
      /tmp/magellan-ai-tooling-OkVKsD,
      /tmp/cards-NTrF2h,
      /tmp/phpunit_icon_o2ki8euh8kiu5N5ZDvT_test.svg,
      /tmp/LRVt_OwTHT9dQEggibVBr,
      /tmp/F7D0ESBGBJ0uqAB9IVrhb,
      /tmp/blog_cache_test_njlvajt5i0v76cIyIqC,
      /tmp/phpunit_icon_kf1qppk1qa19dJctJfY_test.svg,
      /tmp/o8MdYtWx3WSgYLU3pvTHT,
      /tmp/magellan-skill-validator-SAlJWQ,
      /tmp/.org.chromium.Chromium.nMwGXy,
      /tmp/magellan-run-ledger-aWiaUF,
      /tmp/new_pw_config.ts,
      /tmp/phpunit_icon_6irr4pnn590sfFGlnzf,
      /tmp/magellan-ai-tooling-3rGFoy,
      /tmp/magellan-skill-validator-OQXUKX,
      /tmp/blog_cache_test_tr0k9ef77ictc5sgpDJ,
      /tmp/magellan-skill-validator-O7UncK,
      /tmp/legacy-topic-cleanup1560166879453181239,
      /tmp/_COC6USh-O_qBt_vbdTdc,
      /tmp/magellan-run-ledger-OYuwyC,
      /tmp/magellan-ai-tooling-7Hnovn,
      /tmp/OwMEJrAV9CjwqhnzYiSfw,
      /tmp/magellan-ai-tooling-DIb7A4,
      /tmp/cards-ixohhn,
      /tmp/kotlin-daemon.2026-09-08.23-05-34-322.00.log,
      /tmp/tmp.UaEK1Sb52v,
      /tmp/tmp.AGGMnNFope,
      /tmp/magellan-ai-tooling-bGhWye,
      /tmp/tmp.xuuO1MCotG,
      /tmp/HTvBSUNaJLARk38R_F2m6,
      /tmp/magellan-skill-validator-LuSh72,
      /tmp/oms-import-upload-test-10396035785079936530,
      /tmp/tmp.vUPG4VDfbo,
      /tmp/v-ocHHBDMRpk_N5dovE-g,
      /tmp/magellan-ai-tooling-idhWZF,
      /tmp/magellan-ai-tooling-LosLiJ,
      /tmp/run-public.log,
      /tmp/kotlin-daemon.2026-09-09.00-12-55-314.00.log,
      /tmp/magellan-ai-tooling-tNBtAS,
      /tmp/magellan-ai-tooling-t2t78i,
      /tmp/magellan-skill-validator-sXh2r0,
      /tmp/.bun-1000-b8b4789fcd6de580.node,
      /tmp/magellan-ai-tooling-diKW8C,
      /tmp/magellan-ai-tooling-vddW3m,
      /tmp/magellan-run-ledger-oYBVql,
      /tmp/tmp.puzRt4pWxi,
      /tmp/I_XJVwKKSXRzzhUTVQR_o,
      /tmp/phpunit_icon_hp4t81g0b2vu2KuhQEF_test.svg,
      /tmp/run-events.log,
      /tmp/repro5-step1.png,
      /tmp/compare-run1.log,
      /tmp/com.google.Chrome.LodUEd,
      /tmp/phpunit_icon_9062pg5896tkbVtISTC_test.svg,
      /tmp/run-editors-email.log,
      /tmp/magellan-ai-tooling-ikz9AS,
      /tmp/systemd-private-69eb74b91a084dd08b9f790575f5873e-systemd-logind.service-btRI6i,
      /tmp/blog_cache_bad_9hnr4je0cko4ce7Ac3a,
      /tmp/magellan-ai-tooling-FMxBUK,
      /tmp/kivvi-import-zcnSpw,
      /tmp/magellan-skill-validator-NrcQI7,
      /tmp/magellan-ai-tooling-hweert,
      /tmp/tmp.DzZ7mKXlri,
      /tmp/magellan-ai-tooling-eR0Gfs,
      /tmp/magellan-ai-tooling-AiZXZB,
      /tmp/pio69-owner-uslugi-dodatkowe.png,
      /tmp/magellan-skill-validator-kbvP30,
      /tmp/magellan-ai-tooling-1pNCwf,
      /tmp/kivvi-mvn-verify.log,
      /tmp/magellan-skill-validator-X0FiGo,
      /tmp/magellan-ai-tooling-4qo2BT,
      /tmp/magellan-skill-validator-O1qIOy,
      /tmp/tmp.1jWBquK4M3,
      /tmp/magellan-ai-tooling-Eexo5G,
      /tmp/magellan-ai-tooling-AV7bxf,
      /tmp/magellan-ai-tooling-3uXH3B,
      /tmp/magellan-ai-tooling-GOhkq7,
      /tmp/magellan-skill-validator-ym7mOW,
      /tmp/magellan-run-ledger-Ld5hSg,
      /tmp/magellan-ai-tooling-q640KJ,
      /tmp/magellan-skill-validator-3cgFD3,
      /tmp/oms-import-upload-test-4222195753883059379,
      /tmp/magellan-skill-validator-xH1177,
      /tmp/magellan-ai-tooling-mGzJzL,
      /tmp/cards-BVJDPv,
      /tmp/.org.chromium.Chromium.xhbQoM,
      /tmp/magellan-ai-tooling-Pjw1cy,
      /tmp/magellan-run-ledger-B0MZ2G,
      /tmp/cards-XyZ2aD,
      /tmp/xfs-9e22b6ca,
      /tmp/phpunit_icon_5lfab3l1t6nk9KeuQ8y,
      /tmp/magellan-ai-tooling-AUbMIV,
      /tmp/aws-serverless-mcp-server-deployments,
      /tmp/magellan-ai-tooling-5D0i94,
      /tmp/Rm6jXaJ7kJYO2-0-U5_Nq,
      /tmp/magellan-ai-tooling-h4BkXL,
      /tmp/tmp.gZe5uU2qU9,
      /tmp/tmp.BGbplanMFN,
      /tmp/magellan-skill-validator-NAl9nO,
      /tmp/1_FS1UUhYfiUwPjHcY-OK,
      /tmp/magellan-skill-validator-603Oeb,
      /tmp/magellan-ai-tooling-rHiudE,
      /tmp/magellan-run-ledger-rPjmuI,
      /tmp/magellan-skill-validator-MIMsLT,
      /tmp/kotlin-daemon.2026-09-03.10-29-37-791.00.log,
      /tmp/vite3.log,
      /tmp/PiXbxMASONBAGzEVTNOyj,
      /tmp/FrT1iBPk4dKTGmu0bTSC8,
      /tmp/inv.txt,
      /tmp/magellan-skill-validator-BGQjSs,
      /tmp/magellan-ai-tooling-qExFdU,
      /tmp/texts_diff_5.txt,
      /tmp/magellan-ai-tooling-Ly4v3z,
      /tmp/magellan-ai-tooling-OBOtEz,
      /tmp/blog_cache_test_otbf8nvll6rp760EyPu,
      /tmp/static-arch.txt,
      /tmp/magellan-run-ledger-H2OlfW,
      /tmp/4YNg_H-eZaVGPsyHxs8Pb] (HashSet@57bc2c06)
 but was: 
  [/tmp/6Jd1DlzaKjpPBiKnC6xKi,
      /tmp/probe-scm.spec.ts,
      /tmp/magellan-ai-tooling-5rUwr2,
      /tmp/-d19JMqLvPxVQwXta82op,
      /tmp/-UAeNojEWnaT8ca3pZkVo,
      /tmp/magellan-ai-tooling-95390J,
      /tmp/magellan-skill-validator-mTLzcO,
      /tmp/NTU55_xc0oNspUQJQiO-G,
      /tmp/magellan-skill-validator-dWxlD5,
      /tmp/fe-format.log,
      /tmp/magellan-ai-tooling-WTjGX4,
      /tmp/magellan-skill-validator-6LS4dG,
      /tmp/tmp.WtBYox61Xv,
      /tmp/magellan-ai-tooling-kgytCR,
      /tmp/magellan-run-ledger-DVn20c,
      /tmp/magellan-ai-tooling-txmqYs,
      /tmp/jackson3extracted,
      /tmp/magellan-ai-tooling-dbTuao,
      /tmp/magellan-ai-tooling-h09lfP,
      /tmp/magellan-skill-validator-A9wP9a,
      /tmp/bBGD5G54DXXP89-ElTSSV,
      /tmp/tgok,
      /tmp/magellan-ai-tooling-J4tJca,
      /tmp/wsdl-muszkin-009802e8258a97421c19a4db9ffbc5909d,
      /tmp/tomcat.0.12933269001933063341,
      /tmp/wk3.html,
      /tmp/magellan-ai-tooling-AtxtwK,
      /tmp/expected_spec.ts,
      /tmp/magellan-skill-validator-fqiIlu,
      /tmp/magellan-ai-tooling-4B4ME0,
      /tmp/magellan-skill-validator-MAfdAp,
      /tmp/surefire-muszkin,
      /tmp/blog_cache_bad_ih4kev2fthl1dAGpykb,
      /tmp/phpunit_icon_c31j9sp2grluaLWxLsH,
      /tmp/magellan-ai-tooling-xzwJ9J,
      /tmp/cards-6NZ9LU,
      /tmp/systemd-private-69eb74b91a084dd08b9f790575f5873e-apache2.service-YG2xej,
      /tmp/magellan-doctor-BkWnqu,
      /tmp/oms-import-upload-test-15725652361609430822,
      /tmp/magellan-skill-validator-fewAB3,
      /tmp/oms-import-upload-test-6072084074402011712,
      /tmp/eTEwtbjB_O4M4lnxcSm24,
      /tmp/magellan-run-ledger-qk3car,
      /tmp/magellan-skill-validator-DdDh9x,
      /tmp/magellan-skill-validator-hLKQEb,
      /tmp/phpunit_icon_5d8uv632a1p06SAesFl_test.svg,
      /tmp/tmp.UwjGzdkk7y,
      /tmp/com.google.Chrome.RSyyo8,
      /tmp/expected_probe.html,
      /tmp/magellan-doctor-Qwl4RO,
      /tmp/xfs-b429ad6d,
      /tmp/tmp.2Nqlk7SCDp,
      /tmp/magellan-package-XzqsKz,
      /tmp/magellan-skill-validator-9NO3uX,
      /tmp/kivvi-import-Yl5rpy,
      /tmp/phpunit_icon_poj0kp1q55r96GzEw47,
      /tmp/magellan-ai-tooling-ZxruX7,
      /tmp/magellan-doctor-MHwOvq,
      /tmp/magellan-ai-tooling-ov18Bi,
      /tmp/pio69-owner-klienci.png,
      /tmp/magellan-ai-tooling-HGwhqw,
      /tmp/magellan-skill-hash-LEZaOc,
      /tmp/playwright_chromiumdev_profile-u3axq4,
      /tmp/tomcat-docbase.0.2556656012443908584,
      /tmp/KNA-jY4d1lzpm_GIp4Sgn,
      /tmp/QWHEmemvdTvjSgHe1vjmq,
      /tmp/tomcat.0.3536273182701927825,
      /tmp/probe-out,
      /tmp/kNYqkhfZoj52yzOLDBFBQ,
      /tmp/.org.chromium.Chromium.hHrrqz,
      /tmp/nhfzWor3gfkEb2Fr9uq79,
      /tmp/oms-import-upload-test-14807285522560254791,
      /tmp/tmp.tc0iZ0dMEM,
      /tmp/kotlin-daemon.2026-09-08.10-40-19-034.01.log,
      /tmp/xfs-74c0f0ba,
      /tmp/tmp.e7IZYMWMhY,
      /tmp/0d4XL_WhX81X3AIaL7Res,
      /tmp/phpunit_icon_kkkaloupndfa5LZIiWG,
      /tmp/magellan-ai-tooling-VjsWTk,
      /tmp/magellan-package-HF49wc,
      /tmp/magellan-package-hUvCej,
      /tmp/magellan-ai-tooling-pPl56a,
      /tmp/magellan-ai-tooling-526K3Y,
      /tmp/kotlin-daemon.2026-09-03.13-27-57-135.00.log.lck,
      /tmp/legacy-topic-cleanup14122006036188151062,
      /tmp/magellan-ai-tooling-qZe7b5,
      /tmp/kotlin-daemon.2026-09-08.10-45-34-588.00.log,
      /tmp/phpunit_icon_lccjank429vkb59ZyZT,
      /tmp/phpunit_icon_sr9hhhnfj5bv7C3CVTP_test.png,
      /tmp/oms-import-upload-test-12357790662947863108,
      /tmp/magellan-run-ledger-mFm9ei,
      /tmp/blog_cache_test_sk23jn7kk1db8zZxqbD,
      /tmp/phpunit_icon_bv5i4vo151bd7cGFXSY_test.png,
      /tmp/phpunit_icon_eikrb01hbsbq3BJNWMr_test.svg,
      /tmp/magellan-skill-validator-2sHGzt,
      /tmp/A7pp7-s4ijf-t7fYe804N,
      /tmp/magellan-ai-tooling-1utUSs,
      /tmp/dkolQhc5fIL-Poyj4LlmA,
      /tmp/magellan-ai-tooling-HSsxNW,
      /tmp/ULGsp_2QQzS5XlSlKojs6,
      /tmp/magellan-skill-hash-a3OR5F,
      /tmp/phpunit_icon_oo8212802pku3iupCye,
      /tmp/magellan-ai-tooling-9c6E0O,
      /tmp/yBVTLMhr1gRyxShkoCVtb,
      /tmp/magellan-ai-tooling-aarbkw,
      /tmp/tmp.pERRvfo6Ru,
      /tmp/legal2.sh,
      /tmp/phpunit_icon_hdhkfs5n8lcu1G4mnOD,
      /tmp/tmp.SbXKV6wRS1,
      /tmp/4GvmORP_eujHiXJxoJx6o,
      /tmp/.com.google.Chrome.lGpB0M,
      /tmp/magellan-ai-tooling-uWoA5t,
      /tmp/magellan-ai-tooling-vZ4O6B,
      /tmp/tmp.9IVXHjyb22,
      /tmp/magellan-skill-validator-AsONdA,
      /tmp/.com.google.Chrome.VSzhVk,
      /tmp/magellan-run-ledger-OBq17A,
      /tmp/magellan-skill-validator-1jFUYH,
      /tmp/.org.chromium.Chromium.EQ3p2M,
      /tmp/phpunit_icon_9jrk8421a3g70e5iPMC,
      /tmp/magellan-ai-tooling-YGm01q,
      /tmp/tmp.spWisLNJ0W,
      /tmp/tmp.3wELVCUvC7,
      /tmp/tmp.Wqskb8NMNF,
      /tmp/xfs-1481e5cf,
      /tmp/magellan-run-ledger-TXMeNx,
      /tmp/magellan-ai-tooling-pdbBie,
      /tmp/claude_append2.json,
      /tmp/NmOpBD_FG0ZMv0tLBGzvA,
      /tmp/tmp.S2k13q2C4r,
      /tmp/tmp.swqwTTQpnZ,
      /tmp/kotlin-daemon.2026-09-03.11-38-57-882.01.log,
      /tmp/tmp.gux8YaGiw2,
      /tmp/phpunit_icon_t7oov145de6n2YZtYIP,
      /tmp/magellan-ai-tooling-FFQuDG,
      /tmp/xfs-5b99fb35,
      /tmp/RZNyIdz6k_7vmJUXuojal,
      /tmp/magellan-ai-tooling-XG33yT,
      /tmp/jNxOpHKU5w3byd_ZfEDcm,
      /tmp/magellan-ai-tooling-V4Z18w,
      /tmp/magellan-skill-validator-4NVhKU,
      /tmp/magellan-ai-tooling-TO64xS,
      /tmp/magellan-skill-validator-8AbqBi,
      /tmp/magellan-run-ledger-km3A7k,
      /tmp/phpunit_icon_2nojpqmmbglp7F34MFM,
      /tmp/magellan-skill-validator-AvXqYB,
      /tmp/magellan-skill-validator-N0eUpE,
      /tmp/A64ZRCToMz2j_xQ-X1Yze,
      /tmp/kivvi-import-KUShSa,
      /tmp/magellan-ai-tooling-KwD06q,
      /tmp/magellan-skill-validator-yNftU1,
      /tmp/pAWMnYMsIUu-izs4nXI4C,
      /tmp/texts_diff_1.txt,
      /tmp/magellan-skill-validator-cXR9xn,
      /tmp/kotlin-daemon.2026-09-03.10-27-51-669.00.log,
      /tmp/kotlin-daemon.2026-09-08.23-39-33-524.00.log,
      /tmp/e2e-run-1-full.txt,
      /tmp/oms-import-upload-test-91869895543595098,
      /tmp/magellan-skill-validator-suOoCT,
      /tmp/xfs-604b95a9,
      /tmp/phpunit_icon_n4coef09knhuc75azlA,
      /tmp/phpunit_icon_baq1crf42fm2fmfJ32E,
      /tmp/tmp.bs0Ux8OCXK,
      /tmp/magellan-run-ledger-6wxxxN,
      /tmp/magellan-package-RhTH9s,
      /tmp/magellan-skill-validator-2ycKkU,
      /tmp/blog_cache_bad_fn9ria77ia8peSJ6W5S,
      /tmp/magellan-ai-tooling-0W2cxy,
      /tmp/phpunit_icon_gs0rqo48hh91eFslnVx_test.svg,
      /tmp/tmp.2pZmoUfmeC,
      /tmp/vitest-location-check,
      /tmp/magellan-ai-tooling-r927In,
      /tmp/magellan-ai-tooling-4icA5C,
      /tmp/tmp.dcB8jRHTOE,
      /tmp/phpunit_icon_4rsqdl6ekf5f4wsRwKh_test.png,
      /tmp/KZmShnHEYiY7W_D5Yt6mS,
      /tmp/magellan-ai-tooling-gAsDjr,
      /tmp/tmp.hkdHtDkAyc,
      /tmp/krFGHv-7QZoLs4SGZk8CK,
      /tmp/mvnw-mutant4.log,
      /tmp/step1.txt,
      /tmp/magellan-ai-tooling-BCrddT,
      /tmp/magellan-ai-tooling-0B9d9B,
      /tmp/phpunit_icon_97kh81cu3l3q3t2ycCt,
      /tmp/vt2O_wGLyI3lLBhjkk7RI,
      /tmp/73tMC0i1ktdH5Nz-ogFTy,
      /tmp/2YoIR92B861eQZaV8VHqt,
      /tmp/magellan-run-ledger-edLIO6,
      /tmp/tmp.4dc2d2oFAb,
      /tmp/magic.txt,
      /tmp/magellan-run-ledger-e3VMKR,
      /tmp/tmp.80NW4FTlwk,
      /tmp/blog_cache_bad_ods1kq4geucg2JdixKu,
      /tmp/hoEH4wyBjMyblcvxiyE1v,
      /tmp/c35IKUmVJ4ovogYlSGkMO,
      /tmp/architecture-test.txt,
      /tmp/expected_overlay.ts,
      /tmp/pio69-owner-oblozenie.png,
      /tmp/.org.chromium.Chromium.W3wL10,
      /tmp/red-campaigns.html,
      /tmp/tmp.jdrM9cikVg,
      /tmp/magellan-doctor-RL0xiP,
      /tmp/.com.google.Chrome.bACmAd,
      /tmp/magellan-ai-tooling-BBjZfj,
      /tmp/xfs-baceaac2,
      /tmp/magellan-ai-tooling-24jOhf,
      /tmp/magellan-ai-tooling-PL7tx9,
      /tmp/mvnw-test-out.log,
      /tmp/kotlin-daemon.2026-09-03.11-13-01-131.00.log,
      /tmp/magellan-skill-validator-MceI3N,
      /tmp/magellan-ai-tooling-vuKAUJ,
      /tmp/blog_cache_test_ikg0n5mcpf9p1DdInRp,
      /tmp/j_aria.mp3,
      /tmp/final-verify.log,
      /tmp/magellan-doctor-eHxkol,
      /tmp/kotlin-daemon.2026-09-03.14-43-40-566.01.log,
      /tmp/phpunit_icon_3t6cdis39bs535BxLkp,
      /tmp/com.google.Chrome.gX7JNK,
      /tmp/long3.json,
      /tmp/phpunit_icon_frvkj5ajc32u8dlze9d,
      /tmp/kivvi-load-loop.log,
      /tmp/magellan-skill-validator-02DUz3,
      /tmp/phpunit_icon_ltf4m28qbr7scwi4dW5_test.svg,
      /tmp/phpunit_icon_js145enav68p7B7X623,
      /tmp/magellan-ai-tooling-Tbiel3,
      /tmp/kivvi-mvn-test2.log,
      /tmp/magellan-skill-validator-qHLPJn,
      /tmp/tmp.f9V9c4BjgN,
      /tmp/magellan-run-ledger-qljCyS,
      /tmp/pio69-owner-kalendarz.png,
      /tmp/tmp.6arIPIthPQ,
      /tmp/magellan-package-IqhkX3,
      /tmp/HfAVuBj06d1zmi99oclJM,
      /tmp/magellan-ai-tooling-JPVNl0,
      /tmp/tmp.jGkfYSBHqr,
      /tmp/mine-format.java,
      /tmp/Ui5TQIBVzDAH2Z6TM_is6,
      /tmp/magellan-ai-tooling-GR04x3,
      /tmp/magellan-ai-tooling-3Tt8vp,
      /tmp/magellan-ai-tooling-GfGCLu,
      /tmp/legacy-connection-config-cleanup13037751319621349224,
      /tmp/phpunit_icon_frvkj5ajc32u8dlze9d_test.png,
      /tmp/blog_cache_bad_806u0m2matg95xnEHwj,
      /tmp/magellan-ai-tooling-GJeYE1,
      /tmp/kotlin-daemon.2026-09-03.10-58-46-420.02.log,
      /tmp/xfs-2ebce8bb,
      /tmp/M26ik3Q3CSHOFf62b0wbl,
      /tmp/magellan-run-ledger-VbO8xv,
      /tmp/kotlin-daemon.2026-09-08.12-19-53-298.00.log,
      /tmp/tomcat-docbase.0.7807959849224412024,
      /tmp/tmp.nilnvZ42Bc,
      /tmp/tmp.imfuuRLnCV,
      /tmp/magellan-ai-tooling-4f5wDb,
      /tmp/magellan-ai-tooling-GYrDpo,
      /tmp/tomcat.0.12928843371389094203,
      /tmp/xfs-289870fd,
      /tmp/tmp.ZaVGdNXbOy,
      /tmp/magellan-ai-tooling-uoy8UV,
      /tmp/magellan-skill-validator-p4nwPO,
      /tmp/magellan-ai-tooling-DLR4dq,
      /tmp/magellan-doctor-XrlmXp,
      /tmp/.org.chromium.Chromium.kVvjRF,
      /tmp/cjw.txt,
      /tmp/phpunit_icon_gavnbepls2ul7Jjzz89,
      /tmp/fe-integ.log,
      /tmp/tmp.P0RmCCUMHs,
      /tmp/magellan-skill-hash-rDRwiK,
      /tmp/red-compare-out,
      /tmp/magellan-ai-tooling-L7p1GH,
      /tmp/mvn-followup-focused.log,
      /tmp/tmp.IEK6tm0zmc,
      /tmp/oms-import-upload-test-16927127663738491415,
      /tmp/magellan-ai-tooling-S1ROG5,
      /tmp/magellan-ai-tooling-6irIKB,
      /tmp/magellan-doctor-cVwhrM,
      /tmp/magellan-ai-tooling-hunrNr,
      /tmp/cards-vX9YTr,
      /tmp/48T0VRiW2TtkoNhwIAlHE,
      /tmp/magellan-ai-tooling-N6EqLz,
      /tmp/playwright-transform-cache-1000,
      /tmp/phpunit_icon_5cs0gc5kkiiibpzntZb,
      /tmp/jeoZc1lWMJUwNSvUW8-lB,
      /tmp/magellan-ai-tooling-A43tUI,
      /tmp/G9Ocdtwgshp3WNI9RlrdF,
      /tmp/magellan-skill-validator-hIlS0Z,
      /tmp/magellan-run-ledger-762IYx,
      /tmp/magellan-ai-tooling-abruZ9,
      /tmp/magellan-ai-tooling-jid4Tm,
      /tmp/Q-U61SkINLGifZmcDyAQA,
      /tmp/kivvi-spotless-apply.log,
      /tmp/xfs-d5c9ce3e,
      /tmp/magellan-ai-tooling-34kx9j,
      /tmp/magellan-ai-tooling-DJLOUq,
      /tmp/magellan-ai-tooling-4Pgj9x,
      /tmp/magellan-ai-tooling-Zpusjk,
      /tmp/RrZRfQ15ML2JEsAaEN82p,
      /tmp/phpunit_icon_d5ugc4jcl8rd4pMeXfv,
      /tmp/magellan-skill-validator-mYYyxe,
      /tmp/tmp.YbvRH5fuSD,
      /tmp/magellan-ai-tooling-5D1C0d,
      /tmp/tomcat.0.4851736176183915891,
      /tmp/phpunit_icon_o2ki8euh8kiu5N5ZDvT,
      /tmp/xfs-7215e266,
      /tmp/wpr.html,
      /tmp/t9zHfCnsuTQ7Irouqf57L,
      /tmp/magellan-ai-tooling-QUD4Ha,
      /tmp/fabplug,
      /tmp/magellan-skill-validator-213Nti,
      /tmp/tomcat.0.17492441621940265055,
      /tmp/kotlin-daemon.2026-09-03.13-45-53-321.00.log,
      /tmp/magellan-skill-validator-4AsPOg,
      /tmp/magellan-ai-tooling-i0oSCt,
      /tmp/magellan-ai-tooling-0rM8hB,
      /tmp/magellan-ai-tooling-NJKwLo,
      /tmp/rebuild-api.log,
      /tmp/magellan-ai-tooling-4Adr0S,
      /tmp/tmp.ZUwvVwXLNI,
      /tmp/magellan-skill-validator-8nXS0o,
      /tmp/phpunit_icon_k4tf3g4lrtbiewXW5Fk_test.svg,
      /tmp/xfs-28d5460e,
      /tmp/magellan-ai-tooling-IWSusb,
      /tmp/legacy-topic-cleanup14891199756205278512,
      /tmp/magellan-ai-tooling-XTpeC9,
      /tmp/magellan-ai-tooling-Mp6wzU,
      /tmp/red-lists.txt,
      /tmp/magellan-ai-tooling-p4d0nA,
      /tmp/iRvf9VTwTdONOWICrvsEb,
      /tmp/blog_cache_test_nkl68gv44c6c6o8Pg1q,
      /tmp/phpunit_icon_g5vio10pf7umegIME5w,
      /tmp/phpunit_icon_a5eqsbekagrr3bYtplC_test.svg,
      /tmp/magellan-ai-tooling-VQrfrY,
      /tmp/TfYXvTCLFtrVS_pVdw_C9,
      /tmp/magellan-ai-tooling-0MkJmg,
      /tmp/magellan-ai-tooling-lI2MiQ,
      /tmp/_ba1jS8-YrmsMfyLYK6cq,
      /tmp/magellan-ai-tooling-B71vKG,
      /tmp/o4b6d5qM60KEzALoeqe5N,
      /tmp/tmp.0rwMpKwA2H,
      /tmp/magellan-ai-tooling-FqmHFx,
      /tmp/xfs-054ff8af,
      /tmp/jooqx,
      /tmp/tmp.zaLriGGLSw,
      /tmp/tmp.36g54IJywD,
      /tmp/magellan-skill-validator-LsMdRF,
      /tmp/magellan-ai-tooling-V55Ys9,
      /tmp/com.google.Chrome.6vNLeg,
      /tmp/8u9QZEyoiASOEgvEBT_nT,
      /tmp/magellan-ai-tooling-EoLHPW,
      /tmp/v8-compile-cache-1000,
      /tmp/magellan-package-ZffRly,
      /tmp/magellan-ai-tooling-m3xKxS,
      /tmp/tmp.DBSQgMf6RG,
      /tmp/tmp.fVK55f6uFI,
      /tmp/tmp.gU6vWiqKp8,
      /tmp/tmp.prXpaR8HGd,
      /tmp/magellan-ai-tooling-X2zHQS,
      /tmp/magellan-ai-tooling-k7iUNL,
      /tmp/magellan-skill-validator-558UId,
      /tmp/fi1f0zLrGbSU6s59xVjps,
      /tmp/magellan-skill-validator-rb5P7I,
      /tmp/spring-session-jdbc-4.1.1.jar,
      /tmp/xfs-1556b7cc,
      /tmp/magellan-ai-tooling-hQGkno,
      /tmp/magellan-ai-tooling-Mn300y,
      /tmp/ykQUxSxusaaAz2lCjAD-7,
      /tmp/magellan-doctor-wGu883,
      /tmp/magellan-ai-tooling-QprVbY,
      /tmp/fe-formatcheck.log,
      /tmp/magellan-ai-tooling-YlA7QX,
      /tmp/tomcat.0.3494441830386586455,
      /tmp/JBLbjQpQGy93GtXs54fXR,
      /tmp/magellan-ai-tooling-5z7icP,
      /tmp/magellan-ai-tooling-tyywbI,
      /tmp/magellan-run-ledger-VOc3ZX,
      /tmp/tmp.ztB0wHzsiN,
      /tmp/magellan-ai-tooling-4ray8g,
      /tmp/magellan-ai-tooling-2A3f7I,
      /tmp/magellan-ai-tooling-MFIcig,
      /tmp/oms-import-upload-test-10466429824944859054,
      /tmp/magellan-ai-tooling-OQR6yb,
      /tmp/magellan-skill-hash-WIYwuj,
      /tmp/tmp.QHJb6i8c9p,
      /tmp/tmp.7Vo1H0XljT,
      /tmp/magellan-run-ledger-sy3p9z,
      /tmp/xNW1hLMMPBl-JVl7qjWCc,
      /tmp/magellan-skill-validator-KuM2LK,
      /tmp/blog_cache_bad_1665nje57unecQxOXt5,
      /tmp/magellan-ai-tooling-Uc1pb3,
      /tmp/magellan-skill-validator-g0KcCx,
      /tmp/magellan-run-ledger-NqyKpQ,
      /tmp/magellan-skill-validator-CN1O5D,
      /tmp/blog_cache_bad_4pnsmj264ut45jF8cL3,
      /tmp/.XIM-unix,
      /tmp/MaGnUph2QTDnzjRWGRUw0,
      /tmp/vite4.log,
      /tmp/magellan-skill-validator-EA9o50,
      /tmp/magellan-ai-tooling-4Gvzoy,
      /tmp/tmp.xqtYGnFAYK,
      /tmp/blog_cache_bad_2k3k07q00pha4YHw2Sx,
      /tmp/-Sf7TymaJIIeDduRsAAel,
      /tmp/magellan-skill-validator-93r0iy,
      /tmp/magellan-ai-tooling-6aKEJN,
      /tmp/magellan-ai-tooling-arxpXk,
      /tmp/xfs-b9140752,
      /tmp/oms-import-upload-test-13390936209705963713,
      /tmp/tmp.8JGsM9paCW,
      /tmp/phpunit_icon_99oe0n2q89u19VKVfbG_test.svg,
      /tmp/xs2HrrngS-599DUA1qeDI,
      /tmp/com.google.Chrome.3eQkiF,
      /tmp/Yl1m9ho7uezZuuqZquROl,
      /tmp/magellan-ai-tooling-VQinsB,
      /tmp/AZjdn0WAN0GAquUTrWqL5,
      /tmp/magellan-doctor-JSiYpJ,
      /tmp/6YP6VY_zaqG1PwdArEJAj,
      /tmp/brief_tests.sh,
      /tmp/phpunit_icon_93gat8i033dq7rWXVKb_test.svg,
      /tmp/magellan-ai-tooling-QepPqL,
      /tmp/.org.chromium.Chromium.hVdoJE,
      /tmp/tomcat.0.13013256902662957883,
      /tmp/magellan-ai-tooling-7mXOUz,
      /tmp/magellan-ai-tooling-AxNuAK,
      /tmp/magellan-ai-tooling-dhgMwC,
      /tmp/magellan-ai-tooling-GxfDsu,
      /tmp/magellan-ai-tooling-SE7kQB,
      /tmp/.org.chromium.Chromium.2oTn69,
      /tmp/phpunit_icon_efq4or5h0s2q2WMJNkS_test.svg,
      /tmp/magellan-run-ledger-8VrvgG,
      /tmp/phpunit_icon_ltf4m28qbr7scwi4dW5,
      /tmp/magellan-run-ledger-MZOx0b,
      /tmp/tmp.J2h67jPu1p,
      /tmp/tmp.63RC0DpeZO,
      /tmp/phpunit_icon_bv5i4vo151bd7cGFXSY,
      /tmp/magellan-package-xDk1Zf,
      /tmp/blog_cache_bad_e8fdkfkitiimdIhCdtN,
      /tmp/intro.html.bak,
      /tmp/phpunit_icon_34lhehl8j32bfk1H0lO,
      /tmp/magellan-ai-tooling-v5gebh,
      /tmp/magellan-skill-validator-oe9aiM,
      /tmp/blog_cache_bad_o68tkruvqmqsblonq5i,
      /tmp/magellan-skill-validator-Hm0ptP,
      /tmp/magellan-ai-tooling-tCXicR,
      /tmp/com.google.Chrome.VtbTwM,
      /tmp/.org.chromium.Chromium.iOvoD6,
      /tmp/phpunit_icon_152iv1akpnhbfBohqJN_test.png,
      /tmp/l7zmKmxuWBEiicVrPTbGJ,
      /tmp/magellan-ai-tooling-DHrBY4,
      /tmp/compare-green,
      /tmp/tmp.rMdoM1qgNi,
      /tmp/NINIGIlTOdrMVlF4b05R_,
      /tmp/magellan-ai-tooling-hzteUI,
      /tmp/phpunit_icon_4jfa77a1tpqh9tanUHp_test.png,
      /tmp/tmp.WfJdd6zurF,
      /tmp/magellan-ai-tooling-bjno4f,
      /tmp/kotlin-daemon.2026-09-09.00-27-58-734.00.log,
      /tmp/EzwCBUfXDE5yVyb7g_rwZ,
      /tmp/magellan-ai-tooling-RG1vUQ,
      /tmp/sbrt.jar,
      /tmp/magellan-run-ledger-Fvbqw9,
      /tmp/Sy798W6_AHQ4BHhtDuk58,
      /tmp/magellan-ai-tooling-qhHTPM,
      /tmp/tomcat.0.3997815342147500441,
      /tmp/magellan-ai-tooling-YKkcne,
      /tmp/kivvi-archunit.log,
      /tmp/phpunit_icon_d26ticqf8g6mbzauitV,
      /tmp/magellan-ai-tooling-Fna6Qf,
      /tmp/tomcat.0.3108741149002345783,
      /tmp/phpunit_icon_uojfd6gqr3mu9OEshDj_test.svg,
      /tmp/playwright_chromiumdev_profile-jvmgsF,
      /tmp/magellan-skill-validator-BShxnM,
      /tmp/y-fWj9N4Yho-kCqbYCidI,
      /tmp/magellan-ai-tooling-BocNXi,
      /tmp/repair-verify2.log,
      /tmp/kotlin-daemon.2026-09-08.17-11-53-404.01.log,
      /tmp/magellan-ai-tooling-CyORMJ,
      /tmp/G5bCKNbJ-g5FBjsZgV_Aj,
      /tmp/brief-migration-waves.md,
      /tmp/tmp.rpPLqV2MXO,
      /tmp/magellan-ai-tooling-0yHRjN,
      /tmp/xfs-843a5734,
      /tmp/P0rDDg44wzhhCpLEKleJN,
      /tmp/magellan-skill-validator-vJBdNA,
      /tmp/magellan-ai-tooling-Ig04p5,
      /tmp/xfs-0ac8415a,
      /tmp/tomcat-docbase.0.15236300912305688671,
      /tmp/xfs-8b997cdc,
      /tmp/magellan-run-ledger-dcSquR,
      /tmp/magellan-package-sw2l8z,
      /tmp/K5LPiqYVmkgCU1HBNSF1L,
      /tmp/magellan-ai-tooling-z0E3wn,
      /tmp/phpunit_icon_tpmlouk611v0cPdKnB3_test.svg,
      /tmp/probe-setcontent.mjs,
      /tmp/magellan-skill-validator-ZXd1s5,
      /tmp/tmp.fhKedCQUHY,
      /tmp/xfs-e8bfbc0e,
      /tmp/magellan-ai-tooling-XnkW78,
      /tmp/magellan-ai-tooling-6an1Rr,
      /tmp/tmp.Luw8AIE3fs,
      /tmp/magellan-ai-tooling-HWzTDs,
      /tmp/phpunit_icon_j7a49d5gd0e99gD4qD7_test.svg,
      /tmp/magellan-ai-tooling-oBUcRh,
      ...
      /tmp/magellan-ai-tooling-fX2wey,
      /tmp/S38QWr7jz4Fb2eoFrgUnK,
      /tmp/compare-green3,
      /tmp/compare-green2,
      /tmp/oms-import-upload-test-10464137999357019359,
      /tmp/magellan-skill-validator-9e4gTF,
      /tmp/tmp.CA8TTrjGlz,
      /tmp/HAoXLHRZ4-4GggQ8Pxs2i,
      /tmp/magellan-ai-tooling-JabSuf,
      /tmp/xfs-dbc75dad,
      /tmp/magellan-ai-tooling-OvVktC,
      /tmp/FVzTvjTEHpAvGweXMrTeA,
      /tmp/magellan-ai-tooling-ze5SlH,
      /tmp/blog_cache_bad_lmse5jbvccub7Uy7KY1,
      /tmp/kivvi-import-3JPd5f,
      /tmp/magellan-ai-tooling-1SUltv,
      /tmp/magellan-skill-validator-bDIINt,
      /tmp/tmp.N9JMBu6g43,
      /tmp/magellan-skill-validator-XWUq7M,
      /tmp/legacy-connection-config-cleanup4070273036554720963,
      /tmp/magellan-skill-validator-qbOLwV,
      /tmp/magellan-skill-validator-rrZK15,
      /tmp/chipcheck.mjs,
      /tmp/.bun-1000-61c01c5e5cdf6745.node,
      /tmp/phpunit_icon_b5a0eidaklevfhrxgkB,
      /tmp/psQsXQwTdwL_WAE311IsJ,
      /tmp/tmp.0hP8OuznbP,
      /tmp/DQLQVpON8QzBUAzl5Gzgh,
      /tmp/o0wKl_1roIL7WvOw245SE,
      /tmp/magellan-skill-validator-SM3qUp,
      /tmp/tmp.guTZqzgP90,
      /tmp/magellan-ai-tooling-nyfwhN,
      /tmp/magellan-ai-tooling-QQi5Hx,
      /tmp/cards-hmskVd,
      /tmp/57iHUUwdi4O5Rqt-KC6cM,
      /tmp/phpunit_icon_ng6cadth7o748uhq9mX_test.svg,
      /tmp/x.jar,
      /tmp/magellan-skill-validator-QqTaSN,
      /tmp/Ljra7qLwanPPD7oKalTAT,
      /tmp/magellan-run-ledger-2nS3UW,
      /tmp/magellan-ai-tooling-ipbPBM,
      /tmp/magellan-ai-tooling-wtjn1p,
      /tmp/magellan-ai-tooling-t6o9Xs,
      /tmp/magellan-ai-tooling-wu4k0g,
      /tmp/magellan-ai-tooling-DkwW5J,
      /tmp/WQ38kNBuTANO3pzfQ5qlk,
      /tmp/playwright_chromiumdev_profile-yp21f7,
      /tmp/blog_cache_test_dqk6beqifqsg6hmD2bL,
      /tmp/npmci-e2e.log,
      /tmp/kivvi-spotless-check2.log,
      /tmp/wacc.html,
      /tmp/hsperfdata_muszkin,
      /tmp/magellan-ai-tooling-kb7Q1Y,
      /tmp/magellan-skill-validator-oV8znI,
      /tmp/magellan-ai-tooling-fuK02A,
      /tmp/playwright_chromiumdev_profile-zJQOHj,
      /tmp/blog_cache_test_tu5996o1nftqb39qB4x,
      /tmp/magellan-ai-tooling-ZIKJmZ,
      /tmp/magellan-package-TfDugU,
      /tmp/tmp.vp4txp6SCe,
      /tmp/tmp.q2mLDgOOco,
      /tmp/tmp.sLDkLpG7IL,
      /tmp/magellan-ai-tooling-L40Chq,
      /tmp/cards-bltuqk,
      /tmp/lintout2.txt,
      /tmp/tmp.LUPfvrzws3,
      /tmp/blog_cache_test_pfi9h5d16c6f71fxPyI,
      /tmp/magellan-skill-validator-gUj8hH,
      /tmp/magellan-package-ztLs82,
      /tmp/magellan-ai-tooling-Pw1Itk,
      /tmp/tmp.ojM12J1IZ0,
      /tmp/tmp.bNT5pCidRe,
      /tmp/magellan-ai-tooling-GpBQqs,
      /tmp/magellan-ai-tooling-9dhlhR,
      /tmp/tomcat.0.11379351321697743217,
      /tmp/tmp.FR2kfDRMNl,
      /tmp/magellan-ai-tooling-QCOEcy,
      /tmp/magellan-ai-tooling-ZnhXK7,
      /tmp/phpunit_icon_1bfrskvrjgfnfknQtR4,
      /tmp/magellan-skill-hash-2JwML6,
      /tmp/tomcat.0.5844582709754587913,
      /tmp/magellan-ai-tooling-aJmtqi,
      /tmp/magellan-skill-validator-PTy2TW,
      /tmp/phpunit_icon_9jrk8421a3g70e5iPMC_test.svg,
      /tmp/magellan-ai-tooling-qnBQSq,
      /tmp/.org.chromium.Chromium.v7EeeG,
      /tmp/phpunit_icon_uojfd6gqr3mu9OEshDj,
      /tmp/magellan-skill-validator-xYPjJb,
      /tmp/magellan-ai-tooling-P4Vm0l,
      /tmp/magellan-skill-validator-eWiJ3W,
      /tmp/yYf-rpdmIBvbu8y2DD3Iz,
      /tmp/magellan-ai-tooling-eNvSJu,
      /tmp/magellan-ai-tooling-hZSuc7,
      /tmp/tmp.PaiHsh2nrA,
      /tmp/8nucjxdxgptfKlST3axyo,
      /tmp/xfs-b639d690,
      /tmp/oms-import-upload-test-4175021506802926423,
      /tmp/magellan-run-ledger-a6UPfo,
      /tmp/tmp.4dDvyEOjiN,
      /tmp/magellan-ai-tooling-w6NgY1,
      /tmp/magellan-skill-validator-bj4n4M,
      /tmp/blog_cache_test_thngidoqcrh33KIKeXb,
      /tmp/ou.bak,
      /tmp/magellan-skill-validator-04Ab2M,
      /tmp/phpunit_icon_s2g9e6g32irp55iFI7q_test.svg,
      /tmp/blog_cache_test_24m7ou9ho3939ALGZA0,
      /tmp/card.css.bak,
      /tmp/cX8rYrldqLTTUA2HWx4ah,
      /tmp/magellan-ai-tooling-6378B2,
      /tmp/tmp.kEVimXspWT,
      /tmp/tmp.NEN12VcmVU,
      /tmp/magellan-doctor-Wq2iBT,
      /tmp/playwright-artifacts-ClHwCm,
      /tmp/kotlin-daemon.2026-09-03.12-26-21-154.02.log,
      /tmp/kotlin-daemon.2026-09-08.17-11-53-404.00.log,
      /tmp/tmp.kMNbXWAoD1,
      /tmp/blog_cache_bad_n6ck8q4tp7b2daJI1Hu,
      /tmp/tomcat.0.6221271181847396549,
      /tmp/magellan-ai-tooling-0mmjNL,
      /tmp/12H_0FHPBKXV9evjyWP5Y,
      /tmp/magellan-ai-tooling-XblNcJ,
      /tmp/kivvi-import-B7UXDW,
      /tmp/blog_cache_test_3dkgd7ejaall7iMpXBT,
      /tmp/magellan-ai-tooling-DjWVDF,
      /tmp/JwzGySkeDp3-o54P_bGex,
      /tmp/tmp.qbnYKOovew,
      /tmp/IOzVETrfRpSQV4g6py--h,
      /tmp/magellan-ai-tooling-K8k7ML,
      /tmp/playwright-download-vmdceE,
      /tmp/magellan-ai-tooling-qRRCRv,
      /tmp/phpunit_icon_vj1m1d45ma70eZN5Q6f_test.svg,
      /tmp/sbsp.pom,
      /tmp/8XNJZPhxzhfDvraWsCCmo,
      /tmp/magellan-ai-tooling-IHDUXL,
      /tmp/com.google.Chrome.4VZYTx,
      /tmp/sscore,
      /tmp/phpunit_icon_poj0kp1q55r96GzEw47_test.svg,
      /tmp/tmp.8PQNj9Mh5o,
      /tmp/xfs-5ffca78e,
      /tmp/tmp.JfYdRbVrBu,
      /tmp/tmp.pOnlBVICdd,
      /tmp/run-settings-2.log,
      /tmp/EE41BJo-gCotkJiuLINRX,
      /tmp/magellan-ai-tooling-bpVADF,
      /tmp/.org.chromium.Chromium.LVQU7l,
      /tmp/tmp.7210Ric7kF,
      /tmp/JtltlZDQhAPm8b1ef6VUd,
      /tmp/red-compare-output.txt,
      /tmp/magellan-run-ledger-mN2woM,
      /tmp/magellan-ai-tooling-UwRJpj,
      /tmp/tmp.2nUq1t2Ovq,
      /tmp/magellan-doctor-EI0toW,
      /tmp/q4ojfDWK96AM_Dq-edGmZ,
      /tmp/magellan-skill-validator-fs1tnT,
      /tmp/magellan-ai-tooling-iRbYBY,
      /tmp/npm-test.log,
      /tmp/magellan-ai-tooling-v4NY1b,
      /tmp/kotlin-daemon.2026-09-03.12-13-19-122.00.log,
      /tmp/magellan-ai-tooling-jpeZDn,
      /tmp/magellan-run-ledger-nb65Bm,
      /tmp/magellan-ai-tooling-0g2PQP,
      /tmp/magellan-ai-tooling-1m9RBr,
      /tmp/com.google.Chrome.512hiL,
      /tmp/magellan-skill-validator-kcmVj5,
      /tmp/hcs.jar,
      /tmp/xfs-31eef04e,
      /tmp/zQWyaOaHkLQQHzyeYpOei,
      /tmp/.org.chromium.Chromium.ESwcXy,
      /tmp/magellan-ai-tooling-c3BZGZ,
      /tmp/magellan-ai-tooling-vTatrp,
      /tmp/tmp.s66QocKLY6,
      /tmp/g_aria.mp3,
      /tmp/magellan-skill-hash-8UqCkr,
      /tmp/tmp.haI5qZziFX,
      /tmp/blog_cache_bad_l36t9d1irjcl2Rlw0WM,
      /tmp/phpunit_icon_u78o3m4gfkfjesOM1tJ_test.svg,
      /tmp/tmp.sUK8Amcwvq,
      /tmp/magellan-ai-tooling-fXE1ip,
      /tmp/ssj,
      /tmp/magellan-ai-tooling-e5g1ld,
      /tmp/magellan-skill-validator-T0pf7C,
      /tmp/magellan-ai-tooling-fHQmuS,
      /tmp/mvn-verify-final.log,
      /tmp/tmp.JDgNkYV2HD,
      /tmp/tmp.H3FNEn4JTG,
      /tmp/blog_cache_test_bt44c2ajg9ej4mDz3aO,
      /tmp/magellan-skill-validator-CyyqYh,
      /tmp/magellan-ai-tooling-8mUM9F,
      /tmp/kotlin-daemon.2026-09-03.10-39-36-299.00.log,
      /tmp/magellan-ai-tooling-VIWkdm,
      /tmp/phpunit_icon_j0avn9ib5d7q6S84SOy,
      /tmp/magellan-skill-validator-sJxoZW,
      /tmp/4nGv_OOhn_hJJtl6x4gMJ,
      /tmp/magellan-run-ledger-zNODhl,
      /tmp/tts_gw.mp3,
      /tmp/magellan-ai-tooling-Uxyi3H,
      /tmp/qT6q052ckXErAkDjkPdL2,
      /tmp/phpunit_icon_6a1b1trkjkhge1eTlmb,
      /tmp/FErmnATvFURxdtINUPTJ1,
      /tmp/xfs-fa9fb560,
      /tmp/W6VqgtSWbd2ZW4epCc9dN,
      /tmp/OPVl5hfRsCj9QKG3Zn0H8,
      /tmp/hcsx,
      /tmp/magellan-run-ledger-tiYkip,
      /tmp/magellan-ai-tooling-Hjy4Mi,
      /tmp/pio69-owner-meldunki.png,
      /tmp/magellan-skill-validator-9RWDPa,
      /tmp/oms-import-upload-test-13783980319145842209,
      /tmp/magellan-ai-tooling-nyqV3P,
      /tmp/x6WjT0_T18,
      /tmp/tmp.CXPY0JnAHj,
      /tmp/phpunit_icon_b3b1huln8f9b0LZTc2Q,
      /tmp/-Zn0G-lOeVGOVyo-77KAe,
      /tmp/playwright_chromiumdev_profile-wP3pd9,
      /tmp/phpunit_icon_baq1crf42fm2fmfJ32E_test.png,
      /tmp/magellan-ai-tooling-53VsIx,
      /tmp/rvw_route.sh,
      /tmp/6vw22GigeHznxNaTxpbWO,
      /tmp/06osSZe9UFd2mnLSwny9Y,
      /tmp/phpunit_icon_g5vio10pf7umegIME5w_test.svg,
      /tmp/magellan-ai-tooling-PCT220,
      /tmp/magellan-ai-tooling-eTlkxj,
      /tmp/blog_cache_bad_ugh7eeel31va6Nw1YoS,
      /tmp/magellan-ai-tooling-M0TG90,
      /tmp/qwI2FPYtdgqWRwscMYtKS,
      /tmp/com.google.Chrome.3zvx71,
      /tmp/phpunit_icon_aghm8cgbg3rm5okw8gR,
      /tmp/mig.err,
      /tmp/magellan-ai-tooling-kbWTkm,
      /tmp/xfs-b1aa1eab,
      /tmp/magellan-ai-tooling-uXp4B2,
      /tmp/magellan-ai-tooling-wGyXM7,
      /tmp/kotlin-daemon.2026-09-03.13-17-56-379.02.log,
      /tmp/phpunit_icon_03d8jpfrsbr78T68hAk,
      /tmp/magellan-ai-tooling-qpJDPd,
      /tmp/magellan-ai-tooling-ZQC4ER,
      /tmp/tomcat.0.923194418744347508,
      /tmp/tomcat.0.2514771598368017120,
      /tmp/ZxEYyBt262YgCqrUf2-4L,
      /tmp/tmp.SJOAQTwTLt,
      /tmp/phpunit_icon_2h2bno52i2nt8uUE3gq_test.png,
      /tmp/phpunit_icon_a9t6499g4orce7EvI6H,
      /tmp/new_overlay.ts,
      /tmp/magellan-ai-tooling-DrC2kz,
      /tmp/magellan-ai-tooling-X6ci4t,
      /tmp/jiti,
      /tmp/magellan-skill-validator-2zwudw,
      /tmp/magellan-ai-tooling-bQudWD,
      /tmp/kotlin-daemon.2026-09-03.11-12-34-140.00.log,
      /tmp/tQZmGWvBJLNfye4o3MAFp,
      /tmp/tomcat.0.14327450218833790791,
      /tmp/tmp.zRY65u9clR,
      /tmp/lintout.log,
      /tmp/tmp.7WFVAZkLHa,
      /tmp/magellan-ai-tooling-muqQsj,
      /tmp/magellan-ai-tooling-8HCmP8,
      /tmp/com.google.Chrome.l62aea,
      /tmp/tmp.9IWNz7qVgN,
      /tmp/magellan-ai-tooling-kG8jqy,
      /tmp/y_cBZ_uK_kWJm6HgfqTtG,
      /tmp/dbprfIGL2g6OfDenifhKN,
      /tmp/tmp.9RKT1LWnmn,
      /tmp/magellan-ai-tooling-5z9BAC,
      /tmp/magellan-ai-tooling-PUFYMz,
      /tmp/magellan-ai-tooling-vx0A4J,
      /tmp/magellan-run-ledger-qOjl0j,
      /tmp/magellan-ai-tooling-C7owy2,
      /tmp/magellan-skill-validator-3teCpW,
      /tmp/.org.chromium.Chromium.0noOFV,
      /tmp/verify3.log,
      /tmp/ilvnUx0Bcl3EMja4hHqoW,
      /tmp/tmp.yJVyngAGBy,
      /tmp/magellan-ai-tooling-CZeCFx,
      /tmp/magellan-ai-tooling-GEeKbp,
      /tmp/magellan-skill-validator-Htq3Dz,
      /tmp/playwright_chromiumdev_profile-rbcPo0,
      /tmp/blog_cache_test_vi1ardhqvier22yJuXv,
      /tmp/magellan-ai-tooling-XyrOa5,
      /tmp/a11y_diff_3.txt,
      /tmp/magellan-ai-tooling-mm0nqn,
      /tmp/magellan-skill-validator-Qnuqxb,
      /tmp/xfs-9d33bb9a,
      /tmp/magellan-ai-tooling-RLTANG,
      /tmp/xfs-802fc1f1,
      /tmp/v_en.mp3,
      /tmp/pQglK0hjk4sl2Hs4I9jVl,
      /tmp/magellan-skill-validator-WbrFru,
      /tmp/phpunit_icon_1hhcaf0j31iu3Q2GkFZ,
      /tmp/magellan-skill-validator-caSUHu,
      /tmp/magellan-ai-tooling-XqVVHA,
      /tmp/magellan-ai-tooling-UZTL9h,
      /tmp/magellan-package-y78Rvp,
      /tmp/magellan-run-ledger-lheY1Y,
      /tmp/phpunit_icon_mdtiiedptms1cexXhZA,
      /tmp/magellan-ai-tooling-NYURbu,
      /tmp/magellan-ai-tooling-el0hX5,
      /tmp/magellan-ai-tooling-QGE0Yg,
      /tmp/sc.bak,
      /tmp/BRY-jYDT448BSqkA07dVt,
      /tmp/magellan-ai-tooling-0Z3hSM,
      /tmp/magellan-ai-tooling-rae2pP,
      /tmp/phpunit_icon_93gat8i033dq7rWXVKb,
      /tmp/magellan-skill-validator-blrmti,
      /tmp/phpunit_icon_87kgd1t98lhf1JzJcZl,
      /tmp/magellan-ai-tooling-LylMNg,
      /tmp/.org.chromium.Chromium.EgUIVq,
      /tmp/magellan-skill-validator-7l0WUp,
      /tmp/tmp.GtHow32UJb,
      /tmp/magellan-skill-validator-TtbtVr,
      /tmp/tmp.U4uxpiHyta,
      /tmp/magellan-ai-tooling-8NRJnb,
      /tmp/magellan-ai-tooling-Fbq254,
      /tmp/magellan-skill-validator-TBYNp4,
      /tmp/magellan-skill-validator-W0M8rf,
      /tmp/magellan-ai-tooling-gNuf23,
      /tmp/tmp.p09txKF2UG,
      /tmp/kivvi-import-bCUMO8,
      /tmp/phpunit_icon_1eod6fiu79l596IApCz_test.svg,
      /tmp/magellan-skill-validator-7zoduU,
      /tmp/magellan-ai-tooling-6TfFRz,
      /tmp/phpunit_icon_a5eqsbekagrr3bYtplC,
      /tmp/phpunit_icon_i03jcj4970bu1IpKOMh_test.png,
      /tmp/phpstan,
      /tmp/magellan-ai-tooling-Eq6hEV,
      /tmp/kotlin-daemon.2026-09-08.23-25-17-868.00.log,
      /tmp/.org.chromium.Chromium.HCPmKO,
      /tmp/magellan-skill-validator-awM3yK,
      /tmp/.X11-unix,
      /tmp/build-reformatted.log,
      /tmp/magellan-skill-hash-GqhB2g,
      /tmp/magellan-ai-tooling-aJKzoq,
      /tmp/node-compile-cache,
      /tmp/tmp.15Y0vO6kTy,
      /tmp/magellan-run-ledger-jwhgQl,
      /tmp/magellan-skill-validator-UUxcZd,
      /tmp/gate-contract.txt,
      /tmp/.org.chromium.Chromium.7tMm1f,
      /tmp/tmp.DzGPUMfnLc,
      /tmp/magellan-ai-tooling-3vgfmt,
      /tmp/compose-up2.log,
      /tmp/phpunit_icon_5cs0gc5kkiiibpzntZb_test.svg,
      /tmp/magellan-ai-tooling-Vd25Jy,
      /tmp/legacy-connection-config-cleanup7716071123686562427,
      /tmp/magellan-skill-validator-gdhnxI,
      /tmp/TsPvAMiHFadz2ZNSSSqHR,
      /tmp/xfs-4c034394,
      /tmp/magellan-ai-tooling-qSSZPK,
      /tmp/phpunit_icon_c31j9sp2grluaLWxLsH_test.png,
      /tmp/magellan-ai-tooling-0ycJwA,
      /tmp/magellan-ai-tooling-r5gUsV,
      /tmp/magellan-ai-tooling-qgpFkW,
      /tmp/magellan-ai-tooling-XvL0tH,
      /tmp/magellan-ai-tooling-sXMLfF,
      /tmp/magellan-ai-tooling-Dtm8jq,
      /tmp/magellan-skill-validator-DFS4th,
      /tmp/cards-zu9DJ6,
      /tmp/magellan-skill-validator-Bng1Qe,
      /tmp/magellan-ai-tooling-XADo98,
      /tmp/phpunit_icon_eq7ulv7h1aca7di9G52,
      /tmp/magellan-run-ledger-qLzHg3,
      /tmp/phpunit_icon_34lhehl8j32bfk1H0lO_test.png,
      /tmp/magellan-ai-tooling-VffASU,
      /tmp/hh406DbkFEcMtfJaswFrO,
      /tmp/magellan-ai-tooling-eFJAnw,
      /tmp/7tm4pqUWHgk3X_FNQGoTx,
      /tmp/pio69-owner-zapytania.png,
      /tmp/magellan-skill-validator-yhy7DK,
      /tmp/PqVZB2_9BlFLVnF2TvSMA,
      /tmp/T21-jAhpIHUxZmJ5dqDMo,
      /tmp/run-navigation-4.log,
      /tmp/brief_build.sh,
      /tmp/probe3.sh,
      /tmp/magellan-skill-validator-Imu9tS,
      /tmp/events.html,
      /tmp/magellan-skill-validator-YYigAU,
      /tmp/magellan-ai-tooling-5jP2Ir,
      /tmp/phpunit_icon_9062pg5896tkbVtISTC,
      /tmp/magellan-ai-tooling-oO2hGG,
      /tmp/lintout.txt,
      /tmp/magellan-ai-tooling-PZo0kd,
      /tmp/magellan-skill-validator-BqRvdp,
      /tmp/phpunit_icon_2nojpqmmbglp7F34MFM_test.png,
      /tmp/sbd2.pom,
      /tmp/magellan-ai-tooling-OkVKsD,
      /tmp/cards-NTrF2h,
      /tmp/phpunit_icon_o2ki8euh8kiu5N5ZDvT_test.svg,
      /tmp/LRVt_OwTHT9dQEggibVBr,
      /tmp/F7D0ESBGBJ0uqAB9IVrhb,
      /tmp/blog_cache_test_njlvajt5i0v76cIyIqC,
      /tmp/phpunit_icon_kf1qppk1qa19dJctJfY_test.svg,
      /tmp/o8MdYtWx3WSgYLU3pvTHT,
      /tmp/magellan-skill-validator-SAlJWQ,
      /tmp/.org.chromium.Chromium.nMwGXy,
      /tmp/magellan-run-ledger-aWiaUF,
      /tmp/new_pw_config.ts,
      /tmp/phpunit_icon_6irr4pnn590sfFGlnzf,
      /tmp/magellan-ai-tooling-3rGFoy,
      /tmp/magellan-skill-validator-OQXUKX,
      /tmp/blog_cache_test_tr0k9ef77ictc5sgpDJ,
      /tmp/magellan-skill-validator-O7UncK,
      /tmp/legacy-topic-cleanup1560166879453181239,
      /tmp/_COC6USh-O_qBt_vbdTdc,
      /tmp/magellan-run-ledger-OYuwyC,
      /tmp/magellan-ai-tooling-7Hnovn,
      /tmp/OwMEJrAV9CjwqhnzYiSfw,
      /tmp/magellan-ai-tooling-DIb7A4,
      /tmp/cards-ixohhn,
      /tmp/kotlin-daemon.2026-09-08.23-05-34-322.00.log,
      /tmp/tmp.UaEK1Sb52v,
      /tmp/tmp.AGGMnNFope,
      /tmp/magellan-ai-tooling-bGhWye,
      /tmp/tmp.xuuO1MCotG,
      /tmp/HTvBSUNaJLARk38R_F2m6,
      /tmp/magellan-skill-validator-LuSh72,
      /tmp/oms-import-upload-test-10396035785079936530,
      /tmp/tmp.vUPG4VDfbo,
      /tmp/v-ocHHBDMRpk_N5dovE-g,
      /tmp/magellan-ai-tooling-idhWZF,
      /tmp/magellan-ai-tooling-LosLiJ,
      /tmp/run-public.log,
      /tmp/kotlin-daemon.2026-09-09.00-12-55-314.00.log,
      /tmp/magellan-ai-tooling-tNBtAS,
      /tmp/magellan-ai-tooling-t2t78i,
      /tmp/magellan-skill-validator-sXh2r0,
      /tmp/.bun-1000-b8b4789fcd6de580.node,
      /tmp/magellan-ai-tooling-diKW8C,
      /tmp/magellan-ai-tooling-vddW3m,
      /tmp/magellan-run-ledger-oYBVql,
      /tmp/tmp.puzRt4pWxi,
      /tmp/I_XJVwKKSXRzzhUTVQR_o,
      /tmp/phpunit_icon_hp4t81g0b2vu2KuhQEF_test.svg,
      /tmp/run-events.log,
      /tmp/repro5-step1.png,
      /tmp/compare-run1.log,
      /tmp/com.google.Chrome.LodUEd,
      /tmp/phpunit_icon_9062pg5896tkbVtISTC_test.svg,
      /tmp/run-editors-email.log,
      /tmp/magellan-ai-tooling-ikz9AS,
      /tmp/systemd-private-69eb74b91a084dd08b9f790575f5873e-systemd-logind.service-btRI6i,
      /tmp/blog_cache_bad_9hnr4je0cko4ce7Ac3a,
      /tmp/magellan-ai-tooling-FMxBUK,
      /tmp/kivvi-import-zcnSpw,
      /tmp/magellan-skill-validator-NrcQI7,
      /tmp/magellan-ai-tooling-hweert,
      /tmp/tmp.DzZ7mKXlri,
      /tmp/magellan-ai-tooling-eR0Gfs,
      /tmp/magellan-ai-tooling-AiZXZB,
      /tmp/pio69-owner-uslugi-dodatkowe.png,
      /tmp/magellan-skill-validator-kbvP30,
      /tmp/magellan-ai-tooling-1pNCwf,
      /tmp/kivvi-mvn-verify.log,
      /tmp/magellan-skill-validator-X0FiGo,
      /tmp/magellan-ai-tooling-4qo2BT,
      /tmp/magellan-skill-validator-O1qIOy,
      /tmp/tmp.1jWBquK4M3,
      /tmp/magellan-ai-tooling-Eexo5G,
      /tmp/magellan-ai-tooling-AV7bxf,
      /tmp/magellan-ai-tooling-3uXH3B,
      /tmp/magellan-ai-tooling-GOhkq7,
      /tmp/magellan-skill-validator-ym7mOW,
      /tmp/magellan-run-ledger-Ld5hSg,
      /tmp/magellan-ai-tooling-q640KJ,
      /tmp/magellan-skill-validator-3cgFD3,
      /tmp/oms-import-upload-test-4222195753883059379,
      /tmp/magellan-skill-validator-xH1177,
      /tmp/magellan-ai-tooling-mGzJzL,
      /tmp/cards-BVJDPv,
      /tmp/.org.chromium.Chromium.xhbQoM,
      /tmp/magellan-ai-tooling-Pjw1cy,
      /tmp/magellan-run-ledger-B0MZ2G,
      /tmp/cards-XyZ2aD,
      /tmp/xfs-9e22b6ca,
      /tmp/phpunit_icon_5lfab3l1t6nk9KeuQ8y,
      /tmp/magellan-ai-tooling-AUbMIV,
      /tmp/aws-serverless-mcp-server-deployments,
      /tmp/magellan-ai-tooling-5D0i94,
      /tmp/Rm6jXaJ7kJYO2-0-U5_Nq,
      /tmp/magellan-ai-tooling-h4BkXL,
      /tmp/tmp.gZe5uU2qU9,
      /tmp/tmp.BGbplanMFN,
      /tmp/magellan-skill-validator-NAl9nO,
      /tmp/1_FS1UUhYfiUwPjHcY-OK,
      /tmp/magellan-skill-validator-603Oeb,
      /tmp/magellan-ai-tooling-rHiudE,
      /tmp/magellan-run-ledger-rPjmuI,
      /tmp/magellan-skill-validator-MIMsLT,
      /tmp/kotlin-daemon.2026-09-03.10-29-37-791.00.log,
      /tmp/vite3.log,
      /tmp/PiXbxMASONBAGzEVTNOyj,
      /tmp/FrT1iBPk4dKTGmu0bTSC8,
      /tmp/inv.txt,
      /tmp/magellan-skill-validator-BGQjSs,
      /tmp/magellan-ai-tooling-qExFdU,
      /tmp/texts_diff_5.txt,
      /tmp/magellan-ai-tooling-Ly4v3z,
      /tmp/magellan-ai-tooling-OBOtEz,
      /tmp/blog_cache_test_otbf8nvll6rp760EyPu,
      /tmp/static-arch.txt,
      /tmp/magellan-run-ledger-H2OlfW,
      /tmp/4YNg_H-eZaVGPsyHxs8Pb] (HashSet@2a718598)
[ERROR] Tests run: 90, Failures: 1, Errors: 0, Skipped: 1
[ERROR] Failed to execute goal org.apache.maven.plugins:maven-failsafe-plugin:3.5.6:verify (default) on project kivvi-click: There are test failures.
[ERROR] 
[ERROR] See /home/muszkin/work/kivvi-click-wt/verify-wave-4-integration/backend/target/failsafe-reports for the individual test results.
[ERROR] See dump files (if any exist) [date].dump, [date]-jvmRun[N].dump and [date].dumpstream.
[ERROR] -> [Help 1]
[ERROR] 
[ERROR] To see the full stack trace of the errors, re-run Maven with the -e switch.
[ERROR] Re-run Maven using the -X switch to enable full debug logging.
[ERROR] 
[ERROR] For more information about the errors and possible solutions, please read the following articles:
[ERROR] [Help 1] http://cwiki.apache.org/confluence/display/MAVEN/MojoFailureException
EXIT_CODE=0

[exited with code 0]
