WARNING: A terminally deprecated method in sun.misc.Unsafe has been called
WARNING: sun.misc.Unsafe::staticFieldBase has been called by com.google.inject.internal.aop.HiddenClassDefiner (file:/home/muszkin/.m2/wrapper/dists/apache-maven-3.9.11/a2d47e15/lib/guice-5.1.0-classes.jar)
WARNING: Please consider reporting this to the maintainers of class com.google.inject.internal.aop.HiddenClassDefiner
WARNING: sun.misc.Unsafe::staticFieldBase will be removed in a future release
10:28:03.952 [main] INFO click.kivvi.infrastructure.scheduling.HeartbeatJob -- Scheduler heartbeat tick.
10:28:03.956 [main] INFO click.kivvi.infrastructure.tracking.EventDedupCleanupJob -- Event dedup cleanup removed 3 expired row(s).
10:28:04.124 [main] INFO com.tngtech.archunit.core.PluginLoader -- Detected Java version 25.0.4.1
10:28:06.198 [main] INFO org.springframework.test.context.support.AnnotationConfigContextLoaderUtils -- Could not detect default configuration classes for test class [click.kivvi.web.SettingsControllerTest]: SettingsControllerTest does not declare any static, non-private, non-final, nested classes annotated with @Configuration.
10:28:06.334 [main] INFO org.springframework.boot.test.context.SpringBootTestContextBootstrapper -- Found @SpringBootConfiguration click.kivvi.KivviApplication for test class click.kivvi.web.SettingsControllerTest
10:28:06.335 [main] INFO org.springframework.test.context.support.AnnotationConfigContextLoaderUtils -- Could not detect default configuration classes for test class [click.kivvi.web.SettingsControllerTest]: SettingsControllerTest does not declare any static, non-private, non-final, nested classes annotated with @Configuration.
10:28:06.343 [main] INFO org.springframework.boot.test.context.SpringBootTestContextBootstrapper -- Found @SpringBootConfiguration click.kivvi.KivviApplication for test class click.kivvi.web.SettingsControllerTest

  .   ____          _            __ _ _
 /\\ / ___'_ __ _ _(_)_ __  __ _ \ \ \ \
( ( )\___ | '_ | '_| | '_ \/ _` | \ \ \ \
 \\/  ___)| |_)| | | | | || (_| |  ) ) ) )
  '  |____| .__|_| |_|_| |_\__, | / / / /
 =========|_|==============|___/=/_/_/_/

 :: Spring Boot ::                (v4.1.1)

2026-09-09T10:28:06.641Z  INFO 1476737 --- [kivvi-click] [           main] click.kivvi.web.SettingsControllerTest   : Starting SettingsControllerTest using Java 25.0.4.1 with PID 1476737 (started by muszkin in /home/muszkin/work/kivvi-click-wt/verify-final-integration/backend)
2026-09-09T10:28:06.642Z  INFO 1476737 --- [kivvi-click] [           main] click.kivvi.web.SettingsControllerTest   : No active profile set, falling back to 1 default profile: "default"
2026-09-09T10:28:07.068Z  INFO 1476737 --- [kivvi-click] [           main] o.s.b.w.a.WelcomePageHandlerMapping      : Adding welcome page: class path resource [static/index.html]
2026-09-09T10:28:07.238Z  INFO 1476737 --- [kivvi-click] [           main] o.s.b.t.m.w.SpringBootMockServletContext : Initializing Spring TestDispatcherServlet ''
2026-09-09T10:28:07.238Z  INFO 1476737 --- [kivvi-click] [           main] o.s.t.web.servlet.TestDispatcherServlet  : Initializing Servlet ''
2026-09-09T10:28:07.239Z  INFO 1476737 --- [kivvi-click] [           main] o.s.t.web.servlet.TestDispatcherServlet  : Completed initialization in 1 ms
2026-09-09T10:28:07.261Z  INFO 1476737 --- [kivvi-click] [           main] click.kivvi.web.SettingsControllerTest   : Started SettingsControllerTest in 0.887 seconds (process running for 4.914)
OpenJDK 64-Bit Server VM warning: Sharing is only supported for boot loader classes because bootstrap classpath has been appended
2026-09-09T10:28:07.813Z  INFO 1476737 --- [kivvi-click] [           main] t.c.s.AnnotationConfigContextLoaderUtils : Could not detect default configuration classes for test class [click.kivvi.web.CampaignsControllerTest]: CampaignsControllerTest does not declare any static, non-private, non-final, nested classes annotated with @Configuration.
2026-09-09T10:28:07.820Z  INFO 1476737 --- [kivvi-click] [           main] .b.t.c.SpringBootTestContextBootstrapper : Found @SpringBootConfiguration click.kivvi.KivviApplication for test class click.kivvi.web.CampaignsControllerTest
2026-09-09T10:28:07.820Z  INFO 1476737 --- [kivvi-click] [           main] t.c.s.AnnotationConfigContextLoaderUtils : Could not detect default configuration classes for test class [click.kivvi.web.CampaignsControllerTest]: CampaignsControllerTest does not declare any static, non-private, non-final, nested classes annotated with @Configuration.
2026-09-09T10:28:07.825Z  INFO 1476737 --- [kivvi-click] [           main] .b.t.c.SpringBootTestContextBootstrapper : Found @SpringBootConfiguration click.kivvi.KivviApplication for test class click.kivvi.web.CampaignsControllerTest

  .   ____          _            __ _ _
 /\\ / ___'_ __ _ _(_)_ __  __ _ \ \ \ \
( ( )\___ | '_ | '_| | '_ \/ _` | \ \ \ \
 \\/  ___)| |_)| | | | | || (_| |  ) ) ) )
  '  |____| .__|_| |_|_| |_\__, | / / / /
 =========|_|==============|___/=/_/_/_/

 :: Spring Boot ::                (v4.1.1)

2026-09-09T10:28:07.851Z  INFO 1476737 --- [kivvi-click] [           main] c.kivvi.web.CampaignsControllerTest      : Starting CampaignsControllerTest using Java 25.0.4.1 with PID 1476737 (started by muszkin in /home/muszkin/work/kivvi-click-wt/verify-final-integration/backend)
2026-09-09T10:28:07.851Z  INFO 1476737 --- [kivvi-click] [           main] c.kivvi.web.CampaignsControllerTest      : No active profile set, falling back to 1 default profile: "default"
2026-09-09T10:28:07.974Z  INFO 1476737 --- [kivvi-click] [           main] o.s.b.w.a.WelcomePageHandlerMapping      : Adding welcome page: class path resource [static/index.html]
2026-09-09T10:28:08.017Z  INFO 1476737 --- [kivvi-click] [           main] o.s.b.t.m.w.SpringBootMockServletContext : Initializing Spring TestDispatcherServlet ''
2026-09-09T10:28:08.018Z  INFO 1476737 --- [kivvi-click] [           main] o.s.t.web.servlet.TestDispatcherServlet  : Initializing Servlet ''
2026-09-09T10:28:08.018Z  INFO 1476737 --- [kivvi-click] [           main] o.s.t.web.servlet.TestDispatcherServlet  : Completed initialization in 0 ms
2026-09-09T10:28:08.024Z  INFO 1476737 --- [kivvi-click] [           main] c.kivvi.web.CampaignsControllerTest      : Started CampaignsControllerTest in 0.195 seconds (process running for 5.677)
2026-09-09T10:28:08.079Z  INFO 1476737 --- [kivvi-click] [           main] .b.t.c.SpringBootTestContextBootstrapper : Found @SpringBootConfiguration click.kivvi.KivviApplication for test class click.kivvi.web.CollectControllerTest
2026-09-09T10:28:08.083Z  INFO 1476737 --- [kivvi-click] [           main] .b.t.c.SpringBootTestContextBootstrapper : Found @SpringBootConfiguration click.kivvi.KivviApplication for test class click.kivvi.web.CollectControllerTest

  .   ____          _            __ _ _
 /\\ / ___'_ __ _ _(_)_ __  __ _ \ \ \ \
( ( )\___ | '_ | '_| | '_ \/ _` | \ \ \ \
 \\/  ___)| |_)| | | | | || (_| |  ) ) ) )
  '  |____| .__|_| |_|_| |_\__, | / / / /
 =========|_|==============|___/=/_/_/_/

 :: Spring Boot ::                (v4.1.1)

2026-09-09T10:28:08.102Z  INFO 1476737 --- [kivvi-click] [           main] click.kivvi.web.CollectControllerTest    : Starting CollectControllerTest using Java 25.0.4.1 with PID 1476737 (started by muszkin in /home/muszkin/work/kivvi-click-wt/verify-final-integration/backend)
2026-09-09T10:28:08.102Z  INFO 1476737 --- [kivvi-click] [           main] click.kivvi.web.CollectControllerTest    : No active profile set, falling back to 1 default profile: "default"
2026-09-09T10:28:08.274Z  INFO 1476737 --- [kivvi-click] [           main] o.s.b.w.a.WelcomePageHandlerMapping      : Adding welcome page: class path resource [static/index.html]
2026-09-09T10:28:08.293Z  INFO 1476737 --- [kivvi-click] [           main] o.s.b.t.m.w.SpringBootMockServletContext : Initializing Spring TestDispatcherServlet ''
2026-09-09T10:28:08.293Z  INFO 1476737 --- [kivvi-click] [           main] o.s.t.web.servlet.TestDispatcherServlet  : Initializing Servlet ''
2026-09-09T10:28:08.294Z  INFO 1476737 --- [kivvi-click] [           main] o.s.t.web.servlet.TestDispatcherServlet  : Completed initialization in 1 ms
2026-09-09T10:28:08.299Z  INFO 1476737 --- [kivvi-click] [           main] click.kivvi.web.CollectControllerTest    : Started CollectControllerTest in 0.213 seconds (process running for 5.952)
2026-09-09T10:28:08.375Z  INFO 1476737 --- [kivvi-click] [           main] t.c.s.AnnotationConfigContextLoaderUtils : Could not detect default configuration classes for test class [click.kivvi.web.AutomationsControllerTest]: AutomationsControllerTest does not declare any static, non-private, non-final, nested classes annotated with @Configuration.
2026-09-09T10:28:08.378Z  INFO 1476737 --- [kivvi-click] [           main] .b.t.c.SpringBootTestContextBootstrapper : Found @SpringBootConfiguration click.kivvi.KivviApplication for test class click.kivvi.web.AutomationsControllerTest
2026-09-09T10:28:08.379Z  INFO 1476737 --- [kivvi-click] [           main] t.c.s.AnnotationConfigContextLoaderUtils : Could not detect default configuration classes for test class [click.kivvi.web.AutomationsControllerTest]: AutomationsControllerTest does not declare any static, non-private, non-final, nested classes annotated with @Configuration.
2026-09-09T10:28:08.382Z  INFO 1476737 --- [kivvi-click] [           main] .b.t.c.SpringBootTestContextBootstrapper : Found @SpringBootConfiguration click.kivvi.KivviApplication for test class click.kivvi.web.AutomationsControllerTest

  .   ____          _            __ _ _
 /\\ / ___'_ __ _ _(_)_ __  __ _ \ \ \ \
( ( )\___ | '_ | '_| | '_ \/ _` | \ \ \ \
 \\/  ___)| |_)| | | | | || (_| |  ) ) ) )
  '  |____| .__|_| |_|_| |_\__, | / / / /
 =========|_|==============|___/=/_/_/_/

 :: Spring Boot ::                (v4.1.1)

2026-09-09T10:28:08.397Z  INFO 1476737 --- [kivvi-click] [           main] c.kivvi.web.AutomationsControllerTest    : Starting AutomationsControllerTest using Java 25.0.4.1 with PID 1476737 (started by muszkin in /home/muszkin/work/kivvi-click-wt/verify-final-integration/backend)
2026-09-09T10:28:08.398Z  INFO 1476737 --- [kivvi-click] [           main] c.kivvi.web.AutomationsControllerTest    : No active profile set, falling back to 1 default profile: "default"
2026-09-09T10:28:08.496Z  INFO 1476737 --- [kivvi-click] [           main] o.s.b.w.a.WelcomePageHandlerMapping      : Adding welcome page: class path resource [static/index.html]
2026-09-09T10:28:08.520Z  INFO 1476737 --- [kivvi-click] [           main] o.s.b.t.m.w.SpringBootMockServletContext : Initializing Spring TestDispatcherServlet ''
2026-09-09T10:28:08.520Z  INFO 1476737 --- [kivvi-click] [           main] o.s.t.web.servlet.TestDispatcherServlet  : Initializing Servlet ''
2026-09-09T10:28:08.521Z  INFO 1476737 --- [kivvi-click] [           main] o.s.t.web.servlet.TestDispatcherServlet  : Completed initialization in 1 ms
2026-09-09T10:28:08.525Z  INFO 1476737 --- [kivvi-click] [           main] c.kivvi.web.AutomationsControllerTest    : Started AutomationsControllerTest in 0.141 seconds (process running for 6.178)
2026-09-09T10:28:08.578Z  INFO 1476737 --- [kivvi-click] [           main] t.c.s.AnnotationConfigContextLoaderUtils : Could not detect default configuration classes for test class [click.kivvi.web.FeedsControllerTest]: FeedsControllerTest does not declare any static, non-private, non-final, nested classes annotated with @Configuration.
2026-09-09T10:28:08.582Z  INFO 1476737 --- [kivvi-click] [           main] .b.t.c.SpringBootTestContextBootstrapper : Found @SpringBootConfiguration click.kivvi.KivviApplication for test class click.kivvi.web.FeedsControllerTest
2026-09-09T10:28:08.582Z  INFO 1476737 --- [kivvi-click] [           main] t.c.s.AnnotationConfigContextLoaderUtils : Could not detect default configuration classes for test class [click.kivvi.web.FeedsControllerTest]: FeedsControllerTest does not declare any static, non-private, non-final, nested classes annotated with @Configuration.
2026-09-09T10:28:08.586Z  INFO 1476737 --- [kivvi-click] [           main] .b.t.c.SpringBootTestContextBootstrapper : Found @SpringBootConfiguration click.kivvi.KivviApplication for test class click.kivvi.web.FeedsControllerTest

  .   ____          _            __ _ _
 /\\ / ___'_ __ _ _(_)_ __  __ _ \ \ \ \
( ( )\___ | '_ | '_| | '_ \/ _` | \ \ \ \
 \\/  ___)| |_)| | | | | || (_| |  ) ) ) )
  '  |____| .__|_| |_|_| |_\__, | / / / /
 =========|_|==============|___/=/_/_/_/

 :: Spring Boot ::                (v4.1.1)

2026-09-09T10:28:08.603Z  INFO 1476737 --- [kivvi-click] [           main] click.kivvi.web.FeedsControllerTest      : Starting FeedsControllerTest using Java 25.0.4.1 with PID 1476737 (started by muszkin in /home/muszkin/work/kivvi-click-wt/verify-final-integration/backend)
2026-09-09T10:28:08.603Z  INFO 1476737 --- [kivvi-click] [           main] click.kivvi.web.FeedsControllerTest      : No active profile set, falling back to 1 default profile: "default"
2026-09-09T10:28:08.688Z  INFO 1476737 --- [kivvi-click] [           main] o.s.b.w.a.WelcomePageHandlerMapping      : Adding welcome page: class path resource [static/index.html]
2026-09-09T10:28:08.712Z  INFO 1476737 --- [kivvi-click] [           main] o.s.b.t.m.w.SpringBootMockServletContext : Initializing Spring TestDispatcherServlet ''
2026-09-09T10:28:08.712Z  INFO 1476737 --- [kivvi-click] [           main] o.s.t.web.servlet.TestDispatcherServlet  : Initializing Servlet ''
2026-09-09T10:28:08.712Z  INFO 1476737 --- [kivvi-click] [           main] o.s.t.web.servlet.TestDispatcherServlet  : Completed initialization in 0 ms
2026-09-09T10:28:08.715Z  INFO 1476737 --- [kivvi-click] [           main] click.kivvi.web.FeedsControllerTest      : Started FeedsControllerTest in 0.127 seconds (process running for 6.368)
2026-09-09T10:28:08.743Z  INFO 1476737 --- [kivvi-click] [           main] t.c.s.AnnotationConfigContextLoaderUtils : Could not detect default configuration classes for test class [click.kivvi.web.WidgetControllerTest]: WidgetControllerTest does not declare any static, non-private, non-final, nested classes annotated with @Configuration.
2026-09-09T10:28:08.748Z  INFO 1476737 --- [kivvi-click] [           main] .b.t.c.SpringBootTestContextBootstrapper : Found @SpringBootConfiguration click.kivvi.KivviApplication for test class click.kivvi.web.WidgetControllerTest
2026-09-09T10:28:08.748Z  INFO 1476737 --- [kivvi-click] [           main] t.c.s.AnnotationConfigContextLoaderUtils : Could not detect default configuration classes for test class [click.kivvi.web.WidgetControllerTest]: WidgetControllerTest does not declare any static, non-private, non-final, nested classes annotated with @Configuration.
2026-09-09T10:28:08.752Z  INFO 1476737 --- [kivvi-click] [           main] .b.t.c.SpringBootTestContextBootstrapper : Found @SpringBootConfiguration click.kivvi.KivviApplication for test class click.kivvi.web.WidgetControllerTest

  .   ____          _            __ _ _
 /\\ / ___'_ __ _ _(_)_ __  __ _ \ \ \ \
( ( )\___ | '_ | '_| | '_ \/ _` | \ \ \ \
 \\/  ___)| |_)| | | | | || (_| |  ) ) ) )
  '  |____| .__|_| |_|_| |_\__, | / / / /
 =========|_|==============|___/=/_/_/_/

 :: Spring Boot ::                (v4.1.1)

2026-09-09T10:28:08.767Z  INFO 1476737 --- [kivvi-click] [           main] click.kivvi.web.WidgetControllerTest     : Starting WidgetControllerTest using Java 25.0.4.1 with PID 1476737 (started by muszkin in /home/muszkin/work/kivvi-click-wt/verify-final-integration/backend)
2026-09-09T10:28:08.767Z  INFO 1476737 --- [kivvi-click] [           main] click.kivvi.web.WidgetControllerTest     : No active profile set, falling back to 1 default profile: "default"
2026-09-09T10:28:08.837Z  INFO 1476737 --- [kivvi-click] [           main] o.s.b.w.a.WelcomePageHandlerMapping      : Adding welcome page: class path resource [static/index.html]
2026-09-09T10:28:08.857Z  INFO 1476737 --- [kivvi-click] [           main] o.s.b.t.m.w.SpringBootMockServletContext : Initializing Spring TestDispatcherServlet ''
2026-09-09T10:28:08.857Z  INFO 1476737 --- [kivvi-click] [           main] o.s.t.web.servlet.TestDispatcherServlet  : Initializing Servlet ''
2026-09-09T10:28:08.857Z  INFO 1476737 --- [kivvi-click] [           main] o.s.t.web.servlet.TestDispatcherServlet  : Completed initialization in 0 ms
2026-09-09T10:28:08.860Z  INFO 1476737 --- [kivvi-click] [           main] click.kivvi.web.WidgetControllerTest     : Started WidgetControllerTest in 0.106 seconds (process running for 6.513)
2026-09-09T10:28:08.901Z  INFO 1476737 --- [kivvi-click] [           main] t.c.s.AnnotationConfigContextLoaderUtils : Could not detect default configuration classes for test class [click.kivvi.web.LoginControllerTest]: LoginControllerTest does not declare any static, non-private, non-final, nested classes annotated with @Configuration.
2026-09-09T10:28:08.905Z  INFO 1476737 --- [kivvi-click] [           main] .b.t.c.SpringBootTestContextBootstrapper : Found @SpringBootConfiguration click.kivvi.KivviApplication for test class click.kivvi.web.LoginControllerTest
2026-09-09T10:28:08.905Z  INFO 1476737 --- [kivvi-click] [           main] t.c.s.AnnotationConfigContextLoaderUtils : Could not detect default configuration classes for test class [click.kivvi.web.LoginControllerTest]: LoginControllerTest does not declare any static, non-private, non-final, nested classes annotated with @Configuration.
2026-09-09T10:28:08.908Z  INFO 1476737 --- [kivvi-click] [           main] .b.t.c.SpringBootTestContextBootstrapper : Found @SpringBootConfiguration click.kivvi.KivviApplication for test class click.kivvi.web.LoginControllerTest

  .   ____          _            __ _ _
 /\\ / ___'_ __ _ _(_)_ __  __ _ \ \ \ \
( ( )\___ | '_ | '_| | '_ \/ _` | \ \ \ \
 \\/  ___)| |_)| | | | | || (_| |  ) ) ) )
  '  |____| .__|_| |_|_| |_\__, | / / / /
 =========|_|==============|___/=/_/_/_/

 :: Spring Boot ::                (v4.1.1)

2026-09-09T10:28:08.919Z  INFO 1476737 --- [kivvi-click] [           main] click.kivvi.web.LoginControllerTest      : Starting LoginControllerTest using Java 25.0.4.1 with PID 1476737 (started by muszkin in /home/muszkin/work/kivvi-click-wt/verify-final-integration/backend)
2026-09-09T10:28:08.920Z  INFO 1476737 --- [kivvi-click] [           main] click.kivvi.web.LoginControllerTest      : No active profile set, falling back to 1 default profile: "default"
2026-09-09T10:28:08.984Z  INFO 1476737 --- [kivvi-click] [           main] o.s.b.w.a.WelcomePageHandlerMapping      : Adding welcome page: class path resource [static/index.html]
2026-09-09T10:28:09.004Z  INFO 1476737 --- [kivvi-click] [           main] o.s.b.t.m.w.SpringBootMockServletContext : Initializing Spring TestDispatcherServlet ''
2026-09-09T10:28:09.004Z  INFO 1476737 --- [kivvi-click] [           main] o.s.t.web.servlet.TestDispatcherServlet  : Initializing Servlet ''
2026-09-09T10:28:09.005Z  INFO 1476737 --- [kivvi-click] [           main] o.s.t.web.servlet.TestDispatcherServlet  : Completed initialization in 1 ms
2026-09-09T10:28:09.008Z  INFO 1476737 --- [kivvi-click] [           main] click.kivvi.web.LoginControllerTest      : Started LoginControllerTest in 0.098 seconds (process running for 6.661)
2026-09-09T10:28:09.026Z  INFO 1476737 --- [kivvi-click] [           main] t.c.s.AnnotationConfigContextLoaderUtils : Could not detect default configuration classes for test class [click.kivvi.web.ImportUploadControllerTest]: ImportUploadControllerTest does not declare any static, non-private, non-final, nested classes annotated with @Configuration.
2026-09-09T10:28:09.032Z  INFO 1476737 --- [kivvi-click] [           main] .b.t.c.SpringBootTestContextBootstrapper : Found @SpringBootConfiguration click.kivvi.KivviApplication for test class click.kivvi.web.ImportUploadControllerTest
2026-09-09T10:28:09.032Z  INFO 1476737 --- [kivvi-click] [           main] t.c.s.AnnotationConfigContextLoaderUtils : Could not detect default configuration classes for test class [click.kivvi.web.ImportUploadControllerTest]: ImportUploadControllerTest does not declare any static, non-private, non-final, nested classes annotated with @Configuration.
2026-09-09T10:28:09.036Z  INFO 1476737 --- [kivvi-click] [           main] .b.t.c.SpringBootTestContextBootstrapper : Found @SpringBootConfiguration click.kivvi.KivviApplication for test class click.kivvi.web.ImportUploadControllerTest

  .   ____          _            __ _ _
 /\\ / ___'_ __ _ _(_)_ __  __ _ \ \ \ \
( ( )\___ | '_ | '_| | '_ \/ _` | \ \ \ \
 \\/  ___)| |_)| | | | | || (_| |  ) ) ) )
  '  |____| .__|_| |_|_| |_\__, | / / / /
 =========|_|==============|___/=/_/_/_/

 :: Spring Boot ::                (v4.1.1)

2026-09-09T10:28:09.049Z  INFO 1476737 --- [kivvi-click] [           main] c.kivvi.web.ImportUploadControllerTest   : Starting ImportUploadControllerTest using Java 25.0.4.1 with PID 1476737 (started by muszkin in /home/muszkin/work/kivvi-click-wt/verify-final-integration/backend)
2026-09-09T10:28:09.049Z  INFO 1476737 --- [kivvi-click] [           main] c.kivvi.web.ImportUploadControllerTest   : No active profile set, falling back to 1 default profile: "default"
2026-09-09T10:28:09.110Z  INFO 1476737 --- [kivvi-click] [           main] o.s.b.w.a.WelcomePageHandlerMapping      : Adding welcome page: class path resource [static/index.html]
2026-09-09T10:28:09.131Z  INFO 1476737 --- [kivvi-click] [           main] o.s.b.t.m.w.SpringBootMockServletContext : Initializing Spring TestDispatcherServlet ''
2026-09-09T10:28:09.131Z  INFO 1476737 --- [kivvi-click] [           main] o.s.t.web.servlet.TestDispatcherServlet  : Initializing Servlet ''
2026-09-09T10:28:09.132Z  INFO 1476737 --- [kivvi-click] [           main] o.s.t.web.servlet.TestDispatcherServlet  : Completed initialization in 1 ms
2026-09-09T10:28:09.134Z  INFO 1476737 --- [kivvi-click] [           main] c.kivvi.web.ImportUploadControllerTest   : Started ImportUploadControllerTest in 0.096 seconds (process running for 6.787)
2026-09-09T10:28:09.148Z  INFO 1476737 --- [kivvi-click] [           main] t.c.s.AnnotationConfigContextLoaderUtils : Could not detect default configuration classes for test class [click.kivvi.web.ImportControllerTest]: ImportControllerTest does not declare any static, non-private, non-final, nested classes annotated with @Configuration.
2026-09-09T10:28:09.152Z  INFO 1476737 --- [kivvi-click] [           main] .b.t.c.SpringBootTestContextBootstrapper : Found @SpringBootConfiguration click.kivvi.KivviApplication for test class click.kivvi.web.ImportControllerTest
2026-09-09T10:28:09.153Z  INFO 1476737 --- [kivvi-click] [           main] t.c.s.AnnotationConfigContextLoaderUtils : Could not detect default configuration classes for test class [click.kivvi.web.ImportControllerTest]: ImportControllerTest does not declare any static, non-private, non-final, nested classes annotated with @Configuration.
2026-09-09T10:28:09.155Z  INFO 1476737 --- [kivvi-click] [           main] .b.t.c.SpringBootTestContextBootstrapper : Found @SpringBootConfiguration click.kivvi.KivviApplication for test class click.kivvi.web.ImportControllerTest

  .   ____          _            __ _ _
 /\\ / ___'_ __ _ _(_)_ __  __ _ \ \ \ \
( ( )\___ | '_ | '_| | '_ \/ _` | \ \ \ \
 \\/  ___)| |_)| | | | | || (_| |  ) ) ) )
  '  |____| .__|_| |_|_| |_\__, | / / / /
 =========|_|==============|___/=/_/_/_/

 :: Spring Boot ::                (v4.1.1)

2026-09-09T10:28:09.167Z  INFO 1476737 --- [kivvi-click] [           main] click.kivvi.web.ImportControllerTest     : Starting ImportControllerTest using Java 25.0.4.1 with PID 1476737 (started by muszkin in /home/muszkin/work/kivvi-click-wt/verify-final-integration/backend)
2026-09-09T10:28:09.168Z  INFO 1476737 --- [kivvi-click] [           main] click.kivvi.web.ImportControllerTest     : No active profile set, falling back to 1 default profile: "default"
2026-09-09T10:28:09.234Z  INFO 1476737 --- [kivvi-click] [           main] o.s.b.w.a.WelcomePageHandlerMapping      : Adding welcome page: class path resource [static/index.html]
2026-09-09T10:28:09.250Z  INFO 1476737 --- [kivvi-click] [           main] o.s.b.t.m.w.SpringBootMockServletContext : Initializing Spring TestDispatcherServlet ''
2026-09-09T10:28:09.250Z  INFO 1476737 --- [kivvi-click] [           main] o.s.t.web.servlet.TestDispatcherServlet  : Initializing Servlet ''
2026-09-09T10:28:09.251Z  INFO 1476737 --- [kivvi-click] [           main] o.s.t.web.servlet.TestDispatcherServlet  : Completed initialization in 1 ms
2026-09-09T10:28:09.253Z  INFO 1476737 --- [kivvi-click] [           main] click.kivvi.web.ImportControllerTest     : Started ImportControllerTest in 0.096 seconds (process running for 6.906)
2026-09-09T10:28:09.285Z  INFO 1476737 --- [kivvi-click] [           main] t.c.s.AnnotationConfigContextLoaderUtils : Could not detect default configuration classes for test class [click.kivvi.web.CustomersControllerTest]: CustomersControllerTest does not declare any static, non-private, non-final, nested classes annotated with @Configuration.
2026-09-09T10:28:09.289Z  INFO 1476737 --- [kivvi-click] [           main] .b.t.c.SpringBootTestContextBootstrapper : Found @SpringBootConfiguration click.kivvi.KivviApplication for test class click.kivvi.web.CustomersControllerTest
2026-09-09T10:28:09.289Z  INFO 1476737 --- [kivvi-click] [           main] t.c.s.AnnotationConfigContextLoaderUtils : Could not detect default configuration classes for test class [click.kivvi.web.CustomersControllerTest]: CustomersControllerTest does not declare any static, non-private, non-final, nested classes annotated with @Configuration.
2026-09-09T10:28:09.292Z  INFO 1476737 --- [kivvi-click] [           main] .b.t.c.SpringBootTestContextBootstrapper : Found @SpringBootConfiguration click.kivvi.KivviApplication for test class click.kivvi.web.CustomersControllerTest

  .   ____          _            __ _ _
 /\\ / ___'_ __ _ _(_)_ __  __ _ \ \ \ \
( ( )\___ | '_ | '_| | '_ \/ _` | \ \ \ \
 \\/  ___)| |_)| | | | | || (_| |  ) ) ) )
  '  |____| .__|_| |_|_| |_\__, | / / / /
 =========|_|==============|___/=/_/_/_/

 :: Spring Boot ::                (v4.1.1)

2026-09-09T10:28:09.302Z  INFO 1476737 --- [kivvi-click] [           main] c.kivvi.web.CustomersControllerTest      : Starting CustomersControllerTest using Java 25.0.4.1 with PID 1476737 (started by muszkin in /home/muszkin/work/kivvi-click-wt/verify-final-integration/backend)
2026-09-09T10:28:09.303Z  INFO 1476737 --- [kivvi-click] [           main] c.kivvi.web.CustomersControllerTest      : No active profile set, falling back to 1 default profile: "default"
2026-09-09T10:28:09.370Z  INFO 1476737 --- [kivvi-click] [           main] o.s.b.w.a.WelcomePageHandlerMapping      : Adding welcome page: class path resource [static/index.html]
2026-09-09T10:28:09.386Z  INFO 1476737 --- [kivvi-click] [           main] o.s.b.t.m.w.SpringBootMockServletContext : Initializing Spring TestDispatcherServlet ''
2026-09-09T10:28:09.387Z  INFO 1476737 --- [kivvi-click] [           main] o.s.t.web.servlet.TestDispatcherServlet  : Initializing Servlet ''
2026-09-09T10:28:09.387Z  INFO 1476737 --- [kivvi-click] [           main] o.s.t.web.servlet.TestDispatcherServlet  : Completed initialization in 0 ms
2026-09-09T10:28:09.389Z  INFO 1476737 --- [kivvi-click] [           main] c.kivvi.web.CustomersControllerTest      : Started CustomersControllerTest in 0.096 seconds (process running for 7.042)
2026-09-09T10:28:09.427Z  INFO 1476737 --- [kivvi-click] [           main] t.c.s.AnnotationConfigContextLoaderUtils : Could not detect default configuration classes for test class [click.kivvi.web.LandingControllerTest]: LandingControllerTest does not declare any static, non-private, non-final, nested classes annotated with @Configuration.
2026-09-09T10:28:09.431Z  INFO 1476737 --- [kivvi-click] [           main] .b.t.c.SpringBootTestContextBootstrapper : Found @SpringBootConfiguration click.kivvi.KivviApplication for test class click.kivvi.web.LandingControllerTest
2026-09-09T10:28:09.432Z  INFO 1476737 --- [kivvi-click] [           main] t.c.s.AnnotationConfigContextLoaderUtils : Could not detect default configuration classes for test class [click.kivvi.web.LandingControllerTest]: LandingControllerTest does not declare any static, non-private, non-final, nested classes annotated with @Configuration.
2026-09-09T10:28:09.434Z  INFO 1476737 --- [kivvi-click] [           main] .b.t.c.SpringBootTestContextBootstrapper : Found @SpringBootConfiguration click.kivvi.KivviApplication for test class click.kivvi.web.LandingControllerTest

  .   ____          _            __ _ _
 /\\ / ___'_ __ _ _(_)_ __  __ _ \ \ \ \
( ( )\___ | '_ | '_| | '_ \/ _` | \ \ \ \
 \\/  ___)| |_)| | | | | || (_| |  ) ) ) )
  '  |____| .__|_| |_|_| |_\__, | / / / /
 =========|_|==============|___/=/_/_/_/

 :: Spring Boot ::                (v4.1.1)

2026-09-09T10:28:09.445Z  INFO 1476737 --- [kivvi-click] [           main] click.kivvi.web.LandingControllerTest    : Starting LandingControllerTest using Java 25.0.4.1 with PID 1476737 (started by muszkin in /home/muszkin/work/kivvi-click-wt/verify-final-integration/backend)
2026-09-09T10:28:09.445Z  INFO 1476737 --- [kivvi-click] [           main] click.kivvi.web.LandingControllerTest    : No active profile set, falling back to 1 default profile: "default"
2026-09-09T10:28:09.500Z  INFO 1476737 --- [kivvi-click] [           main] o.s.b.w.a.WelcomePageHandlerMapping      : Adding welcome page: class path resource [static/index.html]
2026-09-09T10:28:09.516Z  INFO 1476737 --- [kivvi-click] [           main] o.s.b.t.m.w.SpringBootMockServletContext : Initializing Spring TestDispatcherServlet ''
2026-09-09T10:28:09.517Z  INFO 1476737 --- [kivvi-click] [           main] o.s.t.web.servlet.TestDispatcherServlet  : Initializing Servlet ''
2026-09-09T10:28:09.517Z  INFO 1476737 --- [kivvi-click] [           main] o.s.t.web.servlet.TestDispatcherServlet  : Completed initialization in 0 ms
2026-09-09T10:28:09.519Z  INFO 1476737 --- [kivvi-click] [           main] click.kivvi.web.LandingControllerTest    : Started LandingControllerTest in 0.083 seconds (process running for 7.172)
2026-09-09T10:28:09.539Z  INFO 1476737 --- [kivvi-click] [           main] t.c.s.AnnotationConfigContextLoaderUtils : Could not detect default configuration classes for test class [click.kivvi.web.EventsControllerTest]: EventsControllerTest does not declare any static, non-private, non-final, nested classes annotated with @Configuration.
2026-09-09T10:28:09.542Z  INFO 1476737 --- [kivvi-click] [           main] .b.t.c.SpringBootTestContextBootstrapper : Found @SpringBootConfiguration click.kivvi.KivviApplication for test class click.kivvi.web.EventsControllerTest
2026-09-09T10:28:09.543Z  INFO 1476737 --- [kivvi-click] [           main] t.c.s.AnnotationConfigContextLoaderUtils : Could not detect default configuration classes for test class [click.kivvi.web.EventsControllerTest]: EventsControllerTest does not declare any static, non-private, non-final, nested classes annotated with @Configuration.
2026-09-09T10:28:09.545Z  INFO 1476737 --- [kivvi-click] [           main] .b.t.c.SpringBootTestContextBootstrapper : Found @SpringBootConfiguration click.kivvi.KivviApplication for test class click.kivvi.web.EventsControllerTest

  .   ____          _            __ _ _
 /\\ / ___'_ __ _ _(_)_ __  __ _ \ \ \ \
( ( )\___ | '_ | '_| | '_ \/ _` | \ \ \ \
 \\/  ___)| |_)| | | | | || (_| |  ) ) ) )
  '  |____| .__|_| |_|_| |_\__, | / / / /
 =========|_|==============|___/=/_/_/_/

 :: Spring Boot ::                (v4.1.1)

2026-09-09T10:28:09.555Z  INFO 1476737 --- [kivvi-click] [           main] click.kivvi.web.EventsControllerTest     : Starting EventsControllerTest using Java 25.0.4.1 with PID 1476737 (started by muszkin in /home/muszkin/work/kivvi-click-wt/verify-final-integration/backend)
2026-09-09T10:28:09.556Z  INFO 1476737 --- [kivvi-click] [           main] click.kivvi.web.EventsControllerTest     : No active profile set, falling back to 1 default profile: "default"
2026-09-09T10:28:09.612Z  INFO 1476737 --- [kivvi-click] [           main] o.s.b.w.a.WelcomePageHandlerMapping      : Adding welcome page: class path resource [static/index.html]
2026-09-09T10:28:09.629Z  INFO 1476737 --- [kivvi-click] [           main] o.s.b.t.m.w.SpringBootMockServletContext : Initializing Spring TestDispatcherServlet ''
2026-09-09T10:28:09.629Z  INFO 1476737 --- [kivvi-click] [           main] o.s.t.web.servlet.TestDispatcherServlet  : Initializing Servlet ''
2026-09-09T10:28:09.629Z  INFO 1476737 --- [kivvi-click] [           main] o.s.t.web.servlet.TestDispatcherServlet  : Completed initialization in 0 ms
2026-09-09T10:28:09.632Z  INFO 1476737 --- [kivvi-click] [           main] click.kivvi.web.EventsControllerTest     : Started EventsControllerTest in 0.085 seconds (process running for 7.285)
2026-09-09T10:28:09.650Z  INFO 1476737 --- [kivvi-click] [           main] t.c.s.AnnotationConfigContextLoaderUtils : Could not detect default configuration classes for test class [click.kivvi.web.DashboardControllerTest]: DashboardControllerTest does not declare any static, non-private, non-final, nested classes annotated with @Configuration.
2026-09-09T10:28:09.653Z  INFO 1476737 --- [kivvi-click] [           main] .b.t.c.SpringBootTestContextBootstrapper : Found @SpringBootConfiguration click.kivvi.KivviApplication for test class click.kivvi.web.DashboardControllerTest
2026-09-09T10:28:09.653Z  INFO 1476737 --- [kivvi-click] [           main] t.c.s.AnnotationConfigContextLoaderUtils : Could not detect default configuration classes for test class [click.kivvi.web.DashboardControllerTest]: DashboardControllerTest does not declare any static, non-private, non-final, nested classes annotated with @Configuration.
2026-09-09T10:28:09.656Z  INFO 1476737 --- [kivvi-click] [           main] .b.t.c.SpringBootTestContextBootstrapper : Found @SpringBootConfiguration click.kivvi.KivviApplication for test class click.kivvi.web.DashboardControllerTest

  .   ____          _            __ _ _
 /\\ / ___'_ __ _ _(_)_ __  __ _ \ \ \ \
( ( )\___ | '_ | '_| | '_ \/ _` | \ \ \ \
 \\/  ___)| |_)| | | | | || (_| |  ) ) ) )
  '  |____| .__|_| |_|_| |_\__, | / / / /
 =========|_|==============|___/=/_/_/_/

 :: Spring Boot ::                (v4.1.1)

2026-09-09T10:28:09.667Z  INFO 1476737 --- [kivvi-click] [           main] c.kivvi.web.DashboardControllerTest      : Starting DashboardControllerTest using Java 25.0.4.1 with PID 1476737 (started by muszkin in /home/muszkin/work/kivvi-click-wt/verify-final-integration/backend)
2026-09-09T10:28:09.667Z  INFO 1476737 --- [kivvi-click] [           main] c.kivvi.web.DashboardControllerTest      : No active profile set, falling back to 1 default profile: "default"
2026-09-09T10:28:09.730Z  INFO 1476737 --- [kivvi-click] [           main] o.s.b.w.a.WelcomePageHandlerMapping      : Adding welcome page: class path resource [static/index.html]
2026-09-09T10:28:09.745Z  INFO 1476737 --- [kivvi-click] [           main] o.s.b.t.m.w.SpringBootMockServletContext : Initializing Spring TestDispatcherServlet ''
2026-09-09T10:28:09.745Z  INFO 1476737 --- [kivvi-click] [           main] o.s.t.web.servlet.TestDispatcherServlet  : Initializing Servlet ''
2026-09-09T10:28:09.745Z  INFO 1476737 --- [kivvi-click] [           main] o.s.t.web.servlet.TestDispatcherServlet  : Completed initialization in 0 ms
2026-09-09T10:28:09.747Z  INFO 1476737 --- [kivvi-click] [           main] c.kivvi.web.DashboardControllerTest      : Started DashboardControllerTest in 0.09 seconds (process running for 7.4)
2026-09-09T10:28:09.769Z  INFO 1476737 --- [kivvi-click] [           main] t.c.s.AnnotationConfigContextLoaderUtils : Could not detect default configuration classes for test class [click.kivvi.web.SpaDocumentControllerTest]: SpaDocumentControllerTest does not declare any static, non-private, non-final, nested classes annotated with @Configuration.
2026-09-09T10:28:09.772Z  INFO 1476737 --- [kivvi-click] [           main] .b.t.c.SpringBootTestContextBootstrapper : Found @SpringBootConfiguration click.kivvi.KivviApplication for test class click.kivvi.web.SpaDocumentControllerTest
2026-09-09T10:28:09.773Z  INFO 1476737 --- [kivvi-click] [           main] t.c.s.AnnotationConfigContextLoaderUtils : Could not detect default configuration classes for test class [click.kivvi.web.SpaDocumentControllerTest]: SpaDocumentControllerTest does not declare any static, non-private, non-final, nested classes annotated with @Configuration.
2026-09-09T10:28:09.775Z  INFO 1476737 --- [kivvi-click] [           main] .b.t.c.SpringBootTestContextBootstrapper : Found @SpringBootConfiguration click.kivvi.KivviApplication for test class click.kivvi.web.SpaDocumentControllerTest

  .   ____          _            __ _ _
 /\\ / ___'_ __ _ _(_)_ __  __ _ \ \ \ \
( ( )\___ | '_ | '_| | '_ \/ _` | \ \ \ \
 \\/  ___)| |_)| | | | | || (_| |  ) ) ) )
  '  |____| .__|_| |_|_| |_\__, | / / / /
 =========|_|==============|___/=/_/_/_/

 :: Spring Boot ::                (v4.1.1)

2026-09-09T10:28:09.785Z  INFO 1476737 --- [kivvi-click] [           main] c.kivvi.web.SpaDocumentControllerTest    : Starting SpaDocumentControllerTest using Java 25.0.4.1 with PID 1476737 (started by muszkin in /home/muszkin/work/kivvi-click-wt/verify-final-integration/backend)
2026-09-09T10:28:09.785Z  INFO 1476737 --- [kivvi-click] [           main] c.kivvi.web.SpaDocumentControllerTest    : No active profile set, falling back to 1 default profile: "default"
2026-09-09T10:28:09.847Z  INFO 1476737 --- [kivvi-click] [           main] o.s.b.w.a.WelcomePageHandlerMapping      : Adding welcome page: class path resource [static/index.html]
2026-09-09T10:28:09.863Z  INFO 1476737 --- [kivvi-click] [           main] o.s.b.t.m.w.SpringBootMockServletContext : Initializing Spring TestDispatcherServlet ''
2026-09-09T10:28:09.863Z  INFO 1476737 --- [kivvi-click] [           main] o.s.t.web.servlet.TestDispatcherServlet  : Initializing Servlet ''
2026-09-09T10:28:09.864Z  INFO 1476737 --- [kivvi-click] [           main] o.s.t.web.servlet.TestDispatcherServlet  : Completed initialization in 1 ms
2026-09-09T10:28:09.867Z  INFO 1476737 --- [kivvi-click] [           main] c.kivvi.web.SpaDocumentControllerTest    : Started SpaDocumentControllerTest in 0.089 seconds (process running for 7.52)
2026-09-09T10:28:09.950Z  INFO 1476737 --- [kivvi-click] [           main] t.c.s.AnnotationConfigContextLoaderUtils : Could not detect default configuration classes for test class [click.kivvi.web.PreferencesControllerTest]: PreferencesControllerTest does not declare any static, non-private, non-final, nested classes annotated with @Configuration.
2026-09-09T10:28:09.954Z  INFO 1476737 --- [kivvi-click] [           main] .b.t.c.SpringBootTestContextBootstrapper : Found @SpringBootConfiguration click.kivvi.KivviApplication for test class click.kivvi.web.PreferencesControllerTest
2026-09-09T10:28:09.955Z  INFO 1476737 --- [kivvi-click] [           main] t.c.s.AnnotationConfigContextLoaderUtils : Could not detect default configuration classes for test class [click.kivvi.web.PreferencesControllerTest]: PreferencesControllerTest does not declare any static, non-private, non-final, nested classes annotated with @Configuration.
2026-09-09T10:28:09.957Z  INFO 1476737 --- [kivvi-click] [           main] .b.t.c.SpringBootTestContextBootstrapper : Found @SpringBootConfiguration click.kivvi.KivviApplication for test class click.kivvi.web.PreferencesControllerTest

  .   ____          _            __ _ _
 /\\ / ___'_ __ _ _(_)_ __  __ _ \ \ \ \
( ( )\___ | '_ | '_| | '_ \/ _` | \ \ \ \
 \\/  ___)| |_)| | | | | || (_| |  ) ) ) )
  '  |____| .__|_| |_|_| |_\__, | / / / /
 =========|_|==============|___/=/_/_/_/

 :: Spring Boot ::                (v4.1.1)

2026-09-09T10:28:09.967Z  INFO 1476737 --- [kivvi-click] [           main] c.kivvi.web.PreferencesControllerTest    : Starting PreferencesControllerTest using Java 25.0.4.1 with PID 1476737 (started by muszkin in /home/muszkin/work/kivvi-click-wt/verify-final-integration/backend)
2026-09-09T10:28:09.967Z  INFO 1476737 --- [kivvi-click] [           main] c.kivvi.web.PreferencesControllerTest    : No active profile set, falling back to 1 default profile: "default"
2026-09-09T10:28:10.026Z  INFO 1476737 --- [kivvi-click] [           main] o.s.b.w.a.WelcomePageHandlerMapping      : Adding welcome page: class path resource [static/index.html]
2026-09-09T10:28:10.035Z  INFO 1476737 --- [kivvi-click] [           main] o.s.b.t.m.w.SpringBootMockServletContext : Initializing Spring TestDispatcherServlet ''
2026-09-09T10:28:10.035Z  INFO 1476737 --- [kivvi-click] [           main] o.s.t.web.servlet.TestDispatcherServlet  : Initializing Servlet ''
2026-09-09T10:28:10.035Z  INFO 1476737 --- [kivvi-click] [           main] o.s.t.web.servlet.TestDispatcherServlet  : Completed initialization in 0 ms
2026-09-09T10:28:10.037Z  INFO 1476737 --- [kivvi-click] [           main] c.kivvi.web.PreferencesControllerTest    : Started PreferencesControllerTest in 0.079 seconds (process running for 7.69)
10:28:11.246 [main] INFO org.testcontainers.images.PullPolicy -- Image pull policy will be performed by: DefaultPullPolicy()
10:28:11.250 [main] INFO org.testcontainers.utility.ImageNameSubstitutor -- Image name substitution will be performed by: DefaultImageNameSubstitutor (composite of 'ConfigurationFileImageNameSubstitutor' and 'PrefixingImageNameSubstitutor')
10:28:11.276 [main] INFO org.testcontainers.DockerClientFactory -- Testcontainers version: 2.0.5
10:28:11.416 [main] INFO org.testcontainers.dockerclient.DockerClientProviderStrategy -- Loaded org.testcontainers.dockerclient.UnixSocketClientProviderStrategy from ~/.testcontainers.properties, will try it first
10:28:11.767 [main] INFO org.testcontainers.dockerclient.DockerClientProviderStrategy -- Found Docker environment with local Unix socket (unix:///var/run/docker.sock)
10:28:11.769 [main] INFO org.testcontainers.DockerClientFactory -- Docker host IP address is localhost
10:28:11.782 [main] INFO org.testcontainers.DockerClientFactory -- Connected to docker: 
  Server Version: 29.8.0
  API Version: 1.56
  Operating System: Ubuntu 24.04.4 LTS
  Total Memory: 128182 MB
10:28:11.819 [main] INFO tc.testcontainers/ryuk:0.14.0 -- Creating container for image: testcontainers/ryuk:0.14.0
10:28:11.824 [main] INFO org.testcontainers.utility.RegistryAuthLocator -- Failure when attempting to lookup auth config. Please ignore if you don't have images in an authenticated registry. Details: (dockerImageName: testcontainers/ryuk:0.14.0, configFile: /home/muszkin/.docker/config.json, configEnv: DOCKER_AUTH_CONFIG). Falling back to docker-java default behaviour. Exception message: Status 404: No config supplied. Checked in order: /home/muszkin/.docker/config.json (file not found), DOCKER_AUTH_CONFIG (not set)
10:28:11.911 [main] INFO tc.testcontainers/ryuk:0.14.0 -- Container testcontainers/ryuk:0.14.0 is starting: 6bdaab01ca062c23a3badd171a698ae52b61eb5a26b6a917646e8bee3c55236f
10:28:12.191 [main] INFO tc.testcontainers/ryuk:0.14.0 -- Container testcontainers/ryuk:0.14.0 started in PT0.372414176S
10:28:12.196 [main] INFO org.testcontainers.utility.RyukResourceReaper -- Ryuk started - will monitor and terminate Testcontainers containers on JVM exit
10:28:12.196 [main] INFO org.testcontainers.DockerClientFactory -- Checking the system...
10:28:12.196 [main] INFO org.testcontainers.DockerClientFactory -- ✔︎ Docker server version should be at least 1.6.0
10:28:12.197 [main] INFO tc.postgres:18-alpine -- Creating container for image: postgres:18-alpine
10:28:12.229 [main] INFO tc.postgres:18-alpine -- Container postgres:18-alpine is starting: 6310e7dc28a3223074d3a3bfd0b7aa7d85ed85eff03cd5f1155bd7155f1984d8
10:28:13.580 [main] INFO tc.postgres:18-alpine -- Container postgres:18-alpine started in PT1.383253354S
10:28:13.581 [main] INFO tc.postgres:18-alpine -- Container is started (JDBC URL: jdbc:postgresql://localhost:34883/test?loggerLevel=OFF)
10:28:13.651 [main] INFO org.springframework.test.context.support.AnnotationConfigContextLoaderUtils -- Could not detect default configuration classes for test class [click.kivvi.ShellPagesIT]: ShellPagesIT does not declare any static, non-private, non-final, nested classes annotated with @Configuration.
10:28:13.748 [main] INFO org.springframework.boot.test.context.SpringBootTestContextBootstrapper -- Found @SpringBootConfiguration click.kivvi.KivviApplication for test class click.kivvi.ShellPagesIT
10:28:13.795 [main] INFO org.springframework.test.context.support.AnnotationConfigContextLoaderUtils -- Could not detect default configuration classes for test class [click.kivvi.ShellPagesIT]: ShellPagesIT does not declare any static, non-private, non-final, nested classes annotated with @Configuration.
10:28:13.799 [main] INFO org.springframework.boot.test.context.SpringBootTestContextBootstrapper -- Found @SpringBootConfiguration click.kivvi.KivviApplication for test class click.kivvi.ShellPagesIT

  .   ____          _            __ _ _
 /\\ / ___'_ __ _ _(_)_ __  __ _ \ \ \ \
( ( )\___ | '_ | '_| | '_ \/ _` | \ \ \ \
 \\/  ___)| |_)| | | | | || (_| |  ) ) ) )
  '  |____| .__|_| |_|_| |_\__, | / / / /
 =========|_|==============|___/=/_/_/_/

 :: Spring Boot ::                (v4.1.1)

2026-09-09T10:28:14.035Z  INFO 1477561 --- [kivvi-click] [           main] click.kivvi.ShellPagesIT                 : Starting ShellPagesIT using Java 25.0.4.1 with PID 1477561 (started by muszkin in /home/muszkin/work/kivvi-click-wt/verify-final-integration/backend)
2026-09-09T10:28:14.040Z  INFO 1477561 --- [kivvi-click] [           main] click.kivvi.ShellPagesIT                 : No active profile set, falling back to 1 default profile: "default"
2026-09-09T10:28:15.223Z  INFO 1477561 --- [kivvi-click] [           main] o.s.boot.tomcat.TomcatWebServer          : Tomcat initialized with port 0 (http)
2026-09-09T10:28:15.235Z  INFO 1477561 --- [kivvi-click] [           main] o.apache.catalina.core.StandardService   : Starting service [Tomcat]
2026-09-09T10:28:15.238Z  INFO 1477561 --- [kivvi-click] [           main] o.apache.catalina.core.StandardEngine    : Starting Servlet engine: [Apache Tomcat/11.0.24]
2026-09-09T10:28:15.266Z  INFO 1477561 --- [kivvi-click] [           main] b.w.c.s.WebApplicationContextInitializer : Root WebApplicationContext: initialization completed in 1212 ms
2026-09-09T10:28:15.684Z  INFO 1477561 --- [kivvi-click] [           main] org.flywaydb.core.FlywayExecutor         : Database: jdbc:postgresql://localhost:34883/test?loggerLevel=OFF (PostgreSQL 18.6)
2026-09-09T10:28:15.723Z  INFO 1477561 --- [kivvi-click] [           main] o.f.c.i.s.JdbcTableSchemaHistory         : Schema history table "public"."flyway_schema_history" does not exist yet
2026-09-09T10:28:15.726Z  INFO 1477561 --- [kivvi-click] [           main] o.f.core.internal.command.DbValidate     : Successfully validated 1 migration (execution time 00:00.011s)
2026-09-09T10:28:15.737Z  INFO 1477561 --- [kivvi-click] [           main] o.f.c.i.s.JdbcTableSchemaHistory         : Creating Schema History table "public"."flyway_schema_history" ...
2026-09-09T10:28:15.784Z  INFO 1477561 --- [kivvi-click] [           main] o.f.core.internal.command.DbMigrate      : Current version of schema "public": << Empty Schema >>
2026-09-09T10:28:15.793Z  INFO 1477561 --- [kivvi-click] [           main] o.f.core.internal.command.DbMigrate      : Migrating schema "public" to version "1 - baseline"
2026-09-09T10:28:15.820Z  INFO 1477561 --- [kivvi-click] [           main] o.f.core.internal.command.DbMigrate      : Successfully applied 1 migration to schema "public", now at version v1 (execution time 00:00.019s)
2026-09-09T10:28:15.985Z  INFO 1477561 --- [kivvi-click] [           main] o.s.b.w.a.WelcomePageHandlerMapping      : Adding welcome page: class path resource [static/index.html]
2026-09-09T10:28:16.341Z  INFO 1477561 --- [kivvi-click] [           main] com.zaxxer.hikari.HikariDataSource       : HikariPool-1 - Starting...
2026-09-09T10:28:16.358Z  INFO 1477561 --- [kivvi-click] [           main] com.zaxxer.hikari.pool.HikariPool        : HikariPool-1 - Added connection org.postgresql.jdbc.PgConnection@90b9695
2026-09-09T10:28:16.359Z  INFO 1477561 --- [kivvi-click] [           main] com.zaxxer.hikari.HikariDataSource       : HikariPool-1 - Start completed.
2026-09-09T10:28:16.397Z  INFO 1477561 --- [kivvi-click] [           main] o.s.b.a.e.web.EndpointLinksResolver      : Exposing 1 endpoint beneath base path '/actuator'
2026-09-09T10:28:16.443Z  INFO 1477561 --- [kivvi-click] [           main] o.s.boot.tomcat.TomcatWebServer          : Tomcat started on port 44173 (http) with context path '/'
2026-09-09T10:28:16.463Z  INFO 1477561 --- [kivvi-click] [           main] click.kivvi.ShellPagesIT                 : Started ShellPagesIT in 2.625 seconds (process running for 5.946)
2026-09-09T10:28:16.483Z  INFO 1477561 --- [kivvi-click] [eat-scheduler-1] c.k.i.scheduling.HeartbeatJob            : Scheduler heartbeat tick.
2026-09-09T10:28:16.495Z  INFO 1477561 --- [kivvi-click] [eat-scheduler-1] c.k.i.tracking.EventDedupCleanupJob      : Event dedup cleanup removed 0 expired row(s).
OpenJDK 64-Bit Server VM warning: Sharing is only supported for boot loader classes because bootstrap classpath has been appended
2026-09-09T10:28:17.006Z  INFO 1477561 --- [kivvi-click] [o-auto-1-exec-1] o.a.c.c.C.[Tomcat].[localhost].[/]       : Initializing Spring DispatcherServlet 'dispatcherServlet'
2026-09-09T10:28:17.006Z  INFO 1477561 --- [kivvi-click] [o-auto-1-exec-1] o.s.web.servlet.DispatcherServlet        : Initializing Servlet 'dispatcherServlet'
2026-09-09T10:28:17.007Z  INFO 1477561 --- [kivvi-click] [o-auto-1-exec-1] o.s.web.servlet.DispatcherServlet        : Completed initialization in 1 ms
2026-09-09T10:28:17.886Z  INFO 1477561 --- [kivvi-click] [           main] tc.postgres:18-alpine                    : Creating container for image: postgres:18-alpine
2026-09-09T10:28:17.904Z  INFO 1477561 --- [kivvi-click] [           main] tc.postgres:18-alpine                    : Container postgres:18-alpine is starting: 763199597fb4800eeb724cb26d534943d007bb26cf9629da1d655c9591d5c27c
2026-09-09T10:28:19.266Z  INFO 1477561 --- [kivvi-click] [           main] tc.postgres:18-alpine                    : Container postgres:18-alpine started in PT1.379828331S
2026-09-09T10:28:19.266Z  INFO 1477561 --- [kivvi-click] [           main] tc.postgres:18-alpine                    : Container is started (JDBC URL: jdbc:postgresql://localhost:34884/test?loggerLevel=OFF)
2026-09-09T10:28:19.267Z  INFO 1477561 --- [kivvi-click] [           main] t.c.s.AnnotationConfigContextLoaderUtils : Could not detect default configuration classes for test class [click.kivvi.CampaignsApiIT]: CampaignsApiIT does not declare any static, non-private, non-final, nested classes annotated with @Configuration.
2026-09-09T10:28:19.270Z  INFO 1477561 --- [kivvi-click] [           main] .b.t.c.SpringBootTestContextBootstrapper : Found @SpringBootConfiguration click.kivvi.KivviApplication for test class click.kivvi.CampaignsApiIT
2026-09-09T10:28:19.271Z  INFO 1477561 --- [kivvi-click] [           main] t.c.s.AnnotationConfigContextLoaderUtils : Could not detect default configuration classes for test class [click.kivvi.CampaignsApiIT]: CampaignsApiIT does not declare any static, non-private, non-final, nested classes annotated with @Configuration.
2026-09-09T10:28:19.272Z  INFO 1477561 --- [kivvi-click] [           main] .b.t.c.SpringBootTestContextBootstrapper : Found @SpringBootConfiguration click.kivvi.KivviApplication for test class click.kivvi.CampaignsApiIT

  .   ____          _            __ _ _
 /\\ / ___'_ __ _ _(_)_ __  __ _ \ \ \ \
( ( )\___ | '_ | '_| | '_ \/ _` | \ \ \ \
 \\/  ___)| |_)| | | | | || (_| |  ) ) ) )
  '  |____| .__|_| |_|_| |_\__, | / / / /
 =========|_|==============|___/=/_/_/_/

 :: Spring Boot ::                (v4.1.1)

2026-09-09T10:28:19.292Z  INFO 1477561 --- [kivvi-click] [           main] click.kivvi.CampaignsApiIT               : Starting CampaignsApiIT using Java 25.0.4.1 with PID 1477561 (started by muszkin in /home/muszkin/work/kivvi-click-wt/verify-final-integration/backend)
2026-09-09T10:28:19.293Z  INFO 1477561 --- [kivvi-click] [           main] click.kivvi.CampaignsApiIT               : No active profile set, falling back to 1 default profile: "default"
2026-09-09T10:28:19.582Z  INFO 1477561 --- [kivvi-click] [           main] o.s.boot.tomcat.TomcatWebServer          : Tomcat initialized with port 0 (http)
2026-09-09T10:28:19.583Z  INFO 1477561 --- [kivvi-click] [           main] o.apache.catalina.core.StandardService   : Starting service [Tomcat]
2026-09-09T10:28:19.583Z  INFO 1477561 --- [kivvi-click] [           main] o.apache.catalina.core.StandardEngine    : Starting Servlet engine: [Apache Tomcat/11.0.24]
2026-09-09T10:28:19.593Z  INFO 1477561 --- [kivvi-click] [           main] b.w.c.s.WebApplicationContextInitializer : Root WebApplicationContext: initialization completed in 299 ms
2026-09-09T10:28:19.698Z  INFO 1477561 --- [kivvi-click] [           main] org.flywaydb.core.FlywayExecutor         : Database: jdbc:postgresql://localhost:34884/test?loggerLevel=OFF (PostgreSQL 18.6)
2026-09-09T10:28:19.710Z  INFO 1477561 --- [kivvi-click] [           main] o.f.c.i.s.JdbcTableSchemaHistory         : Schema history table "public"."flyway_schema_history" does not exist yet
2026-09-09T10:28:19.711Z  INFO 1477561 --- [kivvi-click] [           main] o.f.core.internal.command.DbValidate     : Successfully validated 1 migration (execution time 00:00.002s)
2026-09-09T10:28:19.717Z  INFO 1477561 --- [kivvi-click] [           main] o.f.c.i.s.JdbcTableSchemaHistory         : Creating Schema History table "public"."flyway_schema_history" ...
2026-09-09T10:28:19.740Z  INFO 1477561 --- [kivvi-click] [           main] o.f.core.internal.command.DbMigrate      : Current version of schema "public": << Empty Schema >>
2026-09-09T10:28:19.743Z  INFO 1477561 --- [kivvi-click] [           main] o.f.core.internal.command.DbMigrate      : Migrating schema "public" to version "1 - baseline"
2026-09-09T10:28:19.761Z  INFO 1477561 --- [kivvi-click] [           main] o.f.core.internal.command.DbMigrate      : Successfully applied 1 migration to schema "public", now at version v1 (execution time 00:00.014s)
2026-09-09T10:28:19.801Z  INFO 1477561 --- [kivvi-click] [           main] o.s.b.w.a.WelcomePageHandlerMapping      : Adding welcome page: class path resource [static/index.html]
2026-09-09T10:28:19.867Z  INFO 1477561 --- [kivvi-click] [           main] com.zaxxer.hikari.HikariDataSource       : HikariPool-2 - Starting...
2026-09-09T10:28:19.874Z  INFO 1477561 --- [kivvi-click] [           main] com.zaxxer.hikari.pool.HikariPool        : HikariPool-2 - Added connection org.postgresql.jdbc.PgConnection@44c141ce
2026-09-09T10:28:19.875Z  INFO 1477561 --- [kivvi-click] [           main] com.zaxxer.hikari.HikariDataSource       : HikariPool-2 - Start completed.
2026-09-09T10:28:19.880Z  INFO 1477561 --- [kivvi-click] [           main] o.s.b.a.e.web.EndpointLinksResolver      : Exposing 1 endpoint beneath base path '/actuator'
2026-09-09T10:28:19.889Z  INFO 1477561 --- [kivvi-click] [           main] o.s.boot.tomcat.TomcatWebServer          : Tomcat started on port 33929 (http) with context path '/'
2026-09-09T10:28:19.895Z  INFO 1477561 --- [kivvi-click] [           main] click.kivvi.CampaignsApiIT               : Started CampaignsApiIT in 0.619 seconds (process running for 9.379)
2026-09-09T10:28:19.897Z  INFO 1477561 --- [kivvi-click] [eat-scheduler-1] c.k.i.scheduling.HeartbeatJob            : Scheduler heartbeat tick.
2026-09-09T10:28:19.901Z  INFO 1477561 --- [kivvi-click] [eat-scheduler-1] c.k.i.tracking.EventDedupCleanupJob      : Event dedup cleanup removed 0 expired row(s).
2026-09-09T10:28:19.902Z  INFO 1477561 --- [kivvi-click] [o-auto-2-exec-1] o.a.c.c.C.[Tomcat-1].[localhost].[/]     : Initializing Spring DispatcherServlet 'dispatcherServlet'
2026-09-09T10:28:19.902Z  INFO 1477561 --- [kivvi-click] [o-auto-2-exec-1] o.s.web.servlet.DispatcherServlet        : Initializing Servlet 'dispatcherServlet'
2026-09-09T10:28:19.903Z  INFO 1477561 --- [kivvi-click] [o-auto-2-exec-1] o.s.web.servlet.DispatcherServlet        : Completed initialization in 1 ms
2026-09-09T10:28:20.168Z  INFO 1477561 --- [kivvi-click] [           main] tc.postgres:18-alpine                    : Creating container for image: postgres:18-alpine
2026-09-09T10:28:20.183Z  INFO 1477561 --- [kivvi-click] [           main] tc.postgres:18-alpine                    : Container postgres:18-alpine is starting: 40fc96fb770d698301b2e95bfbddff9183022bbd725a281d5733861ed3a8046b
2026-09-09T10:28:21.521Z  INFO 1477561 --- [kivvi-click] [           main] tc.postgres:18-alpine                    : Container postgres:18-alpine started in PT1.353089894S
2026-09-09T10:28:21.522Z  INFO 1477561 --- [kivvi-click] [           main] tc.postgres:18-alpine                    : Container is started (JDBC URL: jdbc:postgresql://localhost:34885/test?loggerLevel=OFF)
2026-09-09T10:28:21.524Z  INFO 1477561 --- [kivvi-click] [           main] t.c.s.AnnotationConfigContextLoaderUtils : Could not detect default configuration classes for test class [click.kivvi.infrastructure.scheduling.HeartbeatSchedulerIT]: HeartbeatSchedulerIT does not declare any static, non-private, non-final, nested classes annotated with @Configuration.
2026-09-09T10:28:21.536Z  INFO 1477561 --- [kivvi-click] [           main] .b.t.c.SpringBootTestContextBootstrapper : Found @SpringBootConfiguration click.kivvi.KivviApplication for test class click.kivvi.infrastructure.scheduling.HeartbeatSchedulerIT

  .   ____          _            __ _ _
 /\\ / ___'_ __ _ _(_)_ __  __ _ \ \ \ \
( ( )\___ | '_ | '_| | '_ \/ _` | \ \ \ \
 \\/  ___)| |_)| | | | | || (_| |  ) ) ) )
  '  |____| .__|_| |_|_| |_\__, | / / / /
 =========|_|==============|___/=/_/_/_/

 :: Spring Boot ::                (v4.1.1)

2026-09-09T10:28:21.553Z  INFO 1477561 --- [kivvi-click] [           main] c.k.i.scheduling.HeartbeatSchedulerIT    : Starting HeartbeatSchedulerIT using Java 25.0.4.1 with PID 1477561 (started by muszkin in /home/muszkin/work/kivvi-click-wt/verify-final-integration/backend)
2026-09-09T10:28:21.554Z  INFO 1477561 --- [kivvi-click] [           main] c.k.i.scheduling.HeartbeatSchedulerIT    : No active profile set, falling back to 1 default profile: "default"
2026-09-09T10:28:21.748Z  INFO 1477561 --- [kivvi-click] [           main] o.s.boot.tomcat.TomcatWebServer          : Tomcat initialized with port 0 (http)
2026-09-09T10:28:21.749Z  INFO 1477561 --- [kivvi-click] [           main] o.apache.catalina.core.StandardService   : Starting service [Tomcat]
2026-09-09T10:28:21.749Z  INFO 1477561 --- [kivvi-click] [           main] o.apache.catalina.core.StandardEngine    : Starting Servlet engine: [Apache Tomcat/11.0.24]
2026-09-09T10:28:21.756Z  INFO 1477561 --- [kivvi-click] [           main] b.w.c.s.WebApplicationContextInitializer : Root WebApplicationContext: initialization completed in 201 ms
2026-09-09T10:28:21.847Z  INFO 1477561 --- [kivvi-click] [           main] org.flywaydb.core.FlywayExecutor         : Database: jdbc:postgresql://localhost:34885/test?loggerLevel=OFF (PostgreSQL 18.6)
2026-09-09T10:28:21.859Z  INFO 1477561 --- [kivvi-click] [           main] o.f.c.i.s.JdbcTableSchemaHistory         : Schema history table "public"."flyway_schema_history" does not exist yet
2026-09-09T10:28:21.859Z  INFO 1477561 --- [kivvi-click] [           main] o.f.core.internal.command.DbValidate     : Successfully validated 1 migration (execution time 00:00.002s)
2026-09-09T10:28:21.866Z  INFO 1477561 --- [kivvi-click] [           main] o.f.c.i.s.JdbcTableSchemaHistory         : Creating Schema History table "public"."flyway_schema_history" ...
2026-09-09T10:28:21.886Z  INFO 1477561 --- [kivvi-click] [           main] o.f.core.internal.command.DbMigrate      : Current version of schema "public": << Empty Schema >>
2026-09-09T10:28:21.889Z  INFO 1477561 --- [kivvi-click] [           main] o.f.core.internal.command.DbMigrate      : Migrating schema "public" to version "1 - baseline"
2026-09-09T10:28:21.907Z  INFO 1477561 --- [kivvi-click] [           main] o.f.core.internal.command.DbMigrate      : Successfully applied 1 migration to schema "public", now at version v1 (execution time 00:00.014s)
2026-09-09T10:28:21.939Z  INFO 1477561 --- [kivvi-click] [           main] o.s.b.w.a.WelcomePageHandlerMapping      : Adding welcome page: class path resource [static/index.html]
2026-09-09T10:28:21.994Z  INFO 1477561 --- [kivvi-click] [           main] com.zaxxer.hikari.HikariDataSource       : HikariPool-3 - Starting...
2026-09-09T10:28:22.002Z  INFO 1477561 --- [kivvi-click] [           main] com.zaxxer.hikari.pool.HikariPool        : HikariPool-3 - Added connection org.postgresql.jdbc.PgConnection@7f9f3516
2026-09-09T10:28:22.002Z  INFO 1477561 --- [kivvi-click] [           main] com.zaxxer.hikari.HikariDataSource       : HikariPool-3 - Start completed.
2026-09-09T10:28:22.007Z  INFO 1477561 --- [kivvi-click] [           main] o.s.b.a.e.web.EndpointLinksResolver      : Exposing 1 endpoint beneath base path '/actuator'
2026-09-09T10:28:22.016Z  INFO 1477561 --- [kivvi-click] [           main] o.s.boot.tomcat.TomcatWebServer          : Tomcat started on port 45229 (http) with context path '/'
2026-09-09T10:28:22.022Z  INFO 1477561 --- [kivvi-click] [           main] c.k.i.scheduling.HeartbeatSchedulerIT    : Started HeartbeatSchedulerIT in 0.482 seconds (process running for 11.505)
2026-09-09T10:28:22.023Z  INFO 1477561 --- [kivvi-click] [eat-scheduler-1] c.k.i.scheduling.HeartbeatJob            : Scheduler heartbeat tick.
2026-09-09T10:28:22.027Z  INFO 1477561 --- [kivvi-click] [eat-scheduler-1] c.k.i.tracking.EventDedupCleanupJob      : Event dedup cleanup removed 0 expired row(s).
2026-09-09T10:28:22.327Z  INFO 1477561 --- [kivvi-click] [           main] tc.postgres:18-alpine                    : Creating container for image: postgres:18-alpine
2026-09-09T10:28:22.344Z  INFO 1477561 --- [kivvi-click] [           main] tc.postgres:18-alpine                    : Container postgres:18-alpine is starting: ba9a470ebaae3f55c3cf9bd39868ccaf8b9426d8715228c9ee21afb402f87560
2026-09-09T10:28:23.715Z  INFO 1477561 --- [kivvi-click] [           main] tc.postgres:18-alpine                    : Container postgres:18-alpine started in PT1.387908529S
2026-09-09T10:28:23.715Z  INFO 1477561 --- [kivvi-click] [           main] tc.postgres:18-alpine                    : Container is started (JDBC URL: jdbc:postgresql://localhost:34886/test?loggerLevel=OFF)
2026-09-09T10:28:23.716Z  INFO 1477561 --- [kivvi-click] [           main] t.c.s.AnnotationConfigContextLoaderUtils : Could not detect default configuration classes for test class [click.kivvi.infrastructure.tracking.EventDedupStoreIT]: EventDedupStoreIT does not declare any static, non-private, non-final, nested classes annotated with @Configuration.
2026-09-09T10:28:23.727Z  INFO 1477561 --- [kivvi-click] [           main] .b.t.c.SpringBootTestContextBootstrapper : Found @SpringBootConfiguration click.kivvi.KivviApplication for test class click.kivvi.infrastructure.tracking.EventDedupStoreIT
2026-09-09T10:28:23.728Z  INFO 1477561 --- [kivvi-click] [           main] t.c.s.AnnotationConfigContextLoaderUtils : Could not detect default configuration classes for test class [click.kivvi.infrastructure.tracking.EventDedupStoreIT]: EventDedupStoreIT does not declare any static, non-private, non-final, nested classes annotated with @Configuration.
2026-09-09T10:28:23.730Z  INFO 1477561 --- [kivvi-click] [           main] .b.t.c.SpringBootTestContextBootstrapper : Found @SpringBootConfiguration click.kivvi.KivviApplication for test class click.kivvi.infrastructure.tracking.EventDedupStoreIT

  .   ____          _            __ _ _
 /\\ / ___'_ __ _ _(_)_ __  __ _ \ \ \ \
( ( )\___ | '_ | '_| | '_ \/ _` | \ \ \ \
 \\/  ___)| |_)| | | | | || (_| |  ) ) ) )
  '  |____| .__|_| |_|_| |_\__, | / / / /
 =========|_|==============|___/=/_/_/_/

 :: Spring Boot ::                (v4.1.1)

2026-09-09T10:28:23.749Z  INFO 1477561 --- [kivvi-click] [           main] c.k.i.tracking.EventDedupStoreIT         : Starting EventDedupStoreIT using Java 25.0.4.1 with PID 1477561 (started by muszkin in /home/muszkin/work/kivvi-click-wt/verify-final-integration/backend)
2026-09-09T10:28:23.749Z  INFO 1477561 --- [kivvi-click] [           main] c.k.i.tracking.EventDedupStoreIT         : No active profile set, falling back to 1 default profile: "default"
2026-09-09T10:28:24.053Z  INFO 1477561 --- [kivvi-click] [           main] org.flywaydb.core.FlywayExecutor         : Database: jdbc:postgresql://localhost:34886/test?loggerLevel=OFF (PostgreSQL 18.6)
2026-09-09T10:28:24.067Z  INFO 1477561 --- [kivvi-click] [           main] o.f.c.i.s.JdbcTableSchemaHistory         : Schema history table "public"."flyway_schema_history" does not exist yet
2026-09-09T10:28:24.067Z  INFO 1477561 --- [kivvi-click] [           main] o.f.core.internal.command.DbValidate     : Successfully validated 1 migration (execution time 00:00.003s)
2026-09-09T10:28:24.076Z  INFO 1477561 --- [kivvi-click] [           main] o.f.c.i.s.JdbcTableSchemaHistory         : Creating Schema History table "public"."flyway_schema_history" ...
2026-09-09T10:28:24.098Z  INFO 1477561 --- [kivvi-click] [           main] o.f.core.internal.command.DbMigrate      : Current version of schema "public": << Empty Schema >>
2026-09-09T10:28:24.102Z  INFO 1477561 --- [kivvi-click] [           main] o.f.core.internal.command.DbMigrate      : Migrating schema "public" to version "1 - baseline"
2026-09-09T10:28:24.125Z  INFO 1477561 --- [kivvi-click] [           main] o.f.core.internal.command.DbMigrate      : Successfully applied 1 migration to schema "public", now at version v1 (execution time 00:00.018s)
2026-09-09T10:28:24.172Z  INFO 1477561 --- [kivvi-click] [           main] o.s.b.w.a.WelcomePageHandlerMapping      : Adding welcome page: class path resource [static/index.html]
2026-09-09T10:28:24.279Z  INFO 1477561 --- [kivvi-click] [           main] com.zaxxer.hikari.HikariDataSource       : HikariPool-4 - Starting...
2026-09-09T10:28:24.286Z  INFO 1477561 --- [kivvi-click] [           main] com.zaxxer.hikari.pool.HikariPool        : HikariPool-4 - Added connection org.postgresql.jdbc.PgConnection@3bd69a51
2026-09-09T10:28:24.287Z  INFO 1477561 --- [kivvi-click] [           main] com.zaxxer.hikari.HikariDataSource       : HikariPool-4 - Start completed.
2026-09-09T10:28:24.304Z  INFO 1477561 --- [kivvi-click] [           main] o.s.b.a.e.web.EndpointLinksResolver      : Exposing 1 endpoint beneath base path '/actuator'
2026-09-09T10:28:24.320Z  INFO 1477561 --- [kivvi-click] [           main] c.k.i.tracking.EventDedupStoreIT         : Started EventDedupStoreIT in 0.585 seconds (process running for 13.804)
2026-09-09T10:28:24.322Z  INFO 1477561 --- [kivvi-click] [eat-scheduler-1] c.k.i.scheduling.HeartbeatJob            : Scheduler heartbeat tick.
2026-09-09T10:28:24.327Z  INFO 1477561 --- [kivvi-click] [eat-scheduler-1] c.k.i.tracking.EventDedupCleanupJob      : Event dedup cleanup removed 0 expired row(s).
2026-09-09T10:28:24.547Z  INFO 1477561 --- [kivvi-click] [           main] tc.postgres:18-alpine                    : Creating container for image: postgres:18-alpine
2026-09-09T10:28:24.563Z  INFO 1477561 --- [kivvi-click] [           main] tc.postgres:18-alpine                    : Container postgres:18-alpine is starting: 41f39d470d9801ad003bb9111f4c34b751e784e2c51fb97f563399b448563388
2026-09-09T10:28:25.905Z  INFO 1477561 --- [kivvi-click] [           main] tc.postgres:18-alpine                    : Container postgres:18-alpine started in PT1.358048026S
2026-09-09T10:28:25.905Z  INFO 1477561 --- [kivvi-click] [           main] tc.postgres:18-alpine                    : Container is started (JDBC URL: jdbc:postgresql://localhost:34887/test?loggerLevel=OFF)
2026-09-09T10:28:25.906Z  INFO 1477561 --- [kivvi-click] [           main] t.c.s.AnnotationConfigContextLoaderUtils : Could not detect default configuration classes for test class [click.kivvi.LandingApiIT]: LandingApiIT does not declare any static, non-private, non-final, nested classes annotated with @Configuration.
2026-09-09T10:28:25.909Z  INFO 1477561 --- [kivvi-click] [           main] .b.t.c.SpringBootTestContextBootstrapper : Found @SpringBootConfiguration click.kivvi.KivviApplication for test class click.kivvi.LandingApiIT
2026-09-09T10:28:25.909Z  INFO 1477561 --- [kivvi-click] [           main] t.c.s.AnnotationConfigContextLoaderUtils : Could not detect default configuration classes for test class [click.kivvi.LandingApiIT]: LandingApiIT does not declare any static, non-private, non-final, nested classes annotated with @Configuration.
2026-09-09T10:28:25.911Z  INFO 1477561 --- [kivvi-click] [           main] .b.t.c.SpringBootTestContextBootstrapper : Found @SpringBootConfiguration click.kivvi.KivviApplication for test class click.kivvi.LandingApiIT

  .   ____          _            __ _ _
 /\\ / ___'_ __ _ _(_)_ __  __ _ \ \ \ \
( ( )\___ | '_ | '_| | '_ \/ _` | \ \ \ \
 \\/  ___)| |_)| | | | | || (_| |  ) ) ) )
  '  |____| .__|_| |_|_| |_\__, | / / / /
 =========|_|==============|___/=/_/_/_/

 :: Spring Boot ::                (v4.1.1)

2026-09-09T10:28:25.925Z  INFO 1477561 --- [kivvi-click] [           main] click.kivvi.LandingApiIT                 : Starting LandingApiIT using Java 25.0.4.1 with PID 1477561 (started by muszkin in /home/muszkin/work/kivvi-click-wt/verify-final-integration/backend)
2026-09-09T10:28:25.925Z  INFO 1477561 --- [kivvi-click] [           main] click.kivvi.LandingApiIT                 : No active profile set, falling back to 1 default profile: "default"
2026-09-09T10:28:26.091Z  INFO 1477561 --- [kivvi-click] [           main] o.s.boot.tomcat.TomcatWebServer          : Tomcat initialized with port 0 (http)
2026-09-09T10:28:26.092Z  INFO 1477561 --- [kivvi-click] [           main] o.apache.catalina.core.StandardService   : Starting service [Tomcat]
2026-09-09T10:28:26.092Z  INFO 1477561 --- [kivvi-click] [           main] o.apache.catalina.core.StandardEngine    : Starting Servlet engine: [Apache Tomcat/11.0.24]
2026-09-09T10:28:26.099Z  INFO 1477561 --- [kivvi-click] [           main] b.w.c.s.WebApplicationContextInitializer : Root WebApplicationContext: initialization completed in 173 ms
2026-09-09T10:28:26.170Z  INFO 1477561 --- [kivvi-click] [           main] org.flywaydb.core.FlywayExecutor         : Database: jdbc:postgresql://localhost:34887/test?loggerLevel=OFF (PostgreSQL 18.6)
2026-09-09T10:28:26.181Z  INFO 1477561 --- [kivvi-click] [           main] o.f.c.i.s.JdbcTableSchemaHistory         : Schema history table "public"."flyway_schema_history" does not exist yet
2026-09-09T10:28:26.182Z  INFO 1477561 --- [kivvi-click] [           main] o.f.core.internal.command.DbValidate     : Successfully validated 1 migration (execution time 00:00.002s)
2026-09-09T10:28:26.188Z  INFO 1477561 --- [kivvi-click] [           main] o.f.c.i.s.JdbcTableSchemaHistory         : Creating Schema History table "public"."flyway_schema_history" ...
2026-09-09T10:28:26.209Z  INFO 1477561 --- [kivvi-click] [           main] o.f.core.internal.command.DbMigrate      : Current version of schema "public": << Empty Schema >>
2026-09-09T10:28:26.212Z  INFO 1477561 --- [kivvi-click] [           main] o.f.core.internal.command.DbMigrate      : Migrating schema "public" to version "1 - baseline"
2026-09-09T10:28:26.229Z  INFO 1477561 --- [kivvi-click] [           main] o.f.core.internal.command.DbMigrate      : Successfully applied 1 migration to schema "public", now at version v1 (execution time 00:00.014s)
2026-09-09T10:28:26.256Z  INFO 1477561 --- [kivvi-click] [           main] o.s.b.w.a.WelcomePageHandlerMapping      : Adding welcome page: class path resource [static/index.html]
2026-09-09T10:28:26.309Z  INFO 1477561 --- [kivvi-click] [           main] com.zaxxer.hikari.HikariDataSource       : HikariPool-5 - Starting...
2026-09-09T10:28:26.315Z  INFO 1477561 --- [kivvi-click] [           main] com.zaxxer.hikari.pool.HikariPool        : HikariPool-5 - Added connection org.postgresql.jdbc.PgConnection@69f564ab
2026-09-09T10:28:26.315Z  INFO 1477561 --- [kivvi-click] [           main] com.zaxxer.hikari.HikariDataSource       : HikariPool-5 - Start completed.
2026-09-09T10:28:26.319Z  INFO 1477561 --- [kivvi-click] [           main] o.s.b.a.e.web.EndpointLinksResolver      : Exposing 1 endpoint beneath base path '/actuator'
2026-09-09T10:28:26.326Z  INFO 1477561 --- [kivvi-click] [           main] o.s.boot.tomcat.TomcatWebServer          : Tomcat started on port 41579 (http) with context path '/'
2026-09-09T10:28:26.331Z  INFO 1477561 --- [kivvi-click] [           main] click.kivvi.LandingApiIT                 : Started LandingApiIT in 0.418 seconds (process running for 15.814)
2026-09-09T10:28:26.332Z  INFO 1477561 --- [kivvi-click] [eat-scheduler-1] c.k.i.scheduling.HeartbeatJob            : Scheduler heartbeat tick.
2026-09-09T10:28:26.335Z  INFO 1477561 --- [kivvi-click] [eat-scheduler-1] c.k.i.tracking.EventDedupCleanupJob      : Event dedup cleanup removed 0 expired row(s).
2026-09-09T10:28:26.337Z  INFO 1477561 --- [kivvi-click] [o-auto-4-exec-1] o.a.c.c.C.[Tomcat-3].[localhost].[/]     : Initializing Spring DispatcherServlet 'dispatcherServlet'
2026-09-09T10:28:26.337Z  INFO 1477561 --- [kivvi-click] [o-auto-4-exec-1] o.s.web.servlet.DispatcherServlet        : Initializing Servlet 'dispatcherServlet'
2026-09-09T10:28:26.338Z  INFO 1477561 --- [kivvi-click] [o-auto-4-exec-1] o.s.web.servlet.DispatcherServlet        : Completed initialization in 1 ms
2026-09-09T10:28:26.559Z  INFO 1477561 --- [kivvi-click] [           main] tc.postgres:18-alpine                    : Creating container for image: postgres:18-alpine
2026-09-09T10:28:26.576Z  INFO 1477561 --- [kivvi-click] [           main] tc.postgres:18-alpine                    : Container postgres:18-alpine is starting: 1f5e6ae3e78933ca4555941dc55ed0a9260b8d409db17a2ff4ed371ff2dc8801
2026-09-09T10:28:27.908Z  INFO 1477561 --- [kivvi-click] [           main] tc.postgres:18-alpine                    : Container postgres:18-alpine started in PT1.348825306S
2026-09-09T10:28:27.908Z  INFO 1477561 --- [kivvi-click] [           main] tc.postgres:18-alpine                    : Container is started (JDBC URL: jdbc:postgresql://localhost:34888/test?loggerLevel=OFF)
2026-09-09T10:28:27.909Z  INFO 1477561 --- [kivvi-click] [           main] t.c.s.AnnotationConfigContextLoaderUtils : Could not detect default configuration classes for test class [click.kivvi.SettingsApiIT]: SettingsApiIT does not declare any static, non-private, non-final, nested classes annotated with @Configuration.
2026-09-09T10:28:27.912Z  INFO 1477561 --- [kivvi-click] [           main] .b.t.c.SpringBootTestContextBootstrapper : Found @SpringBootConfiguration click.kivvi.KivviApplication for test class click.kivvi.SettingsApiIT
2026-09-09T10:28:27.913Z  INFO 1477561 --- [kivvi-click] [           main] t.c.s.AnnotationConfigContextLoaderUtils : Could not detect default configuration classes for test class [click.kivvi.SettingsApiIT]: SettingsApiIT does not declare any static, non-private, non-final, nested classes annotated with @Configuration.
2026-09-09T10:28:27.915Z  INFO 1477561 --- [kivvi-click] [           main] .b.t.c.SpringBootTestContextBootstrapper : Found @SpringBootConfiguration click.kivvi.KivviApplication for test class click.kivvi.SettingsApiIT

  .   ____          _            __ _ _
 /\\ / ___'_ __ _ _(_)_ __  __ _ \ \ \ \
( ( )\___ | '_ | '_| | '_ \/ _` | \ \ \ \
 \\/  ___)| |_)| | | | | || (_| |  ) ) ) )
  '  |____| .__|_| |_|_| |_\__, | / / / /
 =========|_|==============|___/=/_/_/_/

 :: Spring Boot ::                (v4.1.1)

2026-09-09T10:28:27.927Z  INFO 1477561 --- [kivvi-click] [           main] click.kivvi.SettingsApiIT                : Starting SettingsApiIT using Java 25.0.4.1 with PID 1477561 (started by muszkin in /home/muszkin/work/kivvi-click-wt/verify-final-integration/backend)
2026-09-09T10:28:27.927Z  INFO 1477561 --- [kivvi-click] [           main] click.kivvi.SettingsApiIT                : No active profile set, falling back to 1 default profile: "default"
2026-09-09T10:28:28.077Z  INFO 1477561 --- [kivvi-click] [           main] o.s.boot.tomcat.TomcatWebServer          : Tomcat initialized with port 0 (http)
2026-09-09T10:28:28.077Z  INFO 1477561 --- [kivvi-click] [           main] o.apache.catalina.core.StandardService   : Starting service [Tomcat]
2026-09-09T10:28:28.078Z  INFO 1477561 --- [kivvi-click] [           main] o.apache.catalina.core.StandardEngine    : Starting Servlet engine: [Apache Tomcat/11.0.24]
2026-09-09T10:28:28.084Z  INFO 1477561 --- [kivvi-click] [           main] b.w.c.s.WebApplicationContextInitializer : Root WebApplicationContext: initialization completed in 156 ms
2026-09-09T10:28:28.155Z  INFO 1477561 --- [kivvi-click] [           main] org.flywaydb.core.FlywayExecutor         : Database: jdbc:postgresql://localhost:34888/test?loggerLevel=OFF (PostgreSQL 18.6)
2026-09-09T10:28:28.167Z  INFO 1477561 --- [kivvi-click] [           main] o.f.c.i.s.JdbcTableSchemaHistory         : Schema history table "public"."flyway_schema_history" does not exist yet
2026-09-09T10:28:28.168Z  INFO 1477561 --- [kivvi-click] [           main] o.f.core.internal.command.DbValidate     : Successfully validated 1 migration (execution time 00:00.003s)
2026-09-09T10:28:28.176Z  INFO 1477561 --- [kivvi-click] [           main] o.f.c.i.s.JdbcTableSchemaHistory         : Creating Schema History table "public"."flyway_schema_history" ...
2026-09-09T10:28:28.197Z  INFO 1477561 --- [kivvi-click] [           main] o.f.core.internal.command.DbMigrate      : Current version of schema "public": << Empty Schema >>
2026-09-09T10:28:28.199Z  INFO 1477561 --- [kivvi-click] [           main] o.f.core.internal.command.DbMigrate      : Migrating schema "public" to version "1 - baseline"
2026-09-09T10:28:28.216Z  INFO 1477561 --- [kivvi-click] [           main] o.f.core.internal.command.DbMigrate      : Successfully applied 1 migration to schema "public", now at version v1 (execution time 00:00.014s)
2026-09-09T10:28:28.242Z  INFO 1477561 --- [kivvi-click] [           main] o.s.b.w.a.WelcomePageHandlerMapping      : Adding welcome page: class path resource [static/index.html]
2026-09-09T10:28:28.290Z  INFO 1477561 --- [kivvi-click] [           main] com.zaxxer.hikari.HikariDataSource       : HikariPool-6 - Starting...
2026-09-09T10:28:28.296Z  INFO 1477561 --- [kivvi-click] [           main] com.zaxxer.hikari.pool.HikariPool        : HikariPool-6 - Added connection org.postgresql.jdbc.PgConnection@4eb1407f
2026-09-09T10:28:28.296Z  INFO 1477561 --- [kivvi-click] [           main] com.zaxxer.hikari.HikariDataSource       : HikariPool-6 - Start completed.
2026-09-09T10:28:28.300Z  INFO 1477561 --- [kivvi-click] [           main] o.s.b.a.e.web.EndpointLinksResolver      : Exposing 1 endpoint beneath base path '/actuator'
2026-09-09T10:28:28.308Z  INFO 1477561 --- [kivvi-click] [           main] o.s.boot.tomcat.TomcatWebServer          : Tomcat started on port 37799 (http) with context path '/'
2026-09-09T10:28:28.314Z  INFO 1477561 --- [kivvi-click] [           main] click.kivvi.SettingsApiIT                : Started SettingsApiIT in 0.398 seconds (process running for 17.798)
2026-09-09T10:28:28.315Z  INFO 1477561 --- [kivvi-click] [eat-scheduler-1] c.k.i.scheduling.HeartbeatJob            : Scheduler heartbeat tick.
2026-09-09T10:28:28.318Z  INFO 1477561 --- [kivvi-click] [eat-scheduler-1] c.k.i.tracking.EventDedupCleanupJob      : Event dedup cleanup removed 0 expired row(s).
2026-09-09T10:28:28.319Z  INFO 1477561 --- [kivvi-click] [o-auto-5-exec-1] o.a.c.c.C.[Tomcat-4].[localhost].[/]     : Initializing Spring DispatcherServlet 'dispatcherServlet'
2026-09-09T10:28:28.319Z  INFO 1477561 --- [kivvi-click] [o-auto-5-exec-1] o.s.web.servlet.DispatcherServlet        : Initializing Servlet 'dispatcherServlet'
2026-09-09T10:28:28.320Z  INFO 1477561 --- [kivvi-click] [o-auto-5-exec-1] o.s.web.servlet.DispatcherServlet        : Completed initialization in 1 ms
2026-09-09T10:28:28.617Z  INFO 1477561 --- [kivvi-click] [           main] tc.postgres:18-alpine                    : Creating container for image: postgres:18-alpine
2026-09-09T10:28:28.632Z  INFO 1477561 --- [kivvi-click] [           main] tc.postgres:18-alpine                    : Container postgres:18-alpine is starting: 91dd5ae8cb7ec55d3abe71e7a8af9bc9fed15cc14e126c46eb9eca1d356ca615
2026-09-09T10:28:29.973Z  INFO 1477561 --- [kivvi-click] [           main] tc.postgres:18-alpine                    : Container postgres:18-alpine started in PT1.356074335S
2026-09-09T10:28:29.973Z  INFO 1477561 --- [kivvi-click] [           main] tc.postgres:18-alpine                    : Container is started (JDBC URL: jdbc:postgresql://localhost:34889/test?loggerLevel=OFF)
2026-09-09T10:28:29.974Z  INFO 1477561 --- [kivvi-click] [           main] t.c.s.AnnotationConfigContextLoaderUtils : Could not detect default configuration classes for test class [click.kivvi.DashboardApiIT]: DashboardApiIT does not declare any static, non-private, non-final, nested classes annotated with @Configuration.
2026-09-09T10:28:29.977Z  INFO 1477561 --- [kivvi-click] [           main] .b.t.c.SpringBootTestContextBootstrapper : Found @SpringBootConfiguration click.kivvi.KivviApplication for test class click.kivvi.DashboardApiIT
2026-09-09T10:28:29.977Z  INFO 1477561 --- [kivvi-click] [           main] t.c.s.AnnotationConfigContextLoaderUtils : Could not detect default configuration classes for test class [click.kivvi.DashboardApiIT]: DashboardApiIT does not declare any static, non-private, non-final, nested classes annotated with @Configuration.
2026-09-09T10:28:29.979Z  INFO 1477561 --- [kivvi-click] [           main] .b.t.c.SpringBootTestContextBootstrapper : Found @SpringBootConfiguration click.kivvi.KivviApplication for test class click.kivvi.DashboardApiIT

  .   ____          _            __ _ _
 /\\ / ___'_ __ _ _(_)_ __  __ _ \ \ \ \
( ( )\___ | '_ | '_| | '_ \/ _` | \ \ \ \
 \\/  ___)| |_)| | | | | || (_| |  ) ) ) )
  '  |____| .__|_| |_|_| |_\__, | / / / /
 =========|_|==============|___/=/_/_/_/

 :: Spring Boot ::                (v4.1.1)

2026-09-09T10:28:29.992Z  INFO 1477561 --- [kivvi-click] [           main] click.kivvi.DashboardApiIT               : Starting DashboardApiIT using Java 25.0.4.1 with PID 1477561 (started by muszkin in /home/muszkin/work/kivvi-click-wt/verify-final-integration/backend)
2026-09-09T10:28:29.992Z  INFO 1477561 --- [kivvi-click] [           main] click.kivvi.DashboardApiIT               : No active profile set, falling back to 1 default profile: "default"
2026-09-09T10:28:30.157Z  INFO 1477561 --- [kivvi-click] [           main] o.s.boot.tomcat.TomcatWebServer          : Tomcat initialized with port 0 (http)
2026-09-09T10:28:30.157Z  INFO 1477561 --- [kivvi-click] [           main] o.apache.catalina.core.StandardService   : Starting service [Tomcat]
2026-09-09T10:28:30.158Z  INFO 1477561 --- [kivvi-click] [           main] o.apache.catalina.core.StandardEngine    : Starting Servlet engine: [Apache Tomcat/11.0.24]
2026-09-09T10:28:30.165Z  INFO 1477561 --- [kivvi-click] [           main] b.w.c.s.WebApplicationContextInitializer : Root WebApplicationContext: initialization completed in 172 ms
2026-09-09T10:28:30.253Z  INFO 1477561 --- [kivvi-click] [           main] org.flywaydb.core.FlywayExecutor         : Database: jdbc:postgresql://localhost:34889/test?loggerLevel=OFF (PostgreSQL 18.6)
2026-09-09T10:28:30.265Z  INFO 1477561 --- [kivvi-click] [           main] o.f.c.i.s.JdbcTableSchemaHistory         : Schema history table "public"."flyway_schema_history" does not exist yet
2026-09-09T10:28:30.265Z  INFO 1477561 --- [kivvi-click] [           main] o.f.core.internal.command.DbValidate     : Successfully validated 1 migration (execution time 00:00.002s)
2026-09-09T10:28:30.274Z  INFO 1477561 --- [kivvi-click] [           main] o.f.c.i.s.JdbcTableSchemaHistory         : Creating Schema History table "public"."flyway_schema_history" ...
2026-09-09T10:28:30.294Z  INFO 1477561 --- [kivvi-click] [           main] o.f.core.internal.command.DbMigrate      : Current version of schema "public": << Empty Schema >>
2026-09-09T10:28:30.297Z  INFO 1477561 --- [kivvi-click] [           main] o.f.core.internal.command.DbMigrate      : Migrating schema "public" to version "1 - baseline"
2026-09-09T10:28:30.316Z  INFO 1477561 --- [kivvi-click] [           main] o.f.core.internal.command.DbMigrate      : Successfully applied 1 migration to schema "public", now at version v1 (execution time 00:00.015s)
2026-09-09T10:28:30.349Z  INFO 1477561 --- [kivvi-click] [           main] o.s.b.w.a.WelcomePageHandlerMapping      : Adding welcome page: class path resource [static/index.html]
2026-09-09T10:28:30.408Z  INFO 1477561 --- [kivvi-click] [           main] com.zaxxer.hikari.HikariDataSource       : HikariPool-7 - Starting...
2026-09-09T10:28:30.416Z  INFO 1477561 --- [kivvi-click] [           main] com.zaxxer.hikari.pool.HikariPool        : HikariPool-7 - Added connection org.postgresql.jdbc.PgConnection@2c283221
2026-09-09T10:28:30.416Z  INFO 1477561 --- [kivvi-click] [           main] com.zaxxer.hikari.HikariDataSource       : HikariPool-7 - Start completed.
2026-09-09T10:28:30.421Z  INFO 1477561 --- [kivvi-click] [           main] o.s.b.a.e.web.EndpointLinksResolver      : Exposing 1 endpoint beneath base path '/actuator'
2026-09-09T10:28:30.428Z  INFO 1477561 --- [kivvi-click] [           main] o.s.boot.tomcat.TomcatWebServer          : Tomcat started on port 34573 (http) with context path '/'
2026-09-09T10:28:30.435Z  INFO 1477561 --- [kivvi-click] [           main] click.kivvi.DashboardApiIT               : Started DashboardApiIT in 0.452 seconds (process running for 19.918)
2026-09-09T10:28:30.436Z  INFO 1477561 --- [kivvi-click] [eat-scheduler-1] c.k.i.scheduling.HeartbeatJob            : Scheduler heartbeat tick.
2026-09-09T10:28:30.439Z  INFO 1477561 --- [kivvi-click] [eat-scheduler-1] c.k.i.tracking.EventDedupCleanupJob      : Event dedup cleanup removed 0 expired row(s).
2026-09-09T10:28:30.441Z  INFO 1477561 --- [kivvi-click] [o-auto-6-exec-1] o.a.c.c.C.[Tomcat-5].[localhost].[/]     : Initializing Spring DispatcherServlet 'dispatcherServlet'
2026-09-09T10:28:30.441Z  INFO 1477561 --- [kivvi-click] [o-auto-6-exec-1] o.s.web.servlet.DispatcherServlet        : Initializing Servlet 'dispatcherServlet'
2026-09-09T10:28:30.442Z  INFO 1477561 --- [kivvi-click] [o-auto-6-exec-1] o.s.web.servlet.DispatcherServlet        : Completed initialization in 1 ms
2026-09-09T10:28:30.679Z  INFO 1477561 --- [kivvi-click] [           main] tc.postgres:18-alpine                    : Creating container for image: postgres:18-alpine
2026-09-09T10:28:30.697Z  INFO 1477561 --- [kivvi-click] [           main] tc.postgres:18-alpine                    : Container postgres:18-alpine is starting: 0aa8cea42a517de04193c972c5f941e90d503cd2a41d5cb583d03d2cf2dd13e7
2026-09-09T10:28:32.053Z  INFO 1477561 --- [kivvi-click] [           main] tc.postgres:18-alpine                    : Container postgres:18-alpine started in PT1.373134928S
2026-09-09T10:28:32.053Z  INFO 1477561 --- [kivvi-click] [           main] tc.postgres:18-alpine                    : Container is started (JDBC URL: jdbc:postgresql://localhost:34890/test?loggerLevel=OFF)
2026-09-09T10:28:32.054Z  INFO 1477561 --- [kivvi-click] [           main] t.c.s.AnnotationConfigContextLoaderUtils : Could not detect default configuration classes for test class [click.kivvi.CollectApiIT]: CollectApiIT does not declare any static, non-private, non-final, nested classes annotated with @Configuration.
2026-09-09T10:28:32.057Z  INFO 1477561 --- [kivvi-click] [           main] .b.t.c.SpringBootTestContextBootstrapper : Found @SpringBootConfiguration click.kivvi.KivviApplication for test class click.kivvi.CollectApiIT
2026-09-09T10:28:32.057Z  INFO 1477561 --- [kivvi-click] [           main] t.c.s.AnnotationConfigContextLoaderUtils : Could not detect default configuration classes for test class [click.kivvi.CollectApiIT]: CollectApiIT does not declare any static, non-private, non-final, nested classes annotated with @Configuration.
2026-09-09T10:28:32.059Z  INFO 1477561 --- [kivvi-click] [           main] .b.t.c.SpringBootTestContextBootstrapper : Found @SpringBootConfiguration click.kivvi.KivviApplication for test class click.kivvi.CollectApiIT

  .   ____          _            __ _ _
 /\\ / ___'_ __ _ _(_)_ __  __ _ \ \ \ \
( ( )\___ | '_ | '_| | '_ \/ _` | \ \ \ \
 \\/  ___)| |_)| | | | | || (_| |  ) ) ) )
  '  |____| .__|_| |_|_| |_\__, | / / / /
 =========|_|==============|___/=/_/_/_/

 :: Spring Boot ::                (v4.1.1)

2026-09-09T10:28:32.072Z  INFO 1477561 --- [kivvi-click] [           main] click.kivvi.CollectApiIT                 : Starting CollectApiIT using Java 25.0.4.1 with PID 1477561 (started by muszkin in /home/muszkin/work/kivvi-click-wt/verify-final-integration/backend)
2026-09-09T10:28:32.072Z  INFO 1477561 --- [kivvi-click] [           main] click.kivvi.CollectApiIT                 : No active profile set, falling back to 1 default profile: "default"
2026-09-09T10:28:32.180Z  INFO 1477561 --- [kivvi-click] [           main] o.s.boot.tomcat.TomcatWebServer          : Tomcat initialized with port 0 (http)
2026-09-09T10:28:32.181Z  INFO 1477561 --- [kivvi-click] [           main] o.apache.catalina.core.StandardService   : Starting service [Tomcat]
2026-09-09T10:28:32.181Z  INFO 1477561 --- [kivvi-click] [           main] o.apache.catalina.core.StandardEngine    : Starting Servlet engine: [Apache Tomcat/11.0.24]
2026-09-09T10:28:32.186Z  INFO 1477561 --- [kivvi-click] [           main] b.w.c.s.WebApplicationContextInitializer : Root WebApplicationContext: initialization completed in 113 ms
2026-09-09T10:28:32.251Z  INFO 1477561 --- [kivvi-click] [           main] org.flywaydb.core.FlywayExecutor         : Database: jdbc:postgresql://localhost:34890/test?loggerLevel=OFF (PostgreSQL 18.6)
2026-09-09T10:28:32.260Z  INFO 1477561 --- [kivvi-click] [           main] o.f.c.i.s.JdbcTableSchemaHistory         : Schema history table "public"."flyway_schema_history" does not exist yet
2026-09-09T10:28:32.260Z  INFO 1477561 --- [kivvi-click] [           main] o.f.core.internal.command.DbValidate     : Successfully validated 1 migration (execution time 00:00.002s)
2026-09-09T10:28:32.266Z  INFO 1477561 --- [kivvi-click] [           main] o.f.c.i.s.JdbcTableSchemaHistory         : Creating Schema History table "public"."flyway_schema_history" ...
2026-09-09T10:28:32.284Z  INFO 1477561 --- [kivvi-click] [           main] o.f.core.internal.command.DbMigrate      : Current version of schema "public": << Empty Schema >>
2026-09-09T10:28:32.287Z  INFO 1477561 --- [kivvi-click] [           main] o.f.core.internal.command.DbMigrate      : Migrating schema "public" to version "1 - baseline"
2026-09-09T10:28:32.302Z  INFO 1477561 --- [kivvi-click] [           main] o.f.core.internal.command.DbMigrate      : Successfully applied 1 migration to schema "public", now at version v1 (execution time 00:00.013s)
2026-09-09T10:28:32.327Z  INFO 1477561 --- [kivvi-click] [           main] o.s.b.w.a.WelcomePageHandlerMapping      : Adding welcome page: class path resource [static/index.html]
2026-09-09T10:28:32.369Z  INFO 1477561 --- [kivvi-click] [           main] com.zaxxer.hikari.HikariDataSource       : HikariPool-8 - Starting...
2026-09-09T10:28:32.375Z  INFO 1477561 --- [kivvi-click] [           main] com.zaxxer.hikari.pool.HikariPool        : HikariPool-8 - Added connection org.postgresql.jdbc.PgConnection@5aede1ef
2026-09-09T10:28:32.375Z  INFO 1477561 --- [kivvi-click] [           main] com.zaxxer.hikari.HikariDataSource       : HikariPool-8 - Start completed.
2026-09-09T10:28:32.378Z  INFO 1477561 --- [kivvi-click] [           main] o.s.b.a.e.web.EndpointLinksResolver      : Exposing 1 endpoint beneath base path '/actuator'
2026-09-09T10:28:32.385Z  INFO 1477561 --- [kivvi-click] [           main] o.s.boot.tomcat.TomcatWebServer          : Tomcat started on port 34055 (http) with context path '/'
2026-09-09T10:28:32.390Z  INFO 1477561 --- [kivvi-click] [           main] click.kivvi.CollectApiIT                 : Started CollectApiIT in 0.33 seconds (process running for 21.874)
2026-09-09T10:28:32.391Z  INFO 1477561 --- [kivvi-click] [eat-scheduler-1] c.k.i.scheduling.HeartbeatJob            : Scheduler heartbeat tick.
2026-09-09T10:28:32.394Z  INFO 1477561 --- [kivvi-click] [eat-scheduler-1] c.k.i.tracking.EventDedupCleanupJob      : Event dedup cleanup removed 0 expired row(s).
2026-09-09T10:28:32.399Z  INFO 1477561 --- [kivvi-click] [o-auto-7-exec-1] o.a.c.c.C.[Tomcat-6].[localhost].[/]     : Initializing Spring DispatcherServlet 'dispatcherServlet'
2026-09-09T10:28:32.399Z  INFO 1477561 --- [kivvi-click] [o-auto-7-exec-1] o.s.web.servlet.DispatcherServlet        : Initializing Servlet 'dispatcherServlet'
2026-09-09T10:28:32.399Z  INFO 1477561 --- [kivvi-click] [o-auto-7-exec-1] o.s.web.servlet.DispatcherServlet        : Completed initialization in 0 ms
2026-09-09T10:28:32.655Z  INFO 1477561 --- [kivvi-click] [           main] tc.postgres:18-alpine                    : Creating container for image: postgres:18-alpine
2026-09-09T10:28:32.670Z  INFO 1477561 --- [kivvi-click] [           main] tc.postgres:18-alpine                    : Container postgres:18-alpine is starting: a96ee98f530b5a65e56923f025303aa481f3e6eb52378454e29885aef99d740b
2026-09-09T10:28:34.009Z  INFO 1477561 --- [kivvi-click] [           main] tc.postgres:18-alpine                    : Container postgres:18-alpine started in PT1.35348063S
2026-09-09T10:28:34.009Z  INFO 1477561 --- [kivvi-click] [           main] tc.postgres:18-alpine                    : Container is started (JDBC URL: jdbc:postgresql://localhost:34891/test?loggerLevel=OFF)
2026-09-09T10:28:34.010Z  INFO 1477561 --- [kivvi-click] [           main] t.c.s.AnnotationConfigContextLoaderUtils : Could not detect default configuration classes for test class [click.kivvi.CustomersApiIT]: CustomersApiIT does not declare any static, non-private, non-final, nested classes annotated with @Configuration.
2026-09-09T10:28:34.012Z  INFO 1477561 --- [kivvi-click] [           main] .b.t.c.SpringBootTestContextBootstrapper : Found @SpringBootConfiguration click.kivvi.KivviApplication for test class click.kivvi.CustomersApiIT
2026-09-09T10:28:34.013Z  INFO 1477561 --- [kivvi-click] [           main] t.c.s.AnnotationConfigContextLoaderUtils : Could not detect default configuration classes for test class [click.kivvi.CustomersApiIT]: CustomersApiIT does not declare any static, non-private, non-final, nested classes annotated with @Configuration.
2026-09-09T10:28:34.015Z  INFO 1477561 --- [kivvi-click] [           main] .b.t.c.SpringBootTestContextBootstrapper : Found @SpringBootConfiguration click.kivvi.KivviApplication for test class click.kivvi.CustomersApiIT

  .   ____          _            __ _ _
 /\\ / ___'_ __ _ _(_)_ __  __ _ \ \ \ \
( ( )\___ | '_ | '_| | '_ \/ _` | \ \ \ \
 \\/  ___)| |_)| | | | | || (_| |  ) ) ) )
  '  |____| .__|_| |_|_| |_\__, | / / / /
 =========|_|==============|___/=/_/_/_/

 :: Spring Boot ::                (v4.1.1)

2026-09-09T10:28:34.024Z  INFO 1477561 --- [kivvi-click] [           main] click.kivvi.CustomersApiIT               : Starting CustomersApiIT using Java 25.0.4.1 with PID 1477561 (started by muszkin in /home/muszkin/work/kivvi-click-wt/verify-final-integration/backend)
2026-09-09T10:28:34.025Z  INFO 1477561 --- [kivvi-click] [           main] click.kivvi.CustomersApiIT               : No active profile set, falling back to 1 default profile: "default"
2026-09-09T10:28:34.133Z  INFO 1477561 --- [kivvi-click] [           main] o.s.boot.tomcat.TomcatWebServer          : Tomcat initialized with port 0 (http)
2026-09-09T10:28:34.133Z  INFO 1477561 --- [kivvi-click] [           main] o.apache.catalina.core.StandardService   : Starting service [Tomcat]
2026-09-09T10:28:34.133Z  INFO 1477561 --- [kivvi-click] [           main] o.apache.catalina.core.StandardEngine    : Starting Servlet engine: [Apache Tomcat/11.0.24]
2026-09-09T10:28:34.139Z  INFO 1477561 --- [kivvi-click] [           main] b.w.c.s.WebApplicationContextInitializer : Root WebApplicationContext: initialization completed in 114 ms
2026-09-09T10:28:34.210Z  INFO 1477561 --- [kivvi-click] [           main] org.flywaydb.core.FlywayExecutor         : Database: jdbc:postgresql://localhost:34891/test?loggerLevel=OFF (PostgreSQL 18.6)
2026-09-09T10:28:34.219Z  INFO 1477561 --- [kivvi-click] [           main] o.f.c.i.s.JdbcTableSchemaHistory         : Schema history table "public"."flyway_schema_history" does not exist yet
2026-09-09T10:28:34.220Z  INFO 1477561 --- [kivvi-click] [           main] o.f.core.internal.command.DbValidate     : Successfully validated 1 migration (execution time 00:00.002s)
2026-09-09T10:28:34.226Z  INFO 1477561 --- [kivvi-click] [           main] o.f.c.i.s.JdbcTableSchemaHistory         : Creating Schema History table "public"."flyway_schema_history" ...
2026-09-09T10:28:34.244Z  INFO 1477561 --- [kivvi-click] [           main] o.f.core.internal.command.DbMigrate      : Current version of schema "public": << Empty Schema >>
2026-09-09T10:28:34.246Z  INFO 1477561 --- [kivvi-click] [           main] o.f.core.internal.command.DbMigrate      : Migrating schema "public" to version "1 - baseline"
2026-09-09T10:28:34.262Z  INFO 1477561 --- [kivvi-click] [           main] o.f.core.internal.command.DbMigrate      : Successfully applied 1 migration to schema "public", now at version v1 (execution time 00:00.013s)
2026-09-09T10:28:34.287Z  INFO 1477561 --- [kivvi-click] [           main] o.s.b.w.a.WelcomePageHandlerMapping      : Adding welcome page: class path resource [static/index.html]
2026-09-09T10:28:34.330Z  INFO 1477561 --- [kivvi-click] [           main] com.zaxxer.hikari.HikariDataSource       : HikariPool-9 - Starting...
2026-09-09T10:28:34.337Z  INFO 1477561 --- [kivvi-click] [           main] com.zaxxer.hikari.pool.HikariPool        : HikariPool-9 - Added connection org.postgresql.jdbc.PgConnection@2b152527
2026-09-09T10:28:34.337Z  INFO 1477561 --- [kivvi-click] [           main] com.zaxxer.hikari.HikariDataSource       : HikariPool-9 - Start completed.
2026-09-09T10:28:34.340Z  INFO 1477561 --- [kivvi-click] [           main] o.s.b.a.e.web.EndpointLinksResolver      : Exposing 1 endpoint beneath base path '/actuator'
2026-09-09T10:28:34.347Z  INFO 1477561 --- [kivvi-click] [           main] o.s.boot.tomcat.TomcatWebServer          : Tomcat started on port 44171 (http) with context path '/'
2026-09-09T10:28:34.352Z  INFO 1477561 --- [kivvi-click] [           main] click.kivvi.CustomersApiIT               : Started CustomersApiIT in 0.336 seconds (process running for 23.836)
2026-09-09T10:28:34.354Z  INFO 1477561 --- [kivvi-click] [eat-scheduler-1] c.k.i.scheduling.HeartbeatJob            : Scheduler heartbeat tick.
2026-09-09T10:28:34.356Z  INFO 1477561 --- [kivvi-click] [eat-scheduler-1] c.k.i.tracking.EventDedupCleanupJob      : Event dedup cleanup removed 0 expired row(s).
2026-09-09T10:28:34.357Z  INFO 1477561 --- [kivvi-click] [o-auto-8-exec-1] o.a.c.c.C.[Tomcat-7].[localhost].[/]     : Initializing Spring DispatcherServlet 'dispatcherServlet'
2026-09-09T10:28:34.357Z  INFO 1477561 --- [kivvi-click] [o-auto-8-exec-1] o.s.web.servlet.DispatcherServlet        : Initializing Servlet 'dispatcherServlet'
2026-09-09T10:28:34.358Z  INFO 1477561 --- [kivvi-click] [o-auto-8-exec-1] o.s.web.servlet.DispatcherServlet        : Completed initialization in 1 ms
2026-09-09T10:28:34.603Z  INFO 1477561 --- [kivvi-click] [           main] tc.postgres:18-alpine                    : Creating container for image: postgres:18-alpine
2026-09-09T10:28:34.621Z  INFO 1477561 --- [kivvi-click] [           main] tc.postgres:18-alpine                    : Container postgres:18-alpine is starting: 207a6888953253e4965cbf0ce3436c5c8a3e7a88c2fafa1ed120185a52c0732c
2026-09-09T10:28:35.970Z  INFO 1477561 --- [kivvi-click] [           main] tc.postgres:18-alpine                    : Container postgres:18-alpine started in PT1.36690873S
2026-09-09T10:28:35.971Z  INFO 1477561 --- [kivvi-click] [           main] tc.postgres:18-alpine                    : Container is started (JDBC URL: jdbc:postgresql://localhost:34892/test?loggerLevel=OFF)
2026-09-09T10:28:35.971Z  INFO 1477561 --- [kivvi-click] [           main] t.c.s.AnnotationConfigContextLoaderUtils : Could not detect default configuration classes for test class [click.kivvi.ImportApiIT]: ImportApiIT does not declare any static, non-private, non-final, nested classes annotated with @Configuration.
2026-09-09T10:28:35.974Z  INFO 1477561 --- [kivvi-click] [           main] .b.t.c.SpringBootTestContextBootstrapper : Found @SpringBootConfiguration click.kivvi.KivviApplication for test class click.kivvi.ImportApiIT
2026-09-09T10:28:35.974Z  INFO 1477561 --- [kivvi-click] [           main] t.c.s.AnnotationConfigContextLoaderUtils : Could not detect default configuration classes for test class [click.kivvi.ImportApiIT]: ImportApiIT does not declare any static, non-private, non-final, nested classes annotated with @Configuration.
2026-09-09T10:28:35.976Z  INFO 1477561 --- [kivvi-click] [           main] .b.t.c.SpringBootTestContextBootstrapper : Found @SpringBootConfiguration click.kivvi.KivviApplication for test class click.kivvi.ImportApiIT

  .   ____          _            __ _ _
 /\\ / ___'_ __ _ _(_)_ __  __ _ \ \ \ \
( ( )\___ | '_ | '_| | '_ \/ _` | \ \ \ \
 \\/  ___)| |_)| | | | | || (_| |  ) ) ) )
  '  |____| .__|_| |_|_| |_\__, | / / / /
 =========|_|==============|___/=/_/_/_/

 :: Spring Boot ::                (v4.1.1)

2026-09-09T10:28:35.986Z  INFO 1477561 --- [kivvi-click] [           main] click.kivvi.ImportApiIT                  : Starting ImportApiIT using Java 25.0.4.1 with PID 1477561 (started by muszkin in /home/muszkin/work/kivvi-click-wt/verify-final-integration/backend)
2026-09-09T10:28:35.987Z  INFO 1477561 --- [kivvi-click] [           main] click.kivvi.ImportApiIT                  : No active profile set, falling back to 1 default profile: "default"
2026-09-09T10:28:36.088Z  INFO 1477561 --- [kivvi-click] [           main] o.s.boot.tomcat.TomcatWebServer          : Tomcat initialized with port 0 (http)
2026-09-09T10:28:36.089Z  INFO 1477561 --- [kivvi-click] [           main] o.apache.catalina.core.StandardService   : Starting service [Tomcat]
2026-09-09T10:28:36.089Z  INFO 1477561 --- [kivvi-click] [           main] o.apache.catalina.core.StandardEngine    : Starting Servlet engine: [Apache Tomcat/11.0.24]
2026-09-09T10:28:36.094Z  INFO 1477561 --- [kivvi-click] [           main] b.w.c.s.WebApplicationContextInitializer : Root WebApplicationContext: initialization completed in 107 ms
2026-09-09T10:28:36.155Z  INFO 1477561 --- [kivvi-click] [           main] org.flywaydb.core.FlywayExecutor         : Database: jdbc:postgresql://localhost:34892/test?loggerLevel=OFF (PostgreSQL 18.6)
2026-09-09T10:28:36.165Z  INFO 1477561 --- [kivvi-click] [           main] o.f.c.i.s.JdbcTableSchemaHistory         : Schema history table "public"."flyway_schema_history" does not exist yet
2026-09-09T10:28:36.166Z  INFO 1477561 --- [kivvi-click] [           main] o.f.core.internal.command.DbValidate     : Successfully validated 1 migration (execution time 00:00.002s)
2026-09-09T10:28:36.172Z  INFO 1477561 --- [kivvi-click] [           main] o.f.c.i.s.JdbcTableSchemaHistory         : Creating Schema History table "public"."flyway_schema_history" ...
2026-09-09T10:28:36.190Z  INFO 1477561 --- [kivvi-click] [           main] o.f.core.internal.command.DbMigrate      : Current version of schema "public": << Empty Schema >>
2026-09-09T10:28:36.193Z  INFO 1477561 --- [kivvi-click] [           main] o.f.core.internal.command.DbMigrate      : Migrating schema "public" to version "1 - baseline"
2026-09-09T10:28:36.209Z  INFO 1477561 --- [kivvi-click] [           main] o.f.core.internal.command.DbMigrate      : Successfully applied 1 migration to schema "public", now at version v1 (execution time 00:00.013s)
2026-09-09T10:28:36.245Z  INFO 1477561 --- [kivvi-click] [           main] o.s.b.w.a.WelcomePageHandlerMapping      : Adding welcome page: class path resource [static/index.html]
2026-09-09T10:28:36.289Z  INFO 1477561 --- [kivvi-click] [           main] com.zaxxer.hikari.HikariDataSource       : HikariPool-10 - Starting...
2026-09-09T10:28:36.295Z  INFO 1477561 --- [kivvi-click] [           main] com.zaxxer.hikari.pool.HikariPool        : HikariPool-10 - Added connection org.postgresql.jdbc.PgConnection@41a3a2fd
2026-09-09T10:28:36.296Z  INFO 1477561 --- [kivvi-click] [           main] com.zaxxer.hikari.HikariDataSource       : HikariPool-10 - Start completed.
2026-09-09T10:28:36.299Z  INFO 1477561 --- [kivvi-click] [           main] o.s.b.a.e.web.EndpointLinksResolver      : Exposing 1 endpoint beneath base path '/actuator'
2026-09-09T10:28:36.305Z  INFO 1477561 --- [kivvi-click] [           main] o.s.boot.tomcat.TomcatWebServer          : Tomcat started on port 46407 (http) with context path '/'
2026-09-09T10:28:36.310Z  INFO 1477561 --- [kivvi-click] [           main] click.kivvi.ImportApiIT                  : Started ImportApiIT in 0.332 seconds (process running for 25.794)
2026-09-09T10:28:36.312Z  INFO 1477561 --- [kivvi-click] [eat-scheduler-1] c.k.i.scheduling.HeartbeatJob            : Scheduler heartbeat tick.
2026-09-09T10:28:36.315Z  INFO 1477561 --- [kivvi-click] [o-auto-9-exec-1] o.a.c.c.C.[Tomcat-8].[localhost].[/]     : Initializing Spring DispatcherServlet 'dispatcherServlet'
2026-09-09T10:28:36.315Z  INFO 1477561 --- [kivvi-click] [eat-scheduler-1] c.k.i.tracking.EventDedupCleanupJob      : Event dedup cleanup removed 0 expired row(s).
2026-09-09T10:28:36.315Z  INFO 1477561 --- [kivvi-click] [o-auto-9-exec-1] o.s.web.servlet.DispatcherServlet        : Initializing Servlet 'dispatcherServlet'
2026-09-09T10:28:36.315Z  INFO 1477561 --- [kivvi-click] [o-auto-9-exec-1] o.s.web.servlet.DispatcherServlet        : Completed initialization in 0 ms
2026-09-09T10:28:36.630Z  INFO 1477561 --- [kivvi-click] [           main] tc.postgres:18-alpine                    : Creating container for image: postgres:18-alpine
2026-09-09T10:28:36.646Z  INFO 1477561 --- [kivvi-click] [           main] tc.postgres:18-alpine                    : Container postgres:18-alpine is starting: 6eabc93ac54ecdb0a9125d54351bd708257664e2900e6844cd20a8fe18ca8db5
2026-09-09T10:28:38.023Z  INFO 1477561 --- [kivvi-click] [           main] tc.postgres:18-alpine                    : Container postgres:18-alpine started in PT1.393218735S
2026-09-09T10:28:38.023Z  INFO 1477561 --- [kivvi-click] [           main] tc.postgres:18-alpine                    : Container is started (JDBC URL: jdbc:postgresql://localhost:34893/test?loggerLevel=OFF)
2026-09-09T10:28:38.024Z  INFO 1477561 --- [kivvi-click] [           main] t.c.s.AnnotationConfigContextLoaderUtils : Could not detect default configuration classes for test class [click.kivvi.WidgetApiIT]: WidgetApiIT does not declare any static, non-private, non-final, nested classes annotated with @Configuration.
2026-09-09T10:28:38.026Z  INFO 1477561 --- [kivvi-click] [           main] .b.t.c.SpringBootTestContextBootstrapper : Found @SpringBootConfiguration click.kivvi.KivviApplication for test class click.kivvi.WidgetApiIT
2026-09-09T10:28:38.026Z  INFO 1477561 --- [kivvi-click] [           main] t.c.s.AnnotationConfigContextLoaderUtils : Could not detect default configuration classes for test class [click.kivvi.WidgetApiIT]: WidgetApiIT does not declare any static, non-private, non-final, nested classes annotated with @Configuration.
2026-09-09T10:28:38.028Z  INFO 1477561 --- [kivvi-click] [           main] .b.t.c.SpringBootTestContextBootstrapper : Found @SpringBootConfiguration click.kivvi.KivviApplication for test class click.kivvi.WidgetApiIT

  .   ____          _            __ _ _
 /\\ / ___'_ __ _ _(_)_ __  __ _ \ \ \ \
( ( )\___ | '_ | '_| | '_ \/ _` | \ \ \ \
 \\/  ___)| |_)| | | | | || (_| |  ) ) ) )
  '  |____| .__|_| |_|_| |_\__, | / / / /
 =========|_|==============|___/=/_/_/_/

 :: Spring Boot ::                (v4.1.1)

2026-09-09T10:28:38.039Z  INFO 1477561 --- [kivvi-click] [           main] click.kivvi.WidgetApiIT                  : Starting WidgetApiIT using Java 25.0.4.1 with PID 1477561 (started by muszkin in /home/muszkin/work/kivvi-click-wt/verify-final-integration/backend)
2026-09-09T10:28:38.039Z  INFO 1477561 --- [kivvi-click] [           main] click.kivvi.WidgetApiIT                  : No active profile set, falling back to 1 default profile: "default"
2026-09-09T10:28:38.146Z  INFO 1477561 --- [kivvi-click] [           main] o.s.boot.tomcat.TomcatWebServer          : Tomcat initialized with port 0 (http)
2026-09-09T10:28:38.146Z  INFO 1477561 --- [kivvi-click] [           main] o.apache.catalina.core.StandardService   : Starting service [Tomcat]
2026-09-09T10:28:38.147Z  INFO 1477561 --- [kivvi-click] [           main] o.apache.catalina.core.StandardEngine    : Starting Servlet engine: [Apache Tomcat/11.0.24]
2026-09-09T10:28:38.152Z  INFO 1477561 --- [kivvi-click] [           main] b.w.c.s.WebApplicationContextInitializer : Root WebApplicationContext: initialization completed in 112 ms
2026-09-09T10:28:38.214Z  INFO 1477561 --- [kivvi-click] [           main] org.flywaydb.core.FlywayExecutor         : Database: jdbc:postgresql://localhost:34893/test?loggerLevel=OFF (PostgreSQL 18.6)
2026-09-09T10:28:38.225Z  INFO 1477561 --- [kivvi-click] [           main] o.f.c.i.s.JdbcTableSchemaHistory         : Schema history table "public"."flyway_schema_history" does not exist yet
2026-09-09T10:28:38.226Z  INFO 1477561 --- [kivvi-click] [           main] o.f.core.internal.command.DbValidate     : Successfully validated 1 migration (execution time 00:00.002s)
2026-09-09T10:28:38.232Z  INFO 1477561 --- [kivvi-click] [           main] o.f.c.i.s.JdbcTableSchemaHistory         : Creating Schema History table "public"."flyway_schema_history" ...
2026-09-09T10:28:38.252Z  INFO 1477561 --- [kivvi-click] [           main] o.f.core.internal.command.DbMigrate      : Current version of schema "public": << Empty Schema >>
2026-09-09T10:28:38.254Z  INFO 1477561 --- [kivvi-click] [           main] o.f.core.internal.command.DbMigrate      : Migrating schema "public" to version "1 - baseline"
2026-09-09T10:28:38.272Z  INFO 1477561 --- [kivvi-click] [           main] o.f.core.internal.command.DbMigrate      : Successfully applied 1 migration to schema "public", now at version v1 (execution time 00:00.014s)
2026-09-09T10:28:38.297Z  INFO 1477561 --- [kivvi-click] [           main] o.s.b.w.a.WelcomePageHandlerMapping      : Adding welcome page: class path resource [static/index.html]
2026-09-09T10:28:38.337Z  INFO 1477561 --- [kivvi-click] [           main] com.zaxxer.hikari.HikariDataSource       : HikariPool-11 - Starting...
2026-09-09T10:28:38.344Z  INFO 1477561 --- [kivvi-click] [           main] com.zaxxer.hikari.pool.HikariPool        : HikariPool-11 - Added connection org.postgresql.jdbc.PgConnection@7d29d8fc
2026-09-09T10:28:38.344Z  INFO 1477561 --- [kivvi-click] [           main] com.zaxxer.hikari.HikariDataSource       : HikariPool-11 - Start completed.
2026-09-09T10:28:38.348Z  INFO 1477561 --- [kivvi-click] [           main] o.s.b.a.e.web.EndpointLinksResolver      : Exposing 1 endpoint beneath base path '/actuator'
2026-09-09T10:28:38.354Z  INFO 1477561 --- [kivvi-click] [           main] o.s.boot.tomcat.TomcatWebServer          : Tomcat started on port 42623 (http) with context path '/'
2026-09-09T10:28:38.360Z  INFO 1477561 --- [kivvi-click] [           main] click.kivvi.WidgetApiIT                  : Started WidgetApiIT in 0.329 seconds (process running for 27.843)
2026-09-09T10:28:38.361Z  INFO 1477561 --- [kivvi-click] [eat-scheduler-1] c.k.i.scheduling.HeartbeatJob            : Scheduler heartbeat tick.
2026-09-09T10:28:38.364Z  INFO 1477561 --- [kivvi-click] [eat-scheduler-1] c.k.i.tracking.EventDedupCleanupJob      : Event dedup cleanup removed 0 expired row(s).
2026-09-09T10:28:38.364Z  INFO 1477561 --- [kivvi-click] [-auto-10-exec-1] o.a.c.c.C.[Tomcat-9].[localhost].[/]     : Initializing Spring DispatcherServlet 'dispatcherServlet'
2026-09-09T10:28:38.364Z  INFO 1477561 --- [kivvi-click] [-auto-10-exec-1] o.s.web.servlet.DispatcherServlet        : Initializing Servlet 'dispatcherServlet'
2026-09-09T10:28:38.365Z  INFO 1477561 --- [kivvi-click] [-auto-10-exec-1] o.s.web.servlet.DispatcherServlet        : Completed initialization in 1 ms
2026-09-09T10:28:38.637Z  INFO 1477561 --- [kivvi-click] [           main] tc.postgres:18-alpine                    : Creating container for image: postgres:18-alpine
2026-09-09T10:28:38.652Z  INFO 1477561 --- [kivvi-click] [           main] tc.postgres:18-alpine                    : Container postgres:18-alpine is starting: 1cc7f2ff3ef61c62bdc8b40207144306c7de371874b45ef30b726270473ed429
2026-09-09T10:28:39.984Z  INFO 1477561 --- [kivvi-click] [           main] tc.postgres:18-alpine                    : Container postgres:18-alpine started in PT1.347268128S
2026-09-09T10:28:39.985Z  INFO 1477561 --- [kivvi-click] [           main] tc.postgres:18-alpine                    : Container is started (JDBC URL: jdbc:postgresql://localhost:34894/test?loggerLevel=OFF)
2026-09-09T10:28:39.985Z  INFO 1477561 --- [kivvi-click] [           main] t.c.s.AnnotationConfigContextLoaderUtils : Could not detect default configuration classes for test class [click.kivvi.FeedsApiIT]: FeedsApiIT does not declare any static, non-private, non-final, nested classes annotated with @Configuration.
2026-09-09T10:28:39.988Z  INFO 1477561 --- [kivvi-click] [           main] .b.t.c.SpringBootTestContextBootstrapper : Found @SpringBootConfiguration click.kivvi.KivviApplication for test class click.kivvi.FeedsApiIT
2026-09-09T10:28:39.988Z  INFO 1477561 --- [kivvi-click] [           main] t.c.s.AnnotationConfigContextLoaderUtils : Could not detect default configuration classes for test class [click.kivvi.FeedsApiIT]: FeedsApiIT does not declare any static, non-private, non-final, nested classes annotated with @Configuration.
2026-09-09T10:28:39.990Z  INFO 1477561 --- [kivvi-click] [           main] .b.t.c.SpringBootTestContextBootstrapper : Found @SpringBootConfiguration click.kivvi.KivviApplication for test class click.kivvi.FeedsApiIT

  .   ____          _            __ _ _
 /\\ / ___'_ __ _ _(_)_ __  __ _ \ \ \ \
( ( )\___ | '_ | '_| | '_ \/ _` | \ \ \ \
 \\/  ___)| |_)| | | | | || (_| |  ) ) ) )
  '  |____| .__|_| |_|_| |_\__, | / / / /
 =========|_|==============|___/=/_/_/_/

 :: Spring Boot ::                (v4.1.1)

2026-09-09T10:28:39.999Z  INFO 1477561 --- [kivvi-click] [           main] click.kivvi.FeedsApiIT                   : Starting FeedsApiIT using Java 25.0.4.1 with PID 1477561 (started by muszkin in /home/muszkin/work/kivvi-click-wt/verify-final-integration/backend)
2026-09-09T10:28:39.999Z  INFO 1477561 --- [kivvi-click] [           main] click.kivvi.FeedsApiIT                   : No active profile set, falling back to 1 default profile: "default"
2026-09-09T10:28:40.101Z  INFO 1477561 --- [kivvi-click] [           main] o.s.boot.tomcat.TomcatWebServer          : Tomcat initialized with port 0 (http)
2026-09-09T10:28:40.101Z  INFO 1477561 --- [kivvi-click] [           main] o.apache.catalina.core.StandardService   : Starting service [Tomcat]
2026-09-09T10:28:40.101Z  INFO 1477561 --- [kivvi-click] [           main] o.apache.catalina.core.StandardEngine    : Starting Servlet engine: [Apache Tomcat/11.0.24]
2026-09-09T10:28:40.107Z  INFO 1477561 --- [kivvi-click] [           main] b.w.c.s.WebApplicationContextInitializer : Root WebApplicationContext: initialization completed in 107 ms
2026-09-09T10:28:40.169Z  INFO 1477561 --- [kivvi-click] [           main] org.flywaydb.core.FlywayExecutor         : Database: jdbc:postgresql://localhost:34894/test?loggerLevel=OFF (PostgreSQL 18.6)
2026-09-09T10:28:40.179Z  INFO 1477561 --- [kivvi-click] [           main] o.f.c.i.s.JdbcTableSchemaHistory         : Schema history table "public"."flyway_schema_history" does not exist yet
2026-09-09T10:28:40.179Z  INFO 1477561 --- [kivvi-click] [           main] o.f.core.internal.command.DbValidate     : Successfully validated 1 migration (execution time 00:00.002s)
2026-09-09T10:28:40.185Z  INFO 1477561 --- [kivvi-click] [           main] o.f.c.i.s.JdbcTableSchemaHistory         : Creating Schema History table "public"."flyway_schema_history" ...
2026-09-09T10:28:40.205Z  INFO 1477561 --- [kivvi-click] [           main] o.f.core.internal.command.DbMigrate      : Current version of schema "public": << Empty Schema >>
2026-09-09T10:28:40.207Z  INFO 1477561 --- [kivvi-click] [           main] o.f.core.internal.command.DbMigrate      : Migrating schema "public" to version "1 - baseline"
2026-09-09T10:28:40.223Z  INFO 1477561 --- [kivvi-click] [           main] o.f.core.internal.command.DbMigrate      : Successfully applied 1 migration to schema "public", now at version v1 (execution time 00:00.014s)
2026-09-09T10:28:40.246Z  INFO 1477561 --- [kivvi-click] [           main] o.s.b.w.a.WelcomePageHandlerMapping      : Adding welcome page: class path resource [static/index.html]
2026-09-09T10:28:40.288Z  INFO 1477561 --- [kivvi-click] [           main] com.zaxxer.hikari.HikariDataSource       : HikariPool-12 - Starting...
2026-09-09T10:28:40.295Z  INFO 1477561 --- [kivvi-click] [           main] com.zaxxer.hikari.pool.HikariPool        : HikariPool-12 - Added connection org.postgresql.jdbc.PgConnection@504bfa9a
2026-09-09T10:28:40.295Z  INFO 1477561 --- [kivvi-click] [           main] com.zaxxer.hikari.HikariDataSource       : HikariPool-12 - Start completed.
2026-09-09T10:28:40.299Z  INFO 1477561 --- [kivvi-click] [           main] o.s.b.a.e.web.EndpointLinksResolver      : Exposing 1 endpoint beneath base path '/actuator'
2026-09-09T10:28:40.306Z  INFO 1477561 --- [kivvi-click] [           main] o.s.boot.tomcat.TomcatWebServer          : Tomcat started on port 35193 (http) with context path '/'
2026-09-09T10:28:40.311Z  INFO 1477561 --- [kivvi-click] [           main] click.kivvi.FeedsApiIT                   : Started FeedsApiIT in 0.319 seconds (process running for 29.795)
2026-09-09T10:28:40.313Z  INFO 1477561 --- [kivvi-click] [eat-scheduler-1] c.k.i.scheduling.HeartbeatJob            : Scheduler heartbeat tick.
2026-09-09T10:28:40.316Z  INFO 1477561 --- [kivvi-click] [eat-scheduler-1] c.k.i.tracking.EventDedupCleanupJob      : Event dedup cleanup removed 0 expired row(s).
2026-09-09T10:28:40.316Z  INFO 1477561 --- [kivvi-click] [-auto-11-exec-1] o.a.c.c.C.[Tomcat-10].[localhost].[/]    : Initializing Spring DispatcherServlet 'dispatcherServlet'
2026-09-09T10:28:40.317Z  INFO 1477561 --- [kivvi-click] [-auto-11-exec-1] o.s.web.servlet.DispatcherServlet        : Initializing Servlet 'dispatcherServlet'
2026-09-09T10:28:40.317Z  INFO 1477561 --- [kivvi-click] [-auto-11-exec-1] o.s.web.servlet.DispatcherServlet        : Completed initialization in 0 ms
2026-09-09T10:28:40.538Z  INFO 1477561 --- [kivvi-click] [           main] tc.postgres:18-alpine                    : Creating container for image: postgres:18-alpine
2026-09-09T10:28:40.555Z  INFO 1477561 --- [kivvi-click] [           main] tc.postgres:18-alpine                    : Container postgres:18-alpine is starting: 592a462dbc8364f058ea5ff95835748be2a24ae245a23f7b8fb295eea3ccaa12
2026-09-09T10:28:41.905Z  INFO 1477561 --- [kivvi-click] [           main] tc.postgres:18-alpine                    : Container postgres:18-alpine started in PT1.366908701S
2026-09-09T10:28:41.905Z  INFO 1477561 --- [kivvi-click] [           main] tc.postgres:18-alpine                    : Container is started (JDBC URL: jdbc:postgresql://localhost:34895/test?loggerLevel=OFF)
2026-09-09T10:28:41.906Z  INFO 1477561 --- [kivvi-click] [           main] t.c.s.AnnotationConfigContextLoaderUtils : Could not detect default configuration classes for test class [click.kivvi.SessionRoundTripIT]: SessionRoundTripIT does not declare any static, non-private, non-final, nested classes annotated with @Configuration.
2026-09-09T10:28:41.909Z  INFO 1477561 --- [kivvi-click] [           main] .b.t.c.SpringBootTestContextBootstrapper : Found @SpringBootConfiguration click.kivvi.KivviApplication for test class click.kivvi.SessionRoundTripIT
2026-09-09T10:28:41.909Z  INFO 1477561 --- [kivvi-click] [           main] t.c.s.AnnotationConfigContextLoaderUtils : Could not detect default configuration classes for test class [click.kivvi.SessionRoundTripIT]: SessionRoundTripIT does not declare any static, non-private, non-final, nested classes annotated with @Configuration.
2026-09-09T10:28:41.911Z  INFO 1477561 --- [kivvi-click] [           main] .b.t.c.SpringBootTestContextBootstrapper : Found @SpringBootConfiguration click.kivvi.KivviApplication for test class click.kivvi.SessionRoundTripIT

  .   ____          _            __ _ _
 /\\ / ___'_ __ _ _(_)_ __  __ _ \ \ \ \
( ( )\___ | '_ | '_| | '_ \/ _` | \ \ \ \
 \\/  ___)| |_)| | | | | || (_| |  ) ) ) )
  '  |____| .__|_| |_|_| |_\__, | / / / /
 =========|_|==============|___/=/_/_/_/

 :: Spring Boot ::                (v4.1.1)

2026-09-09T10:28:41.923Z  INFO 1477561 --- [kivvi-click] [           main] click.kivvi.SessionRoundTripIT           : Starting SessionRoundTripIT using Java 25.0.4.1 with PID 1477561 (started by muszkin in /home/muszkin/work/kivvi-click-wt/verify-final-integration/backend)
2026-09-09T10:28:41.923Z  INFO 1477561 --- [kivvi-click] [           main] click.kivvi.SessionRoundTripIT           : No active profile set, falling back to 1 default profile: "default"
2026-09-09T10:28:42.025Z  INFO 1477561 --- [kivvi-click] [           main] o.s.boot.tomcat.TomcatWebServer          : Tomcat initialized with port 0 (http)
2026-09-09T10:28:42.026Z  INFO 1477561 --- [kivvi-click] [           main] o.apache.catalina.core.StandardService   : Starting service [Tomcat]
2026-09-09T10:28:42.026Z  INFO 1477561 --- [kivvi-click] [           main] o.apache.catalina.core.StandardEngine    : Starting Servlet engine: [Apache Tomcat/11.0.24]
2026-09-09T10:28:42.031Z  INFO 1477561 --- [kivvi-click] [           main] b.w.c.s.WebApplicationContextInitializer : Root WebApplicationContext: initialization completed in 107 ms
2026-09-09T10:28:42.097Z  INFO 1477561 --- [kivvi-click] [           main] org.flywaydb.core.FlywayExecutor         : Database: jdbc:postgresql://localhost:34895/test?loggerLevel=OFF (PostgreSQL 18.6)
2026-09-09T10:28:42.108Z  INFO 1477561 --- [kivvi-click] [           main] o.f.c.i.s.JdbcTableSchemaHistory         : Schema history table "public"."flyway_schema_history" does not exist yet
2026-09-09T10:28:42.108Z  INFO 1477561 --- [kivvi-click] [           main] o.f.core.internal.command.DbValidate     : Successfully validated 1 migration (execution time 00:00.002s)
2026-09-09T10:28:42.114Z  INFO 1477561 --- [kivvi-click] [           main] o.f.c.i.s.JdbcTableSchemaHistory         : Creating Schema History table "public"."flyway_schema_history" ...
2026-09-09T10:28:42.134Z  INFO 1477561 --- [kivvi-click] [           main] o.f.core.internal.command.DbMigrate      : Current version of schema "public": << Empty Schema >>
2026-09-09T10:28:42.136Z  INFO 1477561 --- [kivvi-click] [           main] o.f.core.internal.command.DbMigrate      : Migrating schema "public" to version "1 - baseline"
2026-09-09T10:28:42.153Z  INFO 1477561 --- [kivvi-click] [           main] o.f.core.internal.command.DbMigrate      : Successfully applied 1 migration to schema "public", now at version v1 (execution time 00:00.014s)
2026-09-09T10:28:42.201Z  INFO 1477561 --- [kivvi-click] [           main] o.s.b.w.a.WelcomePageHandlerMapping      : Adding welcome page: class path resource [static/index.html]
2026-09-09T10:28:42.240Z  INFO 1477561 --- [kivvi-click] [           main] com.zaxxer.hikari.HikariDataSource       : HikariPool-13 - Starting...
2026-09-09T10:28:42.247Z  INFO 1477561 --- [kivvi-click] [           main] com.zaxxer.hikari.pool.HikariPool        : HikariPool-13 - Added connection org.postgresql.jdbc.PgConnection@41046355
2026-09-09T10:28:42.247Z  INFO 1477561 --- [kivvi-click] [           main] com.zaxxer.hikari.HikariDataSource       : HikariPool-13 - Start completed.
2026-09-09T10:28:42.250Z  INFO 1477561 --- [kivvi-click] [           main] o.s.b.a.e.web.EndpointLinksResolver      : Exposing 1 endpoint beneath base path '/actuator'
2026-09-09T10:28:42.255Z  INFO 1477561 --- [kivvi-click] [           main] o.s.boot.tomcat.TomcatWebServer          : Tomcat started on port 38907 (http) with context path '/'
2026-09-09T10:28:42.261Z  INFO 1477561 --- [kivvi-click] [           main] click.kivvi.SessionRoundTripIT           : Started SessionRoundTripIT in 0.348 seconds (process running for 31.745)
2026-09-09T10:28:42.262Z  INFO 1477561 --- [kivvi-click] [eat-scheduler-1] c.k.i.scheduling.HeartbeatJob            : Scheduler heartbeat tick.
2026-09-09T10:28:42.265Z  INFO 1477561 --- [kivvi-click] [eat-scheduler-1] c.k.i.tracking.EventDedupCleanupJob      : Event dedup cleanup removed 0 expired row(s).
2026-09-09T10:28:42.266Z  INFO 1477561 --- [kivvi-click] [-auto-12-exec-1] o.a.c.c.C.[Tomcat-11].[localhost].[/]    : Initializing Spring DispatcherServlet 'dispatcherServlet'
2026-09-09T10:28:42.266Z  INFO 1477561 --- [kivvi-click] [-auto-12-exec-1] o.s.web.servlet.DispatcherServlet        : Initializing Servlet 'dispatcherServlet'
2026-09-09T10:28:42.267Z  INFO 1477561 --- [kivvi-click] [-auto-12-exec-1] o.s.web.servlet.DispatcherServlet        : Completed initialization in 1 ms
2026-09-09T10:28:42.542Z  INFO 1477561 --- [kivvi-click] [           main] tc.postgres:18-alpine                    : Creating container for image: postgres:18-alpine
2026-09-09T10:28:42.559Z  INFO 1477561 --- [kivvi-click] [           main] tc.postgres:18-alpine                    : Container postgres:18-alpine is starting: 378c0052a9eae1dd9150542212090d695304438e50f2b94c4892747f2c925cdf
2026-09-09T10:28:43.960Z  INFO 1477561 --- [kivvi-click] [           main] tc.postgres:18-alpine                    : Container postgres:18-alpine started in PT1.417438859S
2026-09-09T10:28:43.960Z  INFO 1477561 --- [kivvi-click] [           main] tc.postgres:18-alpine                    : Container is started (JDBC URL: jdbc:postgresql://localhost:34896/test?loggerLevel=OFF)
2026-09-09T10:28:43.961Z  INFO 1477561 --- [kivvi-click] [           main] t.c.s.AnnotationConfigContextLoaderUtils : Could not detect default configuration classes for test class [click.kivvi.ShellApiIT]: ShellApiIT does not declare any static, non-private, non-final, nested classes annotated with @Configuration.
2026-09-09T10:28:43.963Z  INFO 1477561 --- [kivvi-click] [           main] .b.t.c.SpringBootTestContextBootstrapper : Found @SpringBootConfiguration click.kivvi.KivviApplication for test class click.kivvi.ShellApiIT
2026-09-09T10:28:43.964Z  INFO 1477561 --- [kivvi-click] [           main] t.c.s.AnnotationConfigContextLoaderUtils : Could not detect default configuration classes for test class [click.kivvi.ShellApiIT]: ShellApiIT does not declare any static, non-private, non-final, nested classes annotated with @Configuration.
2026-09-09T10:28:43.966Z  INFO 1477561 --- [kivvi-click] [           main] .b.t.c.SpringBootTestContextBootstrapper : Found @SpringBootConfiguration click.kivvi.KivviApplication for test class click.kivvi.ShellApiIT

  .   ____          _            __ _ _
 /\\ / ___'_ __ _ _(_)_ __  __ _ \ \ \ \
( ( )\___ | '_ | '_| | '_ \/ _` | \ \ \ \
 \\/  ___)| |_)| | | | | || (_| |  ) ) ) )
  '  |____| .__|_| |_|_| |_\__, | / / / /
 =========|_|==============|___/=/_/_/_/

 :: Spring Boot ::                (v4.1.1)

2026-09-09T10:28:43.976Z  INFO 1477561 --- [kivvi-click] [           main] click.kivvi.ShellApiIT                   : Starting ShellApiIT using Java 25.0.4.1 with PID 1477561 (started by muszkin in /home/muszkin/work/kivvi-click-wt/verify-final-integration/backend)
2026-09-09T10:28:43.976Z  INFO 1477561 --- [kivvi-click] [           main] click.kivvi.ShellApiIT                   : No active profile set, falling back to 1 default profile: "default"
2026-09-09T10:28:44.072Z  INFO 1477561 --- [kivvi-click] [           main] o.s.boot.tomcat.TomcatWebServer          : Tomcat initialized with port 0 (http)
2026-09-09T10:28:44.072Z  INFO 1477561 --- [kivvi-click] [           main] o.apache.catalina.core.StandardService   : Starting service [Tomcat]
2026-09-09T10:28:44.073Z  INFO 1477561 --- [kivvi-click] [           main] o.apache.catalina.core.StandardEngine    : Starting Servlet engine: [Apache Tomcat/11.0.24]
2026-09-09T10:28:44.077Z  INFO 1477561 --- [kivvi-click] [           main] b.w.c.s.WebApplicationContextInitializer : Root WebApplicationContext: initialization completed in 101 ms
2026-09-09T10:28:44.139Z  INFO 1477561 --- [kivvi-click] [           main] org.flywaydb.core.FlywayExecutor         : Database: jdbc:postgresql://localhost:34896/test?loggerLevel=OFF (PostgreSQL 18.6)
2026-09-09T10:28:44.150Z  INFO 1477561 --- [kivvi-click] [           main] o.f.c.i.s.JdbcTableSchemaHistory         : Schema history table "public"."flyway_schema_history" does not exist yet
2026-09-09T10:28:44.150Z  INFO 1477561 --- [kivvi-click] [           main] o.f.core.internal.command.DbValidate     : Successfully validated 1 migration (execution time 00:00.002s)
2026-09-09T10:28:44.157Z  INFO 1477561 --- [kivvi-click] [           main] o.f.c.i.s.JdbcTableSchemaHistory         : Creating Schema History table "public"."flyway_schema_history" ...
2026-09-09T10:28:44.179Z  INFO 1477561 --- [kivvi-click] [           main] o.f.core.internal.command.DbMigrate      : Current version of schema "public": << Empty Schema >>
2026-09-09T10:28:44.180Z  INFO 1477561 --- [kivvi-click] [           main] o.f.core.internal.command.DbMigrate      : Migrating schema "public" to version "1 - baseline"
2026-09-09T10:28:44.197Z  INFO 1477561 --- [kivvi-click] [           main] o.f.core.internal.command.DbMigrate      : Successfully applied 1 migration to schema "public", now at version v1 (execution time 00:00.014s)
2026-09-09T10:28:44.219Z  INFO 1477561 --- [kivvi-click] [           main] o.s.b.w.a.WelcomePageHandlerMapping      : Adding welcome page: class path resource [static/index.html]
2026-09-09T10:28:44.254Z  INFO 1477561 --- [kivvi-click] [           main] com.zaxxer.hikari.HikariDataSource       : HikariPool-14 - Starting...
2026-09-09T10:28:44.261Z  INFO 1477561 --- [kivvi-click] [           main] com.zaxxer.hikari.pool.HikariPool        : HikariPool-14 - Added connection org.postgresql.jdbc.PgConnection@2114e9c4
2026-09-09T10:28:44.261Z  INFO 1477561 --- [kivvi-click] [           main] com.zaxxer.hikari.HikariDataSource       : HikariPool-14 - Start completed.
2026-09-09T10:28:44.264Z  INFO 1477561 --- [kivvi-click] [           main] o.s.b.a.e.web.EndpointLinksResolver      : Exposing 1 endpoint beneath base path '/actuator'
2026-09-09T10:28:44.271Z  INFO 1477561 --- [kivvi-click] [           main] o.s.boot.tomcat.TomcatWebServer          : Tomcat started on port 38385 (http) with context path '/'
2026-09-09T10:28:44.275Z  INFO 1477561 --- [kivvi-click] [           main] click.kivvi.ShellApiIT                   : Started ShellApiIT in 0.307 seconds (process running for 33.759)
2026-09-09T10:28:44.277Z  INFO 1477561 --- [kivvi-click] [eat-scheduler-1] c.k.i.scheduling.HeartbeatJob            : Scheduler heartbeat tick.
2026-09-09T10:28:44.279Z  INFO 1477561 --- [kivvi-click] [eat-scheduler-1] c.k.i.tracking.EventDedupCleanupJob      : Event dedup cleanup removed 0 expired row(s).
2026-09-09T10:28:44.280Z  INFO 1477561 --- [kivvi-click] [-auto-13-exec-1] o.a.c.c.C.[Tomcat-12].[localhost].[/]    : Initializing Spring DispatcherServlet 'dispatcherServlet'
2026-09-09T10:28:44.280Z  INFO 1477561 --- [kivvi-click] [-auto-13-exec-1] o.s.web.servlet.DispatcherServlet        : Initializing Servlet 'dispatcherServlet'
2026-09-09T10:28:44.281Z  INFO 1477561 --- [kivvi-click] [-auto-13-exec-1] o.s.web.servlet.DispatcherServlet        : Completed initialization in 1 ms
2026-09-09T10:28:44.520Z  INFO 1477561 --- [kivvi-click] [           main] tc.postgres:18-alpine                    : Creating container for image: postgres:18-alpine
2026-09-09T10:28:44.536Z  INFO 1477561 --- [kivvi-click] [           main] tc.postgres:18-alpine                    : Container postgres:18-alpine is starting: 829eded560ab058d6ceb0f548ebadc46359011986be41845b05688dc03ad9c08
2026-09-09T10:28:45.880Z  INFO 1477561 --- [kivvi-click] [           main] tc.postgres:18-alpine                    : Container postgres:18-alpine started in PT1.359290121S
2026-09-09T10:28:45.880Z  INFO 1477561 --- [kivvi-click] [           main] tc.postgres:18-alpine                    : Container is started (JDBC URL: jdbc:postgresql://localhost:34897/test?loggerLevel=OFF)
2026-09-09T10:28:45.880Z  INFO 1477561 --- [kivvi-click] [           main] t.c.s.AnnotationConfigContextLoaderUtils : Could not detect default configuration classes for test class [click.kivvi.AutomationsApiIT]: AutomationsApiIT does not declare any static, non-private, non-final, nested classes annotated with @Configuration.
2026-09-09T10:28:45.883Z  INFO 1477561 --- [kivvi-click] [           main] .b.t.c.SpringBootTestContextBootstrapper : Found @SpringBootConfiguration click.kivvi.KivviApplication for test class click.kivvi.AutomationsApiIT
2026-09-09T10:28:45.883Z  INFO 1477561 --- [kivvi-click] [           main] t.c.s.AnnotationConfigContextLoaderUtils : Could not detect default configuration classes for test class [click.kivvi.AutomationsApiIT]: AutomationsApiIT does not declare any static, non-private, non-final, nested classes annotated with @Configuration.
2026-09-09T10:28:45.885Z  INFO 1477561 --- [kivvi-click] [           main] .b.t.c.SpringBootTestContextBootstrapper : Found @SpringBootConfiguration click.kivvi.KivviApplication for test class click.kivvi.AutomationsApiIT

  .   ____          _            __ _ _
 /\\ / ___'_ __ _ _(_)_ __  __ _ \ \ \ \
( ( )\___ | '_ | '_| | '_ \/ _` | \ \ \ \
 \\/  ___)| |_)| | | | | || (_| |  ) ) ) )
  '  |____| .__|_| |_|_| |_\__, | / / / /
 =========|_|==============|___/=/_/_/_/

 :: Spring Boot ::                (v4.1.1)

2026-09-09T10:28:45.895Z  INFO 1477561 --- [kivvi-click] [           main] click.kivvi.AutomationsApiIT             : Starting AutomationsApiIT using Java 25.0.4.1 with PID 1477561 (started by muszkin in /home/muszkin/work/kivvi-click-wt/verify-final-integration/backend)
2026-09-09T10:28:45.895Z  INFO 1477561 --- [kivvi-click] [           main] click.kivvi.AutomationsApiIT             : No active profile set, falling back to 1 default profile: "default"
2026-09-09T10:28:45.989Z  INFO 1477561 --- [kivvi-click] [           main] o.s.boot.tomcat.TomcatWebServer          : Tomcat initialized with port 0 (http)
2026-09-09T10:28:45.990Z  INFO 1477561 --- [kivvi-click] [           main] o.apache.catalina.core.StandardService   : Starting service [Tomcat]
2026-09-09T10:28:45.990Z  INFO 1477561 --- [kivvi-click] [           main] o.apache.catalina.core.StandardEngine    : Starting Servlet engine: [Apache Tomcat/11.0.24]
2026-09-09T10:28:45.995Z  INFO 1477561 --- [kivvi-click] [           main] b.w.c.s.WebApplicationContextInitializer : Root WebApplicationContext: initialization completed in 100 ms
2026-09-09T10:28:46.051Z  INFO 1477561 --- [kivvi-click] [           main] org.flywaydb.core.FlywayExecutor         : Database: jdbc:postgresql://localhost:34897/test?loggerLevel=OFF (PostgreSQL 18.6)
2026-09-09T10:28:46.061Z  INFO 1477561 --- [kivvi-click] [           main] o.f.c.i.s.JdbcTableSchemaHistory         : Schema history table "public"."flyway_schema_history" does not exist yet
2026-09-09T10:28:46.061Z  INFO 1477561 --- [kivvi-click] [           main] o.f.core.internal.command.DbValidate     : Successfully validated 1 migration (execution time 00:00.002s)
2026-09-09T10:28:46.067Z  INFO 1477561 --- [kivvi-click] [           main] o.f.c.i.s.JdbcTableSchemaHistory         : Creating Schema History table "public"."flyway_schema_history" ...
2026-09-09T10:28:46.085Z  INFO 1477561 --- [kivvi-click] [           main] o.f.core.internal.command.DbMigrate      : Current version of schema "public": << Empty Schema >>
2026-09-09T10:28:46.087Z  INFO 1477561 --- [kivvi-click] [           main] o.f.core.internal.command.DbMigrate      : Migrating schema "public" to version "1 - baseline"
2026-09-09T10:28:46.103Z  INFO 1477561 --- [kivvi-click] [           main] o.f.core.internal.command.DbMigrate      : Successfully applied 1 migration to schema "public", now at version v1 (execution time 00:00.013s)
2026-09-09T10:28:46.123Z  INFO 1477561 --- [kivvi-click] [           main] o.s.b.w.a.WelcomePageHandlerMapping      : Adding welcome page: class path resource [static/index.html]
2026-09-09T10:28:46.155Z  INFO 1477561 --- [kivvi-click] [           main] com.zaxxer.hikari.HikariDataSource       : HikariPool-15 - Starting...
2026-09-09T10:28:46.161Z  INFO 1477561 --- [kivvi-click] [           main] com.zaxxer.hikari.pool.HikariPool        : HikariPool-15 - Added connection org.postgresql.jdbc.PgConnection@59920243
2026-09-09T10:28:46.161Z  INFO 1477561 --- [kivvi-click] [           main] com.zaxxer.hikari.HikariDataSource       : HikariPool-15 - Start completed.
2026-09-09T10:28:46.164Z  INFO 1477561 --- [kivvi-click] [           main] o.s.b.a.e.web.EndpointLinksResolver      : Exposing 1 endpoint beneath base path '/actuator'
2026-09-09T10:28:46.171Z  INFO 1477561 --- [kivvi-click] [           main] o.s.boot.tomcat.TomcatWebServer          : Tomcat started on port 44623 (http) with context path '/'
2026-09-09T10:28:46.176Z  INFO 1477561 --- [kivvi-click] [           main] click.kivvi.AutomationsApiIT             : Started AutomationsApiIT in 0.289 seconds (process running for 35.66)
2026-09-09T10:28:46.177Z  INFO 1477561 --- [kivvi-click] [eat-scheduler-1] c.k.i.scheduling.HeartbeatJob            : Scheduler heartbeat tick.
2026-09-09T10:28:46.180Z  INFO 1477561 --- [kivvi-click] [eat-scheduler-1] c.k.i.tracking.EventDedupCleanupJob      : Event dedup cleanup removed 0 expired row(s).
2026-09-09T10:28:46.180Z  INFO 1477561 --- [kivvi-click] [-auto-14-exec-1] o.a.c.c.C.[Tomcat-13].[localhost].[/]    : Initializing Spring DispatcherServlet 'dispatcherServlet'
2026-09-09T10:28:46.180Z  INFO 1477561 --- [kivvi-click] [-auto-14-exec-1] o.s.web.servlet.DispatcherServlet        : Initializing Servlet 'dispatcherServlet'
2026-09-09T10:28:46.181Z  INFO 1477561 --- [kivvi-click] [-auto-14-exec-1] o.s.web.servlet.DispatcherServlet        : Completed initialization in 1 ms
2026-09-09T10:28:46.418Z  INFO 1477561 --- [kivvi-click] [           main] tc.postgres:18-alpine                    : Creating container for image: postgres:18-alpine
2026-09-09T10:28:46.433Z  INFO 1477561 --- [kivvi-click] [           main] tc.postgres:18-alpine                    : Container postgres:18-alpine is starting: 5d9ce5d4206f5b7ac7b1374d00e262401248b95a8d113cf6315163009e4d6cf0
2026-09-09T10:28:47.811Z  INFO 1477561 --- [kivvi-click] [           main] tc.postgres:18-alpine                    : Container postgres:18-alpine started in PT1.392920778S
2026-09-09T10:28:47.811Z  INFO 1477561 --- [kivvi-click] [           main] tc.postgres:18-alpine                    : Container is started (JDBC URL: jdbc:postgresql://localhost:34898/test?loggerLevel=OFF)
2026-09-09T10:28:47.812Z  INFO 1477561 --- [kivvi-click] [           main] t.c.s.AnnotationConfigContextLoaderUtils : Could not detect default configuration classes for test class [click.kivvi.EventsApiIT]: EventsApiIT does not declare any static, non-private, non-final, nested classes annotated with @Configuration.
2026-09-09T10:28:47.814Z  INFO 1477561 --- [kivvi-click] [           main] .b.t.c.SpringBootTestContextBootstrapper : Found @SpringBootConfiguration click.kivvi.KivviApplication for test class click.kivvi.EventsApiIT
2026-09-09T10:28:47.815Z  INFO 1477561 --- [kivvi-click] [           main] t.c.s.AnnotationConfigContextLoaderUtils : Could not detect default configuration classes for test class [click.kivvi.EventsApiIT]: EventsApiIT does not declare any static, non-private, non-final, nested classes annotated with @Configuration.
2026-09-09T10:28:47.817Z  INFO 1477561 --- [kivvi-click] [           main] .b.t.c.SpringBootTestContextBootstrapper : Found @SpringBootConfiguration click.kivvi.KivviApplication for test class click.kivvi.EventsApiIT

  .   ____          _            __ _ _
 /\\ / ___'_ __ _ _(_)_ __  __ _ \ \ \ \
( ( )\___ | '_ | '_| | '_ \/ _` | \ \ \ \
 \\/  ___)| |_)| | | | | || (_| |  ) ) ) )
  '  |____| .__|_| |_|_| |_\__, | / / / /
 =========|_|==============|___/=/_/_/_/

 :: Spring Boot ::                (v4.1.1)

2026-09-09T10:28:47.826Z  INFO 1477561 --- [kivvi-click] [           main] click.kivvi.EventsApiIT                  : Starting EventsApiIT using Java 25.0.4.1 with PID 1477561 (started by muszkin in /home/muszkin/work/kivvi-click-wt/verify-final-integration/backend)
2026-09-09T10:28:47.826Z  INFO 1477561 --- [kivvi-click] [           main] click.kivvi.EventsApiIT                  : No active profile set, falling back to 1 default profile: "default"
2026-09-09T10:28:47.928Z  INFO 1477561 --- [kivvi-click] [           main] o.s.boot.tomcat.TomcatWebServer          : Tomcat initialized with port 0 (http)
2026-09-09T10:28:47.929Z  INFO 1477561 --- [kivvi-click] [           main] o.apache.catalina.core.StandardService   : Starting service [Tomcat]
2026-09-09T10:28:47.929Z  INFO 1477561 --- [kivvi-click] [           main] o.apache.catalina.core.StandardEngine    : Starting Servlet engine: [Apache Tomcat/11.0.24]
2026-09-09T10:28:47.934Z  INFO 1477561 --- [kivvi-click] [           main] b.w.c.s.WebApplicationContextInitializer : Root WebApplicationContext: initialization completed in 107 ms
2026-09-09T10:28:47.987Z  INFO 1477561 --- [kivvi-click] [           main] org.flywaydb.core.FlywayExecutor         : Database: jdbc:postgresql://localhost:34898/test?loggerLevel=OFF (PostgreSQL 18.6)
2026-09-09T10:28:47.997Z  INFO 1477561 --- [kivvi-click] [           main] o.f.c.i.s.JdbcTableSchemaHistory         : Schema history table "public"."flyway_schema_history" does not exist yet
2026-09-09T10:28:47.997Z  INFO 1477561 --- [kivvi-click] [           main] o.f.core.internal.command.DbValidate     : Successfully validated 1 migration (execution time 00:00.002s)
2026-09-09T10:28:48.003Z  INFO 1477561 --- [kivvi-click] [           main] o.f.c.i.s.JdbcTableSchemaHistory         : Creating Schema History table "public"."flyway_schema_history" ...
2026-09-09T10:28:48.022Z  INFO 1477561 --- [kivvi-click] [           main] o.f.core.internal.command.DbMigrate      : Current version of schema "public": << Empty Schema >>
2026-09-09T10:28:48.024Z  INFO 1477561 --- [kivvi-click] [           main] o.f.core.internal.command.DbMigrate      : Migrating schema "public" to version "1 - baseline"
2026-09-09T10:28:48.042Z  INFO 1477561 --- [kivvi-click] [           main] o.f.core.internal.command.DbMigrate      : Successfully applied 1 migration to schema "public", now at version v1 (execution time 00:00.014s)
2026-09-09T10:28:48.063Z  INFO 1477561 --- [kivvi-click] [           main] o.s.b.w.a.WelcomePageHandlerMapping      : Adding welcome page: class path resource [static/index.html]
2026-09-09T10:28:48.100Z  INFO 1477561 --- [kivvi-click] [           main] com.zaxxer.hikari.HikariDataSource       : HikariPool-16 - Starting...
2026-09-09T10:28:48.106Z  INFO 1477561 --- [kivvi-click] [           main] com.zaxxer.hikari.pool.HikariPool        : HikariPool-16 - Added connection org.postgresql.jdbc.PgConnection@53acdc6e
2026-09-09T10:28:48.107Z  INFO 1477561 --- [kivvi-click] [           main] com.zaxxer.hikari.HikariDataSource       : HikariPool-16 - Start completed.
2026-09-09T10:28:48.110Z  INFO 1477561 --- [kivvi-click] [           main] o.s.b.a.e.web.EndpointLinksResolver      : Exposing 1 endpoint beneath base path '/actuator'
2026-09-09T10:28:48.116Z  INFO 1477561 --- [kivvi-click] [           main] o.s.boot.tomcat.TomcatWebServer          : Tomcat started on port 40517 (http) with context path '/'
2026-09-09T10:28:48.121Z  INFO 1477561 --- [kivvi-click] [           main] click.kivvi.EventsApiIT                  : Started EventsApiIT in 0.302 seconds (process running for 37.605)
2026-09-09T10:28:48.123Z  INFO 1477561 --- [kivvi-click] [eat-scheduler-1] c.k.i.scheduling.HeartbeatJob            : Scheduler heartbeat tick.
2026-09-09T10:28:48.125Z  INFO 1477561 --- [kivvi-click] [-auto-15-exec-1] o.a.c.c.C.[Tomcat-14].[localhost].[/]    : Initializing Spring DispatcherServlet 'dispatcherServlet'
2026-09-09T10:28:48.126Z  INFO 1477561 --- [kivvi-click] [-auto-15-exec-1] o.s.web.servlet.DispatcherServlet        : Initializing Servlet 'dispatcherServlet'
2026-09-09T10:28:48.126Z  INFO 1477561 --- [kivvi-click] [eat-scheduler-1] c.k.i.tracking.EventDedupCleanupJob      : Event dedup cleanup removed 0 expired row(s).
2026-09-09T10:28:48.126Z  INFO 1477561 --- [kivvi-click] [-auto-15-exec-1] o.s.web.servlet.DispatcherServlet        : Completed initialization in 0 ms
2026-09-09T10:28:48.331Z  INFO 1477561 --- [kivvi-click] [           main] tc.postgres:18-alpine                    : Creating container for image: postgres:18-alpine
2026-09-09T10:28:48.347Z  INFO 1477561 --- [kivvi-click] [           main] tc.postgres:18-alpine                    : Container postgres:18-alpine is starting: 0f78c9273b1f0f3f568940ac0c00ed2edd0281e325b11c252a30d9e15ac695cf
2026-09-09T10:28:49.735Z  INFO 1477561 --- [kivvi-click] [           main] tc.postgres:18-alpine                    : Container postgres:18-alpine started in PT1.403989883S
2026-09-09T10:28:49.735Z  INFO 1477561 --- [kivvi-click] [           main] tc.postgres:18-alpine                    : Container is started (JDBC URL: jdbc:postgresql://localhost:34899/test?loggerLevel=OFF)
2026-09-09T10:28:49.736Z  INFO 1477561 --- [kivvi-click] [           main] t.c.s.AnnotationConfigContextLoaderUtils : Could not detect default configuration classes for test class [click.kivvi.SessionRequestSerializationIT]: SessionRequestSerializationIT does not declare any static, non-private, non-final, nested classes annotated with @Configuration.
2026-09-09T10:28:49.739Z  INFO 1477561 --- [kivvi-click] [           main] .b.t.c.SpringBootTestContextBootstrapper : Found @SpringBootConfiguration click.kivvi.KivviApplication for test class click.kivvi.SessionRequestSerializationIT
2026-09-09T10:28:49.739Z  INFO 1477561 --- [kivvi-click] [           main] t.c.s.AnnotationConfigContextLoaderUtils : Could not detect default configuration classes for test class [click.kivvi.SessionRequestSerializationIT]: SessionRequestSerializationIT does not declare any static, non-private, non-final, nested classes annotated with @Configuration.
2026-09-09T10:28:49.741Z  INFO 1477561 --- [kivvi-click] [           main] .b.t.c.SpringBootTestContextBootstrapper : Found @SpringBootConfiguration click.kivvi.KivviApplication for test class click.kivvi.SessionRequestSerializationIT

  .   ____          _            __ _ _
 /\\ / ___'_ __ _ _(_)_ __  __ _ \ \ \ \
( ( )\___ | '_ | '_| | '_ \/ _` | \ \ \ \
 \\/  ___)| |_)| | | | | || (_| |  ) ) ) )
  '  |____| .__|_| |_|_| |_\__, | / / / /
 =========|_|==============|___/=/_/_/_/

 :: Spring Boot ::                (v4.1.1)

2026-09-09T10:28:49.749Z  INFO 1477561 --- [kivvi-click] [           main] c.kivvi.SessionRequestSerializationIT    : Starting SessionRequestSerializationIT using Java 25.0.4.1 with PID 1477561 (started by muszkin in /home/muszkin/work/kivvi-click-wt/verify-final-integration/backend)
2026-09-09T10:28:49.749Z  INFO 1477561 --- [kivvi-click] [           main] c.kivvi.SessionRequestSerializationIT    : No active profile set, falling back to 1 default profile: "default"
2026-09-09T10:28:49.849Z  INFO 1477561 --- [kivvi-click] [           main] o.s.boot.tomcat.TomcatWebServer          : Tomcat initialized with port 0 (http)
2026-09-09T10:28:49.849Z  INFO 1477561 --- [kivvi-click] [           main] o.apache.catalina.core.StandardService   : Starting service [Tomcat]
2026-09-09T10:28:49.849Z  INFO 1477561 --- [kivvi-click] [           main] o.apache.catalina.core.StandardEngine    : Starting Servlet engine: [Apache Tomcat/11.0.24]
2026-09-09T10:28:49.854Z  INFO 1477561 --- [kivvi-click] [           main] b.w.c.s.WebApplicationContextInitializer : Root WebApplicationContext: initialization completed in 104 ms
2026-09-09T10:28:49.914Z  INFO 1477561 --- [kivvi-click] [           main] org.flywaydb.core.FlywayExecutor         : Database: jdbc:postgresql://localhost:34899/test?loggerLevel=OFF (PostgreSQL 18.6)
2026-09-09T10:28:49.923Z  INFO 1477561 --- [kivvi-click] [           main] o.f.c.i.s.JdbcTableSchemaHistory         : Schema history table "public"."flyway_schema_history" does not exist yet
2026-09-09T10:28:49.924Z  INFO 1477561 --- [kivvi-click] [           main] o.f.core.internal.command.DbValidate     : Successfully validated 1 migration (execution time 00:00.001s)
2026-09-09T10:28:49.929Z  INFO 1477561 --- [kivvi-click] [           main] o.f.c.i.s.JdbcTableSchemaHistory         : Creating Schema History table "public"."flyway_schema_history" ...
2026-09-09T10:28:49.946Z  INFO 1477561 --- [kivvi-click] [           main] o.f.core.internal.command.DbMigrate      : Current version of schema "public": << Empty Schema >>
2026-09-09T10:28:49.948Z  INFO 1477561 --- [kivvi-click] [           main] o.f.core.internal.command.DbMigrate      : Migrating schema "public" to version "1 - baseline"
2026-09-09T10:28:49.963Z  INFO 1477561 --- [kivvi-click] [           main] o.f.core.internal.command.DbMigrate      : Successfully applied 1 migration to schema "public", now at version v1 (execution time 00:00.013s)
2026-09-09T10:28:49.982Z  INFO 1477561 --- [kivvi-click] [           main] o.s.b.w.a.WelcomePageHandlerMapping      : Adding welcome page: class path resource [static/index.html]
2026-09-09T10:28:50.014Z  INFO 1477561 --- [kivvi-click] [           main] com.zaxxer.hikari.HikariDataSource       : HikariPool-17 - Starting...
2026-09-09T10:28:50.020Z  INFO 1477561 --- [kivvi-click] [           main] com.zaxxer.hikari.pool.HikariPool        : HikariPool-17 - Added connection org.postgresql.jdbc.PgConnection@7cc3f3fa
2026-09-09T10:28:50.020Z  INFO 1477561 --- [kivvi-click] [           main] com.zaxxer.hikari.HikariDataSource       : HikariPool-17 - Start completed.
2026-09-09T10:28:50.024Z  INFO 1477561 --- [kivvi-click] [           main] o.s.b.a.e.web.EndpointLinksResolver      : Exposing 1 endpoint beneath base path '/actuator'
2026-09-09T10:28:50.029Z  INFO 1477561 --- [kivvi-click] [           main] o.s.boot.tomcat.TomcatWebServer          : Tomcat started on port 38027 (http) with context path '/'
2026-09-09T10:28:50.034Z  INFO 1477561 --- [kivvi-click] [           main] c.kivvi.SessionRequestSerializationIT    : Started SessionRequestSerializationIT in 0.292 seconds (process running for 39.518)
2026-09-09T10:28:50.036Z  INFO 1477561 --- [kivvi-click] [eat-scheduler-1] c.k.i.scheduling.HeartbeatJob            : Scheduler heartbeat tick.
2026-09-09T10:28:50.038Z  INFO 1477561 --- [kivvi-click] [eat-scheduler-1] c.k.i.tracking.EventDedupCleanupJob      : Event dedup cleanup removed 0 expired row(s).
2026-09-09T10:28:50.039Z  INFO 1477561 --- [kivvi-click] [-auto-16-exec-1] o.a.c.c.C.[Tomcat-15].[localhost].[/]    : Initializing Spring DispatcherServlet 'dispatcherServlet'
2026-09-09T10:28:50.039Z  INFO 1477561 --- [kivvi-click] [-auto-16-exec-1] o.s.web.servlet.DispatcherServlet        : Initializing Servlet 'dispatcherServlet'
2026-09-09T10:28:50.040Z  INFO 1477561 --- [kivvi-click] [-auto-16-exec-1] o.s.web.servlet.DispatcherServlet        : Completed initialization in 1 ms
2026-09-09T10:28:50.660Z  INFO 1477561 --- [kivvi-click] [ionShutdownHook] o.s.boot.tomcat.GracefulShutdown         : Commencing graceful shutdown. Waiting for active requests to complete
2026-09-09T10:28:50.663Z  INFO 1477561 --- [kivvi-click] [tomcat-shutdown] o.s.boot.tomcat.GracefulShutdown         : Graceful shutdown complete
2026-09-09T10:28:50.666Z  INFO 1477561 --- [kivvi-click] [ionShutdownHook] com.zaxxer.hikari.HikariDataSource       : HikariPool-1 - Shutdown initiated...
2026-09-09T10:28:50.667Z  INFO 1477561 --- [kivvi-click] [ionShutdownHook] com.zaxxer.hikari.HikariDataSource       : HikariPool-1 - Shutdown completed.
2026-09-09T10:28:50.672Z  INFO 1477561 --- [kivvi-click] [ionShutdownHook] o.s.boot.tomcat.GracefulShutdown         : Commencing graceful shutdown. Waiting for active requests to complete
2026-09-09T10:28:50.675Z  INFO 1477561 --- [kivvi-click] [tomcat-shutdown] o.s.boot.tomcat.GracefulShutdown         : Graceful shutdown complete
2026-09-09T10:28:50.677Z  INFO 1477561 --- [kivvi-click] [ionShutdownHook] com.zaxxer.hikari.HikariDataSource       : HikariPool-2 - Shutdown initiated...
2026-09-09T10:28:55.134Z  INFO 1477561 --- [kivvi-click] [ionShutdownHook] com.zaxxer.hikari.HikariDataSource       : HikariPool-2 - Shutdown completed.
2026-09-09T10:28:55.137Z  INFO 1477561 --- [kivvi-click] [ionShutdownHook] o.s.boot.tomcat.GracefulShutdown         : Commencing graceful shutdown. Waiting for active requests to complete
2026-09-09T10:28:55.139Z  INFO 1477561 --- [kivvi-click] [tomcat-shutdown] o.s.boot.tomcat.GracefulShutdown         : Graceful shutdown complete
2026-09-09T10:28:55.141Z  INFO 1477561 --- [kivvi-click] [ionShutdownHook] com.zaxxer.hikari.HikariDataSource       : HikariPool-3 - Shutdown initiated...
2026-09-09T10:28:57.294Z  INFO 1477561 --- [kivvi-click] [ionShutdownHook] com.zaxxer.hikari.HikariDataSource       : HikariPool-3 - Shutdown completed.
2026-09-09T10:28:57.296Z  INFO 1477561 --- [kivvi-click] [ionShutdownHook] com.zaxxer.hikari.HikariDataSource       : HikariPool-4 - Shutdown initiated...
2026-09-09T10:28:59.507Z  INFO 1477561 --- [kivvi-click] [ionShutdownHook] com.zaxxer.hikari.HikariDataSource       : HikariPool-4 - Shutdown completed.
2026-09-09T10:28:59.508Z  INFO 1477561 --- [kivvi-click] [ionShutdownHook] o.s.boot.tomcat.GracefulShutdown         : Commencing graceful shutdown. Waiting for active requests to complete
2026-09-09T10:28:59.510Z  INFO 1477561 --- [kivvi-click] [tomcat-shutdown] o.s.boot.tomcat.GracefulShutdown         : Graceful shutdown complete
2026-09-09T10:28:59.511Z  INFO 1477561 --- [kivvi-click] [ionShutdownHook] com.zaxxer.hikari.HikariDataSource       : HikariPool-5 - Shutdown initiated...
2026-09-09T10:29:00.001Z  WARN 1477561 --- [kivvi-click] [pring-session-1] com.zaxxer.hikari.pool.PoolBase          : HikariPool-13 - Failed to validate connection org.postgresql.jdbc.PgConnection@41046355 (This connection has been closed.). Possibly consider using a shorter maxLifetime value.
2026-09-09T10:29:00.001Z  WARN 1477561 --- [kivvi-click] [pring-session-1] com.zaxxer.hikari.pool.PoolBase          : HikariPool-10 - Failed to validate connection org.postgresql.jdbc.PgConnection@41a3a2fd (This connection has been closed.). Possibly consider using a shorter maxLifetime value.
2026-09-09T10:29:00.001Z  WARN 1477561 --- [kivvi-click] [pring-session-1] com.zaxxer.hikari.pool.PoolBase          : HikariPool-9 - Failed to validate connection org.postgresql.jdbc.PgConnection@2b152527 (This connection has been closed.). Possibly consider using a shorter maxLifetime value.
2026-09-09T10:29:00.001Z  WARN 1477561 --- [kivvi-click] [pring-session-1] com.zaxxer.hikari.pool.PoolBase          : HikariPool-7 - Failed to validate connection org.postgresql.jdbc.PgConnection@2c283221 (This connection has been closed.). Possibly consider using a shorter maxLifetime value.
2026-09-09T10:29:00.001Z  WARN 1477561 --- [kivvi-click] [pring-session-1] com.zaxxer.hikari.pool.PoolBase          : HikariPool-11 - Failed to validate connection org.postgresql.jdbc.PgConnection@7d29d8fc (This connection has been closed.). Possibly consider using a shorter maxLifetime value.
2026-09-09T10:29:00.001Z  WARN 1477561 --- [kivvi-click] [pring-session-1] com.zaxxer.hikari.pool.PoolBase          : HikariPool-16 - Failed to validate connection org.postgresql.jdbc.PgConnection@53acdc6e (This connection has been closed.). Possibly consider using a shorter maxLifetime value.
2026-09-09T10:29:00.001Z  WARN 1477561 --- [kivvi-click] [pring-session-1] com.zaxxer.hikari.pool.PoolBase          : HikariPool-12 - Failed to validate connection org.postgresql.jdbc.PgConnection@504bfa9a (This connection has been closed.). Possibly consider using a shorter maxLifetime value.
2026-09-09T10:29:00.001Z  WARN 1477561 --- [kivvi-click] [pring-session-1] com.zaxxer.hikari.pool.PoolBase          : HikariPool-6 - Failed to validate connection org.postgresql.jdbc.PgConnection@4eb1407f (This connection has been closed.). Possibly consider using a shorter maxLifetime value.
2026-09-09T10:29:00.001Z  WARN 1477561 --- [kivvi-click] [pring-session-1] com.zaxxer.hikari.pool.PoolBase          : HikariPool-15 - Failed to validate connection org.postgresql.jdbc.PgConnection@59920243 (This connection has been closed.). Possibly consider using a shorter maxLifetime value.
2026-09-09T10:29:00.001Z  WARN 1477561 --- [kivvi-click] [pring-session-1] com.zaxxer.hikari.pool.PoolBase          : HikariPool-14 - Failed to validate connection org.postgresql.jdbc.PgConnection@2114e9c4 (This connection has been closed.). Possibly consider using a shorter maxLifetime value.
2026-09-09T10:29:00.001Z  WARN 1477561 --- [kivvi-click] [pring-session-1] com.zaxxer.hikari.pool.PoolBase          : HikariPool-17 - Failed to validate connection org.postgresql.jdbc.PgConnection@7cc3f3fa (This connection has been closed.). Possibly consider using a shorter maxLifetime value.
2026-09-09T10:29:00.001Z  WARN 1477561 --- [kivvi-click] [pring-session-1] com.zaxxer.hikari.pool.PoolBase          : HikariPool-8 - Failed to validate connection org.postgresql.jdbc.PgConnection@5aede1ef (This connection has been closed.). Possibly consider using a shorter maxLifetime value.
2026-09-09T10:29:00.001Z  WARN 1477561 --- [kivvi-click] [pring-session-1] com.zaxxer.hikari.pool.PoolBase          : HikariPool-13 - Failed to validate connection org.postgresql.jdbc.PgConnection@5014982e (This connection has been closed.). Possibly consider using a shorter maxLifetime value.
2026-09-09T10:29:00.001Z  WARN 1477561 --- [kivvi-click] [pring-session-1] com.zaxxer.hikari.pool.PoolBase          : HikariPool-10 - Failed to validate connection org.postgresql.jdbc.PgConnection@6a83409b (This connection has been closed.). Possibly consider using a shorter maxLifetime value.
2026-09-09T10:29:00.002Z  WARN 1477561 --- [kivvi-click] [pring-session-1] com.zaxxer.hikari.pool.PoolBase          : HikariPool-17 - Failed to validate connection org.postgresql.jdbc.PgConnection@6ca0f13d (This connection has been closed.). Possibly consider using a shorter maxLifetime value.
2026-09-09T10:29:00.002Z  WARN 1477561 --- [kivvi-click] [pring-session-1] com.zaxxer.hikari.pool.PoolBase          : HikariPool-10 - Failed to validate connection org.postgresql.jdbc.PgConnection@2f81d3af (This connection has been closed.). Possibly consider using a shorter maxLifetime value.
2026-09-09T10:29:00.002Z  WARN 1477561 --- [kivvi-click] [pring-session-1] com.zaxxer.hikari.pool.PoolBase          : HikariPool-11 - Failed to validate connection org.postgresql.jdbc.PgConnection@177d2d40 (This connection has been closed.). Possibly consider using a shorter maxLifetime value.
2026-09-09T10:29:00.002Z  WARN 1477561 --- [kivvi-click] [pring-session-1] com.zaxxer.hikari.pool.PoolBase          : HikariPool-6 - Failed to validate connection org.postgresql.jdbc.PgConnection@79264b40 (This connection has been closed.). Possibly consider using a shorter maxLifetime value.
2026-09-09T10:29:00.002Z  WARN 1477561 --- [kivvi-click] [pring-session-1] com.zaxxer.hikari.pool.PoolBase          : HikariPool-17 - Failed to validate connection org.postgresql.jdbc.PgConnection@29a262cd (This connection has been closed.). Possibly consider using a shorter maxLifetime value.
2026-09-09T10:29:00.002Z  WARN 1477561 --- [kivvi-click] [pring-session-1] com.zaxxer.hikari.pool.PoolBase          : HikariPool-6 - Failed to validate connection org.postgresql.jdbc.PgConnection@3c24ca00 (This connection has been closed.). Possibly consider using a shorter maxLifetime value.
2026-09-09T10:29:00.002Z  WARN 1477561 --- [kivvi-click] [pring-session-1] com.zaxxer.hikari.pool.PoolBase          : HikariPool-17 - Failed to validate connection org.postgresql.jdbc.PgConnection@b8a0f46 (This connection has been closed.). Possibly consider using a shorter maxLifetime value.
2026-09-09T10:29:00.002Z  WARN 1477561 --- [kivvi-click] [pring-session-1] com.zaxxer.hikari.pool.PoolBase          : HikariPool-17 - Failed to validate connection org.postgresql.jdbc.PgConnection@18410e19 (This connection has been closed.). Possibly consider using a shorter maxLifetime value.
2026-09-09T10:29:00.002Z  WARN 1477561 --- [kivvi-click] [pring-session-1] com.zaxxer.hikari.pool.PoolBase          : HikariPool-17 - Failed to validate connection org.postgresql.jdbc.PgConnection@73833d35 (This connection has been closed.). Possibly consider using a shorter maxLifetime value.
2026-09-09T10:29:00.002Z  WARN 1477561 --- [kivvi-click] [pring-session-1] com.zaxxer.hikari.pool.PoolBase          : HikariPool-17 - Failed to validate connection org.postgresql.jdbc.PgConnection@498d9d82 (This connection has been closed.). Possibly consider using a shorter maxLifetime value.
2026-09-09T10:29:00.002Z  WARN 1477561 --- [kivvi-click] [pring-session-1] com.zaxxer.hikari.pool.PoolBase          : HikariPool-17 - Failed to validate connection org.postgresql.jdbc.PgConnection@12265bca (This connection has been closed.). Possibly consider using a shorter maxLifetime value.
2026-09-09T10:29:00.003Z  WARN 1477561 --- [kivvi-click] [pring-session-1] com.zaxxer.hikari.pool.PoolBase          : HikariPool-17 - Failed to validate connection org.postgresql.jdbc.PgConnection@207ae51 (This connection has been closed.). Possibly consider using a shorter maxLifetime value.
2026-09-09T10:29:00.003Z  WARN 1477561 --- [kivvi-click] [pring-session-1] com.zaxxer.hikari.pool.PoolBase          : HikariPool-17 - Failed to validate connection org.postgresql.jdbc.PgConnection@688751b1 (This connection has been closed.). Possibly consider using a shorter maxLifetime value.
2026-09-09T10:29:01.535Z  INFO 1477561 --- [kivvi-click] [ionShutdownHook] com.zaxxer.hikari.HikariDataSource       : HikariPool-5 - Shutdown completed.
2026-09-09T10:29:01.538Z  INFO 1477561 --- [kivvi-click] [ionShutdownHook] o.s.boot.tomcat.GracefulShutdown         : Commencing graceful shutdown. Waiting for active requests to complete
2026-09-09T10:29:01.540Z  INFO 1477561 --- [kivvi-click] [tomcat-shutdown] o.s.boot.tomcat.GracefulShutdown         : Graceful shutdown complete
2026-09-09T10:29:01.541Z  INFO 1477561 --- [kivvi-click] [ionShutdownHook] com.zaxxer.hikari.HikariDataSource       : HikariPool-6 - Shutdown initiated...
2026-09-09T10:29:01.541Z ERROR 1477561 --- [kivvi-click] [pring-session-1] o.s.s.s.TaskUtils$LoggingErrorHandler    : Unexpected error occurred in scheduled task

org.springframework.transaction.CannotCreateTransactionException: Could not open JDBC Connection for transaction
	at org.springframework.jdbc.datasource.DataSourceTransactionManager.doBegin(DataSourceTransactionManager.java:319) ~[spring-jdbc-7.0.9.jar:7.0.9]
	at org.springframework.transaction.support.AbstractPlatformTransactionManager.startTransaction(AbstractPlatformTransactionManager.java:532) ~[spring-tx-7.0.9.jar:7.0.9]
	at org.springframework.transaction.support.AbstractPlatformTransactionManager.getTransaction(AbstractPlatformTransactionManager.java:405) ~[spring-tx-7.0.9.jar:7.0.9]
	at org.springframework.transaction.support.TransactionTemplate.execute(TransactionTemplate.java:134) ~[spring-tx-7.0.9.jar:7.0.9]
	at org.springframework.session.jdbc.JdbcIndexedSessionRepository.cleanUpExpiredSessions(JdbcIndexedSessionRepository.java:649) ~[spring-session-jdbc-4.1.1.jar:4.1.1]
	at org.springframework.scheduling.support.DelegatingErrorHandlingRunnable.run(DelegatingErrorHandlingRunnable.java:54) ~[spring-context-7.0.9.jar:7.0.9]
	at org.springframework.scheduling.concurrent.ReschedulingRunnable.run(ReschedulingRunnable.java:94) ~[spring-context-7.0.9.jar:7.0.9]
	at java.base/java.util.concurrent.Executors$RunnableAdapter.call(Executors.java:545) ~[na:na]
	at java.base/java.util.concurrent.FutureTask.run(FutureTask.java:328) ~[na:na]
	at java.base/java.util.concurrent.ScheduledThreadPoolExecutor$ScheduledFutureTask.run(ScheduledThreadPoolExecutor.java:309) ~[na:na]
	at java.base/java.util.concurrent.ThreadPoolExecutor.runWorker(ThreadPoolExecutor.java:1090) ~[na:na]
	at java.base/java.util.concurrent.ThreadPoolExecutor$Worker.run(ThreadPoolExecutor.java:614) ~[na:na]
	at java.base/java.lang.Thread.run(Thread.java:1474) ~[na:na]
Caused by: java.sql.SQLException: HikariPool-6 - Interrupted during connection acquisition
	at com.zaxxer.hikari.pool.HikariPool.getConnection(HikariPool.java:188) ~[HikariCP-7.0.2.jar:na]
	at com.zaxxer.hikari.pool.HikariPool.getConnection(HikariPool.java:142) ~[HikariCP-7.0.2.jar:na]
	at com.zaxxer.hikari.HikariDataSource.getConnection(HikariDataSource.java:127) ~[HikariCP-7.0.2.jar:na]
	at org.springframework.jdbc.datasource.DataSourceTransactionManager.doBegin(DataSourceTransactionManager.java:270) ~[spring-jdbc-7.0.9.jar:7.0.9]
	... 12 common frames omitted
Caused by: java.lang.InterruptedException
	at java.base/java.util.concurrent.SynchronousQueue.poll(SynchronousQueue.java:340) ~[na:na]
	at com.zaxxer.hikari.util.ConcurrentBag.borrow(ConcurrentBag.java:163) ~[HikariCP-7.0.2.jar:na]
	at com.zaxxer.hikari.pool.HikariPool.getConnection(HikariPool.java:160) ~[HikariCP-7.0.2.jar:na]
	... 15 common frames omitted

2026-09-09T10:29:03.589Z  INFO 1477561 --- [kivvi-click] [ionShutdownHook] com.zaxxer.hikari.HikariDataSource       : HikariPool-6 - Shutdown completed.
2026-09-09T10:29:03.592Z  INFO 1477561 --- [kivvi-click] [ionShutdownHook] o.s.boot.tomcat.GracefulShutdown         : Commencing graceful shutdown. Waiting for active requests to complete
2026-09-09T10:29:03.594Z  INFO 1477561 --- [kivvi-click] [tomcat-shutdown] o.s.boot.tomcat.GracefulShutdown         : Graceful shutdown complete
2026-09-09T10:29:03.595Z  INFO 1477561 --- [kivvi-click] [ionShutdownHook] com.zaxxer.hikari.HikariDataSource       : HikariPool-7 - Shutdown initiated...
2026-09-09T10:29:03.595Z ERROR 1477561 --- [kivvi-click] [pring-session-1] o.s.s.s.TaskUtils$LoggingErrorHandler    : Unexpected error occurred in scheduled task

org.springframework.transaction.CannotCreateTransactionException: Could not open JDBC Connection for transaction
	at org.springframework.jdbc.datasource.DataSourceTransactionManager.doBegin(DataSourceTransactionManager.java:319) ~[spring-jdbc-7.0.9.jar:7.0.9]
	at org.springframework.transaction.support.AbstractPlatformTransactionManager.startTransaction(AbstractPlatformTransactionManager.java:532) ~[spring-tx-7.0.9.jar:7.0.9]
	at org.springframework.transaction.support.AbstractPlatformTransactionManager.getTransaction(AbstractPlatformTransactionManager.java:405) ~[spring-tx-7.0.9.jar:7.0.9]
	at org.springframework.transaction.support.TransactionTemplate.execute(TransactionTemplate.java:134) ~[spring-tx-7.0.9.jar:7.0.9]
	at org.springframework.session.jdbc.JdbcIndexedSessionRepository.cleanUpExpiredSessions(JdbcIndexedSessionRepository.java:649) ~[spring-session-jdbc-4.1.1.jar:4.1.1]
	at org.springframework.scheduling.support.DelegatingErrorHandlingRunnable.run(DelegatingErrorHandlingRunnable.java:54) ~[spring-context-7.0.9.jar:7.0.9]
	at org.springframework.scheduling.concurrent.ReschedulingRunnable.run(ReschedulingRunnable.java:94) ~[spring-context-7.0.9.jar:7.0.9]
	at java.base/java.util.concurrent.Executors$RunnableAdapter.call(Executors.java:545) ~[na:na]
	at java.base/java.util.concurrent.FutureTask.run(FutureTask.java:328) ~[na:na]
	at java.base/java.util.concurrent.ScheduledThreadPoolExecutor$ScheduledFutureTask.run(ScheduledThreadPoolExecutor.java:309) ~[na:na]
	at java.base/java.util.concurrent.ThreadPoolExecutor.runWorker(ThreadPoolExecutor.java:1090) ~[na:na]
	at java.base/java.util.concurrent.ThreadPoolExecutor$Worker.run(ThreadPoolExecutor.java:614) ~[na:na]
	at java.base/java.lang.Thread.run(Thread.java:1474) ~[na:na]
Caused by: java.sql.SQLException: HikariPool-7 - Interrupted during connection acquisition
	at com.zaxxer.hikari.pool.HikariPool.getConnection(HikariPool.java:188) ~[HikariCP-7.0.2.jar:na]
	at com.zaxxer.hikari.pool.HikariPool.getConnection(HikariPool.java:142) ~[HikariCP-7.0.2.jar:na]
	at com.zaxxer.hikari.HikariDataSource.getConnection(HikariDataSource.java:127) ~[HikariCP-7.0.2.jar:na]
	at org.springframework.jdbc.datasource.DataSourceTransactionManager.doBegin(DataSourceTransactionManager.java:270) ~[spring-jdbc-7.0.9.jar:7.0.9]
	... 12 common frames omitted
Caused by: java.lang.InterruptedException
	at java.base/java.util.concurrent.SynchronousQueue.poll(SynchronousQueue.java:340) ~[na:na]
	at com.zaxxer.hikari.util.ConcurrentBag.borrow(ConcurrentBag.java:163) ~[HikariCP-7.0.2.jar:na]
	at com.zaxxer.hikari.pool.HikariPool.getConnection(HikariPool.java:160) ~[HikariCP-7.0.2.jar:na]
	... 15 common frames omitted

2026-09-09T10:29:05.648Z  INFO 1477561 --- [kivvi-click] [ionShutdownHook] com.zaxxer.hikari.HikariDataSource       : HikariPool-7 - Shutdown completed.
2026-09-09T10:29:05.651Z  INFO 1477561 --- [kivvi-click] [ionShutdownHook] o.s.boot.tomcat.GracefulShutdown         : Commencing graceful shutdown. Waiting for active requests to complete
2026-09-09T10:29:05.653Z  INFO 1477561 --- [kivvi-click] [tomcat-shutdown] o.s.boot.tomcat.GracefulShutdown         : Graceful shutdown complete
2026-09-09T10:29:05.654Z  INFO 1477561 --- [kivvi-click] [ionShutdownHook] com.zaxxer.hikari.HikariDataSource       : HikariPool-8 - Shutdown initiated...
2026-09-09T10:29:05.654Z ERROR 1477561 --- [kivvi-click] [pring-session-1] o.s.s.s.TaskUtils$LoggingErrorHandler    : Unexpected error occurred in scheduled task

org.springframework.transaction.CannotCreateTransactionException: Could not open JDBC Connection for transaction
	at org.springframework.jdbc.datasource.DataSourceTransactionManager.doBegin(DataSourceTransactionManager.java:319) ~[spring-jdbc-7.0.9.jar:7.0.9]
	at org.springframework.transaction.support.AbstractPlatformTransactionManager.startTransaction(AbstractPlatformTransactionManager.java:532) ~[spring-tx-7.0.9.jar:7.0.9]
	at org.springframework.transaction.support.AbstractPlatformTransactionManager.getTransaction(AbstractPlatformTransactionManager.java:405) ~[spring-tx-7.0.9.jar:7.0.9]
	at org.springframework.transaction.support.TransactionTemplate.execute(TransactionTemplate.java:134) ~[spring-tx-7.0.9.jar:7.0.9]
	at org.springframework.session.jdbc.JdbcIndexedSessionRepository.cleanUpExpiredSessions(JdbcIndexedSessionRepository.java:649) ~[spring-session-jdbc-4.1.1.jar:4.1.1]
	at org.springframework.scheduling.support.DelegatingErrorHandlingRunnable.run(DelegatingErrorHandlingRunnable.java:54) ~[spring-context-7.0.9.jar:7.0.9]
	at org.springframework.scheduling.concurrent.ReschedulingRunnable.run(ReschedulingRunnable.java:94) ~[spring-context-7.0.9.jar:7.0.9]
	at java.base/java.util.concurrent.Executors$RunnableAdapter.call(Executors.java:545) ~[na:na]
	at java.base/java.util.concurrent.FutureTask.run(FutureTask.java:328) ~[na:na]
	at java.base/java.util.concurrent.ScheduledThreadPoolExecutor$ScheduledFutureTask.run(ScheduledThreadPoolExecutor.java:309) ~[na:na]
	at java.base/java.util.concurrent.ThreadPoolExecutor.runWorker(ThreadPoolExecutor.java:1090) ~[na:na]
	at java.base/java.util.concurrent.ThreadPoolExecutor$Worker.run(ThreadPoolExecutor.java:614) ~[na:na]
	at java.base/java.lang.Thread.run(Thread.java:1474) ~[na:na]
Caused by: java.sql.SQLException: HikariPool-8 - Interrupted during connection acquisition
	at com.zaxxer.hikari.pool.HikariPool.getConnection(HikariPool.java:188) ~[HikariCP-7.0.2.jar:na]
	at com.zaxxer.hikari.pool.HikariPool.getConnection(HikariPool.java:142) ~[HikariCP-7.0.2.jar:na]
	at com.zaxxer.hikari.HikariDataSource.getConnection(HikariDataSource.java:127) ~[HikariCP-7.0.2.jar:na]
	at org.springframework.jdbc.datasource.DataSourceTransactionManager.doBegin(DataSourceTransactionManager.java:270) ~[spring-jdbc-7.0.9.jar:7.0.9]
	... 12 common frames omitted
Caused by: java.lang.InterruptedException
	at java.base/java.util.concurrent.SynchronousQueue.poll(SynchronousQueue.java:340) ~[na:na]
	at com.zaxxer.hikari.util.ConcurrentBag.borrow(ConcurrentBag.java:163) ~[HikariCP-7.0.2.jar:na]
	at com.zaxxer.hikari.pool.HikariPool.getConnection(HikariPool.java:160) ~[HikariCP-7.0.2.jar:na]
	... 15 common frames omitted

2026-09-09T10:29:07.595Z  INFO 1477561 --- [kivvi-click] [ionShutdownHook] com.zaxxer.hikari.HikariDataSource       : HikariPool-8 - Shutdown completed.
2026-09-09T10:29:07.597Z  INFO 1477561 --- [kivvi-click] [ionShutdownHook] o.s.boot.tomcat.GracefulShutdown         : Commencing graceful shutdown. Waiting for active requests to complete
2026-09-09T10:29:07.599Z  INFO 1477561 --- [kivvi-click] [tomcat-shutdown] o.s.boot.tomcat.GracefulShutdown         : Graceful shutdown complete
2026-09-09T10:29:07.600Z  INFO 1477561 --- [kivvi-click] [ionShutdownHook] com.zaxxer.hikari.HikariDataSource       : HikariPool-9 - Shutdown initiated...
2026-09-09T10:29:07.600Z ERROR 1477561 --- [kivvi-click] [pring-session-1] o.s.s.s.TaskUtils$LoggingErrorHandler    : Unexpected error occurred in scheduled task

org.springframework.transaction.CannotCreateTransactionException: Could not open JDBC Connection for transaction
	at org.springframework.jdbc.datasource.DataSourceTransactionManager.doBegin(DataSourceTransactionManager.java:319) ~[spring-jdbc-7.0.9.jar:7.0.9]
	at org.springframework.transaction.support.AbstractPlatformTransactionManager.startTransaction(AbstractPlatformTransactionManager.java:532) ~[spring-tx-7.0.9.jar:7.0.9]
	at org.springframework.transaction.support.AbstractPlatformTransactionManager.getTransaction(AbstractPlatformTransactionManager.java:405) ~[spring-tx-7.0.9.jar:7.0.9]
	at org.springframework.transaction.support.TransactionTemplate.execute(TransactionTemplate.java:134) ~[spring-tx-7.0.9.jar:7.0.9]
	at org.springframework.session.jdbc.JdbcIndexedSessionRepository.cleanUpExpiredSessions(JdbcIndexedSessionRepository.java:649) ~[spring-session-jdbc-4.1.1.jar:4.1.1]
	at org.springframework.scheduling.support.DelegatingErrorHandlingRunnable.run(DelegatingErrorHandlingRunnable.java:54) ~[spring-context-7.0.9.jar:7.0.9]
	at org.springframework.scheduling.concurrent.ReschedulingRunnable.run(ReschedulingRunnable.java:94) ~[spring-context-7.0.9.jar:7.0.9]
	at java.base/java.util.concurrent.Executors$RunnableAdapter.call(Executors.java:545) ~[na:na]
	at java.base/java.util.concurrent.FutureTask.run(FutureTask.java:328) ~[na:na]
	at java.base/java.util.concurrent.ScheduledThreadPoolExecutor$ScheduledFutureTask.run(ScheduledThreadPoolExecutor.java:309) ~[na:na]
	at java.base/java.util.concurrent.ThreadPoolExecutor.runWorker(ThreadPoolExecutor.java:1090) ~[na:na]
	at java.base/java.util.concurrent.ThreadPoolExecutor$Worker.run(ThreadPoolExecutor.java:614) ~[na:na]
	at java.base/java.lang.Thread.run(Thread.java:1474) ~[na:na]
Caused by: java.sql.SQLException: HikariPool-9 - Interrupted during connection acquisition
	at com.zaxxer.hikari.pool.HikariPool.getConnection(HikariPool.java:188) ~[HikariCP-7.0.2.jar:na]
	at com.zaxxer.hikari.pool.HikariPool.getConnection(HikariPool.java:142) ~[HikariCP-7.0.2.jar:na]
	at com.zaxxer.hikari.HikariDataSource.getConnection(HikariDataSource.java:127) ~[HikariCP-7.0.2.jar:na]
	at org.springframework.jdbc.datasource.DataSourceTransactionManager.doBegin(DataSourceTransactionManager.java:270) ~[spring-jdbc-7.0.9.jar:7.0.9]
	... 12 common frames omitted
Caused by: java.lang.InterruptedException
	at java.base/java.util.concurrent.SynchronousQueue.poll(SynchronousQueue.java:340) ~[na:na]
	at com.zaxxer.hikari.util.ConcurrentBag.borrow(ConcurrentBag.java:163) ~[HikariCP-7.0.2.jar:na]
	at com.zaxxer.hikari.pool.HikariPool.getConnection(HikariPool.java:160) ~[HikariCP-7.0.2.jar:na]
	... 15 common frames omitted

2026-09-09T10:29:09.558Z  INFO 1477561 --- [kivvi-click] [ionShutdownHook] com.zaxxer.hikari.HikariDataSource       : HikariPool-9 - Shutdown completed.
2026-09-09T10:29:09.560Z  INFO 1477561 --- [kivvi-click] [ionShutdownHook] o.s.boot.tomcat.GracefulShutdown         : Commencing graceful shutdown. Waiting for active requests to complete
2026-09-09T10:29:09.562Z  INFO 1477561 --- [kivvi-click] [tomcat-shutdown] o.s.boot.tomcat.GracefulShutdown         : Graceful shutdown complete
2026-09-09T10:29:09.563Z  INFO 1477561 --- [kivvi-click] [ionShutdownHook] com.zaxxer.hikari.HikariDataSource       : HikariPool-10 - Shutdown initiated...
2026-09-09T10:29:09.563Z ERROR 1477561 --- [kivvi-click] [pring-session-1] o.s.s.s.TaskUtils$LoggingErrorHandler    : Unexpected error occurred in scheduled task

org.springframework.transaction.CannotCreateTransactionException: Could not open JDBC Connection for transaction
	at org.springframework.jdbc.datasource.DataSourceTransactionManager.doBegin(DataSourceTransactionManager.java:319) ~[spring-jdbc-7.0.9.jar:7.0.9]
	at org.springframework.transaction.support.AbstractPlatformTransactionManager.startTransaction(AbstractPlatformTransactionManager.java:532) ~[spring-tx-7.0.9.jar:7.0.9]
	at org.springframework.transaction.support.AbstractPlatformTransactionManager.getTransaction(AbstractPlatformTransactionManager.java:405) ~[spring-tx-7.0.9.jar:7.0.9]
	at org.springframework.transaction.support.TransactionTemplate.execute(TransactionTemplate.java:134) ~[spring-tx-7.0.9.jar:7.0.9]
	at org.springframework.session.jdbc.JdbcIndexedSessionRepository.cleanUpExpiredSessions(JdbcIndexedSessionRepository.java:649) ~[spring-session-jdbc-4.1.1.jar:4.1.1]
	at org.springframework.scheduling.support.DelegatingErrorHandlingRunnable.run(DelegatingErrorHandlingRunnable.java:54) ~[spring-context-7.0.9.jar:7.0.9]
	at org.springframework.scheduling.concurrent.ReschedulingRunnable.run(ReschedulingRunnable.java:94) ~[spring-context-7.0.9.jar:7.0.9]
	at java.base/java.util.concurrent.Executors$RunnableAdapter.call(Executors.java:545) ~[na:na]
	at java.base/java.util.concurrent.FutureTask.run(FutureTask.java:328) ~[na:na]
	at java.base/java.util.concurrent.ScheduledThreadPoolExecutor$ScheduledFutureTask.run(ScheduledThreadPoolExecutor.java:309) ~[na:na]
	at java.base/java.util.concurrent.ThreadPoolExecutor.runWorker(ThreadPoolExecutor.java:1090) ~[na:na]
	at java.base/java.util.concurrent.ThreadPoolExecutor$Worker.run(ThreadPoolExecutor.java:614) ~[na:na]
	at java.base/java.lang.Thread.run(Thread.java:1474) ~[na:na]
Caused by: java.sql.SQLException: HikariPool-10 - Interrupted during connection acquisition
	at com.zaxxer.hikari.pool.HikariPool.getConnection(HikariPool.java:188) ~[HikariCP-7.0.2.jar:na]
	at com.zaxxer.hikari.pool.HikariPool.getConnection(HikariPool.java:142) ~[HikariCP-7.0.2.jar:na]
	at com.zaxxer.hikari.HikariDataSource.getConnection(HikariDataSource.java:127) ~[HikariCP-7.0.2.jar:na]
	at org.springframework.jdbc.datasource.DataSourceTransactionManager.doBegin(DataSourceTransactionManager.java:270) ~[spring-jdbc-7.0.9.jar:7.0.9]
	... 12 common frames omitted
Caused by: java.lang.InterruptedException
	at java.base/java.util.concurrent.SynchronousQueue.poll(SynchronousQueue.java:340) ~[na:na]
	at com.zaxxer.hikari.util.ConcurrentBag.borrow(ConcurrentBag.java:163) ~[HikariCP-7.0.2.jar:na]
	at com.zaxxer.hikari.pool.HikariPool.getConnection(HikariPool.java:160) ~[HikariCP-7.0.2.jar:na]
	... 15 common frames omitted

2026-09-09T10:29:11.589Z  INFO 1477561 --- [kivvi-click] [ionShutdownHook] com.zaxxer.hikari.HikariDataSource       : HikariPool-10 - Shutdown completed.
2026-09-09T10:29:11.591Z  INFO 1477561 --- [kivvi-click] [ionShutdownHook] o.s.boot.tomcat.GracefulShutdown         : Commencing graceful shutdown. Waiting for active requests to complete
2026-09-09T10:29:11.593Z  INFO 1477561 --- [kivvi-click] [tomcat-shutdown] o.s.boot.tomcat.GracefulShutdown         : Graceful shutdown complete
2026-09-09T10:29:11.594Z  INFO 1477561 --- [kivvi-click] [ionShutdownHook] com.zaxxer.hikari.HikariDataSource       : HikariPool-11 - Shutdown initiated...
2026-09-09T10:29:11.594Z ERROR 1477561 --- [kivvi-click] [pring-session-1] o.s.s.s.TaskUtils$LoggingErrorHandler    : Unexpected error occurred in scheduled task

org.springframework.transaction.CannotCreateTransactionException: Could not open JDBC Connection for transaction
	at org.springframework.jdbc.datasource.DataSourceTransactionManager.doBegin(DataSourceTransactionManager.java:319) ~[spring-jdbc-7.0.9.jar:7.0.9]
	at org.springframework.transaction.support.AbstractPlatformTransactionManager.startTransaction(AbstractPlatformTransactionManager.java:532) ~[spring-tx-7.0.9.jar:7.0.9]
	at org.springframework.transaction.support.AbstractPlatformTransactionManager.getTransaction(AbstractPlatformTransactionManager.java:405) ~[spring-tx-7.0.9.jar:7.0.9]
	at org.springframework.transaction.support.TransactionTemplate.execute(TransactionTemplate.java:134) ~[spring-tx-7.0.9.jar:7.0.9]
	at org.springframework.session.jdbc.JdbcIndexedSessionRepository.cleanUpExpiredSessions(JdbcIndexedSessionRepository.java:649) ~[spring-session-jdbc-4.1.1.jar:4.1.1]
	at org.springframework.scheduling.support.DelegatingErrorHandlingRunnable.run(DelegatingErrorHandlingRunnable.java:54) ~[spring-context-7.0.9.jar:7.0.9]
	at org.springframework.scheduling.concurrent.ReschedulingRunnable.run(ReschedulingRunnable.java:94) ~[spring-context-7.0.9.jar:7.0.9]
	at java.base/java.util.concurrent.Executors$RunnableAdapter.call(Executors.java:545) ~[na:na]
	at java.base/java.util.concurrent.FutureTask.run(FutureTask.java:328) ~[na:na]
	at java.base/java.util.concurrent.ScheduledThreadPoolExecutor$ScheduledFutureTask.run(ScheduledThreadPoolExecutor.java:309) ~[na:na]
	at java.base/java.util.concurrent.ThreadPoolExecutor.runWorker(ThreadPoolExecutor.java:1090) ~[na:na]
	at java.base/java.util.concurrent.ThreadPoolExecutor$Worker.run(ThreadPoolExecutor.java:614) ~[na:na]
	at java.base/java.lang.Thread.run(Thread.java:1474) ~[na:na]
Caused by: java.sql.SQLException: HikariPool-11 - Interrupted during connection acquisition
	at com.zaxxer.hikari.pool.HikariPool.getConnection(HikariPool.java:188) ~[HikariCP-7.0.2.jar:na]
	at com.zaxxer.hikari.pool.HikariPool.getConnection(HikariPool.java:142) ~[HikariCP-7.0.2.jar:na]
	at com.zaxxer.hikari.HikariDataSource.getConnection(HikariDataSource.java:127) ~[HikariCP-7.0.2.jar:na]
	at org.springframework.jdbc.datasource.DataSourceTransactionManager.doBegin(DataSourceTransactionManager.java:270) ~[spring-jdbc-7.0.9.jar:7.0.9]
	... 12 common frames omitted
Caused by: java.lang.InterruptedException
	at java.base/java.util.concurrent.SynchronousQueue.poll(SynchronousQueue.java:340) ~[na:na]
	at com.zaxxer.hikari.util.ConcurrentBag.borrow(ConcurrentBag.java:163) ~[HikariCP-7.0.2.jar:na]
	at com.zaxxer.hikari.pool.HikariPool.getConnection(HikariPool.java:160) ~[HikariCP-7.0.2.jar:na]
	... 15 common frames omitted

2026-09-09T10:29:13.599Z  INFO 1477561 --- [kivvi-click] [ionShutdownHook] com.zaxxer.hikari.HikariDataSource       : HikariPool-11 - Shutdown completed.
2026-09-09T10:29:13.601Z  INFO 1477561 --- [kivvi-click] [ionShutdownHook] o.s.boot.tomcat.GracefulShutdown         : Commencing graceful shutdown. Waiting for active requests to complete
2026-09-09T10:29:13.604Z  INFO 1477561 --- [kivvi-click] [tomcat-shutdown] o.s.boot.tomcat.GracefulShutdown         : Graceful shutdown complete
2026-09-09T10:29:13.605Z  INFO 1477561 --- [kivvi-click] [ionShutdownHook] com.zaxxer.hikari.HikariDataSource       : HikariPool-12 - Shutdown initiated...
2026-09-09T10:29:13.604Z ERROR 1477561 --- [kivvi-click] [pring-session-1] o.s.s.s.TaskUtils$LoggingErrorHandler    : Unexpected error occurred in scheduled task

org.springframework.transaction.CannotCreateTransactionException: Could not open JDBC Connection for transaction
	at org.springframework.jdbc.datasource.DataSourceTransactionManager.doBegin(DataSourceTransactionManager.java:319) ~[spring-jdbc-7.0.9.jar:7.0.9]
	at org.springframework.transaction.support.AbstractPlatformTransactionManager.startTransaction(AbstractPlatformTransactionManager.java:532) ~[spring-tx-7.0.9.jar:7.0.9]
	at org.springframework.transaction.support.AbstractPlatformTransactionManager.getTransaction(AbstractPlatformTransactionManager.java:405) ~[spring-tx-7.0.9.jar:7.0.9]
	at org.springframework.transaction.support.TransactionTemplate.execute(TransactionTemplate.java:134) ~[spring-tx-7.0.9.jar:7.0.9]
	at org.springframework.session.jdbc.JdbcIndexedSessionRepository.cleanUpExpiredSessions(JdbcIndexedSessionRepository.java:649) ~[spring-session-jdbc-4.1.1.jar:4.1.1]
	at org.springframework.scheduling.support.DelegatingErrorHandlingRunnable.run(DelegatingErrorHandlingRunnable.java:54) ~[spring-context-7.0.9.jar:7.0.9]
	at org.springframework.scheduling.concurrent.ReschedulingRunnable.run(ReschedulingRunnable.java:94) ~[spring-context-7.0.9.jar:7.0.9]
	at java.base/java.util.concurrent.Executors$RunnableAdapter.call(Executors.java:545) ~[na:na]
	at java.base/java.util.concurrent.FutureTask.run(FutureTask.java:328) ~[na:na]
	at java.base/java.util.concurrent.ScheduledThreadPoolExecutor$ScheduledFutureTask.run(ScheduledThreadPoolExecutor.java:309) ~[na:na]
	at java.base/java.util.concurrent.ThreadPoolExecutor.runWorker(ThreadPoolExecutor.java:1090) ~[na:na]
	at java.base/java.util.concurrent.ThreadPoolExecutor$Worker.run(ThreadPoolExecutor.java:614) ~[na:na]
	at java.base/java.lang.Thread.run(Thread.java:1474) ~[na:na]
Caused by: java.sql.SQLException: HikariPool-12 - Interrupted during connection acquisition
	at com.zaxxer.hikari.pool.HikariPool.getConnection(HikariPool.java:188) ~[HikariCP-7.0.2.jar:na]
	at com.zaxxer.hikari.pool.HikariPool.getConnection(HikariPool.java:142) ~[HikariCP-7.0.2.jar:na]
	at com.zaxxer.hikari.HikariDataSource.getConnection(HikariDataSource.java:127) ~[HikariCP-7.0.2.jar:na]
	at org.springframework.jdbc.datasource.DataSourceTransactionManager.doBegin(DataSourceTransactionManager.java:270) ~[spring-jdbc-7.0.9.jar:7.0.9]
	... 12 common frames omitted
Caused by: java.lang.InterruptedException
	at java.base/java.util.concurrent.SynchronousQueue.poll(SynchronousQueue.java:340) ~[na:na]
	at com.zaxxer.hikari.util.ConcurrentBag.borrow(ConcurrentBag.java:163) ~[HikariCP-7.0.2.jar:na]
	at com.zaxxer.hikari.pool.HikariPool.getConnection(HikariPool.java:160) ~[HikariCP-7.0.2.jar:na]
	... 15 common frames omitted

2026-09-09T10:29:15.514Z  INFO 1477561 --- [kivvi-click] [ionShutdownHook] com.zaxxer.hikari.HikariDataSource       : HikariPool-12 - Shutdown completed.
2026-09-09T10:29:15.517Z  INFO 1477561 --- [kivvi-click] [ionShutdownHook] o.s.boot.tomcat.GracefulShutdown         : Commencing graceful shutdown. Waiting for active requests to complete
2026-09-09T10:29:15.519Z  INFO 1477561 --- [kivvi-click] [tomcat-shutdown] o.s.boot.tomcat.GracefulShutdown         : Graceful shutdown complete
2026-09-09T10:29:15.520Z  INFO 1477561 --- [kivvi-click] [ionShutdownHook] com.zaxxer.hikari.HikariDataSource       : HikariPool-13 - Shutdown initiated...
2026-09-09T10:29:15.520Z ERROR 1477561 --- [kivvi-click] [pring-session-1] o.s.s.s.TaskUtils$LoggingErrorHandler    : Unexpected error occurred in scheduled task

org.springframework.transaction.CannotCreateTransactionException: Could not open JDBC Connection for transaction
	at org.springframework.jdbc.datasource.DataSourceTransactionManager.doBegin(DataSourceTransactionManager.java:319) ~[spring-jdbc-7.0.9.jar:7.0.9]
	at org.springframework.transaction.support.AbstractPlatformTransactionManager.startTransaction(AbstractPlatformTransactionManager.java:532) ~[spring-tx-7.0.9.jar:7.0.9]
	at org.springframework.transaction.support.AbstractPlatformTransactionManager.getTransaction(AbstractPlatformTransactionManager.java:405) ~[spring-tx-7.0.9.jar:7.0.9]
	at org.springframework.transaction.support.TransactionTemplate.execute(TransactionTemplate.java:134) ~[spring-tx-7.0.9.jar:7.0.9]
	at org.springframework.session.jdbc.JdbcIndexedSessionRepository.cleanUpExpiredSessions(JdbcIndexedSessionRepository.java:649) ~[spring-session-jdbc-4.1.1.jar:4.1.1]
	at org.springframework.scheduling.support.DelegatingErrorHandlingRunnable.run(DelegatingErrorHandlingRunnable.java:54) ~[spring-context-7.0.9.jar:7.0.9]
	at org.springframework.scheduling.concurrent.ReschedulingRunnable.run(ReschedulingRunnable.java:94) ~[spring-context-7.0.9.jar:7.0.9]
	at java.base/java.util.concurrent.Executors$RunnableAdapter.call(Executors.java:545) ~[na:na]
	at java.base/java.util.concurrent.FutureTask.run(FutureTask.java:328) ~[na:na]
	at java.base/java.util.concurrent.ScheduledThreadPoolExecutor$ScheduledFutureTask.run(ScheduledThreadPoolExecutor.java:309) ~[na:na]
	at java.base/java.util.concurrent.ThreadPoolExecutor.runWorker(ThreadPoolExecutor.java:1090) ~[na:na]
	at java.base/java.util.concurrent.ThreadPoolExecutor$Worker.run(ThreadPoolExecutor.java:614) ~[na:na]
	at java.base/java.lang.Thread.run(Thread.java:1474) ~[na:na]
Caused by: java.sql.SQLException: HikariPool-13 - Interrupted during connection acquisition
	at com.zaxxer.hikari.pool.HikariPool.getConnection(HikariPool.java:188) ~[HikariCP-7.0.2.jar:na]
	at com.zaxxer.hikari.pool.HikariPool.getConnection(HikariPool.java:142) ~[HikariCP-7.0.2.jar:na]
	at com.zaxxer.hikari.HikariDataSource.getConnection(HikariDataSource.java:127) ~[HikariCP-7.0.2.jar:na]
	at org.springframework.jdbc.datasource.DataSourceTransactionManager.doBegin(DataSourceTransactionManager.java:270) ~[spring-jdbc-7.0.9.jar:7.0.9]
	... 12 common frames omitted
Caused by: java.lang.InterruptedException
	at java.base/java.util.concurrent.SynchronousQueue.poll(SynchronousQueue.java:340) ~[na:na]
	at com.zaxxer.hikari.util.ConcurrentBag.borrow(ConcurrentBag.java:163) ~[HikariCP-7.0.2.jar:na]
	at com.zaxxer.hikari.pool.HikariPool.getConnection(HikariPool.java:160) ~[HikariCP-7.0.2.jar:na]
	... 15 common frames omitted

2026-09-09T10:29:17.503Z  INFO 1477561 --- [kivvi-click] [ionShutdownHook] com.zaxxer.hikari.HikariDataSource       : HikariPool-13 - Shutdown completed.
2026-09-09T10:29:17.505Z  INFO 1477561 --- [kivvi-click] [ionShutdownHook] o.s.boot.tomcat.GracefulShutdown         : Commencing graceful shutdown. Waiting for active requests to complete
2026-09-09T10:29:17.507Z  INFO 1477561 --- [kivvi-click] [tomcat-shutdown] o.s.boot.tomcat.GracefulShutdown         : Graceful shutdown complete
2026-09-09T10:29:17.508Z  INFO 1477561 --- [kivvi-click] [ionShutdownHook] com.zaxxer.hikari.HikariDataSource       : HikariPool-14 - Shutdown initiated...
2026-09-09T10:29:17.508Z ERROR 1477561 --- [kivvi-click] [pring-session-1] o.s.s.s.TaskUtils$LoggingErrorHandler    : Unexpected error occurred in scheduled task

org.springframework.transaction.CannotCreateTransactionException: Could not open JDBC Connection for transaction
	at org.springframework.jdbc.datasource.DataSourceTransactionManager.doBegin(DataSourceTransactionManager.java:319) ~[spring-jdbc-7.0.9.jar:7.0.9]
	at org.springframework.transaction.support.AbstractPlatformTransactionManager.startTransaction(AbstractPlatformTransactionManager.java:532) ~[spring-tx-7.0.9.jar:7.0.9]
	at org.springframework.transaction.support.AbstractPlatformTransactionManager.getTransaction(AbstractPlatformTransactionManager.java:405) ~[spring-tx-7.0.9.jar:7.0.9]
	at org.springframework.transaction.support.TransactionTemplate.execute(TransactionTemplate.java:134) ~[spring-tx-7.0.9.jar:7.0.9]
	at org.springframework.session.jdbc.JdbcIndexedSessionRepository.cleanUpExpiredSessions(JdbcIndexedSessionRepository.java:649) ~[spring-session-jdbc-4.1.1.jar:4.1.1]
	at org.springframework.scheduling.support.DelegatingErrorHandlingRunnable.run(DelegatingErrorHandlingRunnable.java:54) ~[spring-context-7.0.9.jar:7.0.9]
	at org.springframework.scheduling.concurrent.ReschedulingRunnable.run(ReschedulingRunnable.java:94) ~[spring-context-7.0.9.jar:7.0.9]
	at java.base/java.util.concurrent.Executors$RunnableAdapter.call(Executors.java:545) ~[na:na]
	at java.base/java.util.concurrent.FutureTask.run(FutureTask.java:328) ~[na:na]
	at java.base/java.util.concurrent.ScheduledThreadPoolExecutor$ScheduledFutureTask.run(ScheduledThreadPoolExecutor.java:309) ~[na:na]
	at java.base/java.util.concurrent.ThreadPoolExecutor.runWorker(ThreadPoolExecutor.java:1090) ~[na:na]
	at java.base/java.util.concurrent.ThreadPoolExecutor$Worker.run(ThreadPoolExecutor.java:614) ~[na:na]
	at java.base/java.lang.Thread.run(Thread.java:1474) ~[na:na]
Caused by: java.sql.SQLException: HikariPool-14 - Interrupted during connection acquisition
	at com.zaxxer.hikari.pool.HikariPool.getConnection(HikariPool.java:188) ~[HikariCP-7.0.2.jar:na]
	at com.zaxxer.hikari.pool.HikariPool.getConnection(HikariPool.java:142) ~[HikariCP-7.0.2.jar:na]
	at com.zaxxer.hikari.HikariDataSource.getConnection(HikariDataSource.java:127) ~[HikariCP-7.0.2.jar:na]
	at org.springframework.jdbc.datasource.DataSourceTransactionManager.doBegin(DataSourceTransactionManager.java:270) ~[spring-jdbc-7.0.9.jar:7.0.9]
	... 12 common frames omitted
Caused by: java.lang.InterruptedException
	at java.base/java.util.concurrent.SynchronousQueue.poll(SynchronousQueue.java:340) ~[na:na]
	at com.zaxxer.hikari.util.ConcurrentBag.borrow(ConcurrentBag.java:163) ~[HikariCP-7.0.2.jar:na]
	at com.zaxxer.hikari.pool.HikariPool.getConnection(HikariPool.java:160) ~[HikariCP-7.0.2.jar:na]
	... 15 common frames omitted

2026-09-09T10:29:19.479Z  INFO 1477561 --- [kivvi-click] [ionShutdownHook] com.zaxxer.hikari.HikariDataSource       : HikariPool-14 - Shutdown completed.
2026-09-09T10:29:19.483Z  INFO 1477561 --- [kivvi-click] [ionShutdownHook] o.s.boot.tomcat.GracefulShutdown         : Commencing graceful shutdown. Waiting for active requests to complete
2026-09-09T10:29:19.485Z  INFO 1477561 --- [kivvi-click] [tomcat-shutdown] o.s.boot.tomcat.GracefulShutdown         : Graceful shutdown complete
2026-09-09T10:29:19.485Z ERROR 1477561 --- [kivvi-click] [pring-session-1] o.s.s.s.TaskUtils$LoggingErrorHandler    : Unexpected error occurred in scheduled task

org.springframework.transaction.CannotCreateTransactionException: Could not open JDBC Connection for transaction
	at org.springframework.jdbc.datasource.DataSourceTransactionManager.doBegin(DataSourceTransactionManager.java:319) ~[spring-jdbc-7.0.9.jar:7.0.9]
	at org.springframework.transaction.support.AbstractPlatformTransactionManager.startTransaction(AbstractPlatformTransactionManager.java:532) ~[spring-tx-7.0.9.jar:7.0.9]
	at org.springframework.transaction.support.AbstractPlatformTransactionManager.getTransaction(AbstractPlatformTransactionManager.java:405) ~[spring-tx-7.0.9.jar:7.0.9]
	at org.springframework.transaction.support.TransactionTemplate.execute(TransactionTemplate.java:134) ~[spring-tx-7.0.9.jar:7.0.9]
	at org.springframework.session.jdbc.JdbcIndexedSessionRepository.cleanUpExpiredSessions(JdbcIndexedSessionRepository.java:649) ~[spring-session-jdbc-4.1.1.jar:4.1.1]
	at org.springframework.scheduling.support.DelegatingErrorHandlingRunnable.run(DelegatingErrorHandlingRunnable.java:54) ~[spring-context-7.0.9.jar:7.0.9]
	at org.springframework.scheduling.concurrent.ReschedulingRunnable.run(ReschedulingRunnable.java:94) ~[spring-context-7.0.9.jar:7.0.9]
	at java.base/java.util.concurrent.Executors$RunnableAdapter.call(Executors.java:545) ~[na:na]
	at java.base/java.util.concurrent.FutureTask.run(FutureTask.java:328) ~[na:na]
	at java.base/java.util.concurrent.ScheduledThreadPoolExecutor$ScheduledFutureTask.run(ScheduledThreadPoolExecutor.java:309) ~[na:na]
	at java.base/java.util.concurrent.ThreadPoolExecutor.runWorker(ThreadPoolExecutor.java:1090) ~[na:na]
	at java.base/java.util.concurrent.ThreadPoolExecutor$Worker.run(ThreadPoolExecutor.java:614) ~[na:na]
	at java.base/java.lang.Thread.run(Thread.java:1474) ~[na:na]
Caused by: java.sql.SQLException: HikariPool-15 - Interrupted during connection acquisition
	at com.zaxxer.hikari.pool.HikariPool.getConnection(HikariPool.java:188) ~[HikariCP-7.0.2.jar:na]
	at com.zaxxer.hikari.pool.HikariPool.getConnection(HikariPool.java:142) ~[HikariCP-7.0.2.jar:na]
	at com.zaxxer.hikari.HikariDataSource.getConnection(HikariDataSource.java:127) ~[HikariCP-7.0.2.jar:na]
	at org.springframework.jdbc.datasource.DataSourceTransactionManager.doBegin(DataSourceTransactionManager.java:270) ~[spring-jdbc-7.0.9.jar:7.0.9]
	... 12 common frames omitted
Caused by: java.lang.InterruptedException
	at java.base/java.util.concurrent.SynchronousQueue.poll(SynchronousQueue.java:340) ~[na:na]
	at com.zaxxer.hikari.util.ConcurrentBag.borrow(ConcurrentBag.java:163) ~[HikariCP-7.0.2.jar:na]
	at com.zaxxer.hikari.pool.HikariPool.getConnection(HikariPool.java:160) ~[HikariCP-7.0.2.jar:na]
	... 15 common frames omitted

2026-09-09T10:29:19.486Z  INFO 1477561 --- [kivvi-click] [ionShutdownHook] com.zaxxer.hikari.HikariDataSource       : HikariPool-15 - Shutdown initiated...
[ERROR] Surefire is going to kill self fork JVM. The exit has elapsed 30 seconds after System.exit(0).
